:01002000E9F6
:05002800220D20FCC9BF
:070030001A22130D20FAC98A
:08004000F5E521A5C0C3800015
:20008000C5D52AB6280BE53A6E67E7E12318F3E804D1C1E1F041E60220FAF1D921A3C034B5
:2000A000200223343E01E091C380FFF041E60220FA3EC0C384FFAF01131A21A0C0CDFB1028
:2000C0003EC0E09267AF6F0EA0C32800F3E0FFAFFBE00FC9F092B7C8E0463E283D20FDC9AE
:0100F000C946
:02010000185590
:20010400CEED6666CC0D000B03730083000C000D0008111F8889000EDCCC6EE6DDDDD999DF
:16012400BBBB67636E0EECCCDDDC999FBBB9333E5469746C650079
:20014400000000000000000001000000FAA1C047FAA0C0F357583100DFD5CD2111CDB60095
:20016400D17AEAA0C0FE112007AFCB3B17EAA1C0AFE042E043E041E04A3E07E04B11D40005
:200184002180FF0E0CF7CD80FF119C00CDED013EE4E047E0483E1BE0493EC0E0403E01E0C6
:2001A400FFAFE00F21A3C02277E0263CE090CD763BFBCD0E02760018FCF040E680C8AFE002
:2001C400917600F091B728F9C921A5C02A4F2A47B1C87BB920F67AB820F2444D0B0B2A02A8
:1701E40003572A0203B220F6C921A5C02AB628032318F97A3273C93D
:0C3B760001150021613B11B3DACD0411F0
:013BA300C958
:2010FB005F78B1C8730B545D1378B1C8CB38CB1930032A1213040C18062A12132A12130D10
:1E111B0020F70520F4C9F040E680C8F044FE9230FAF044FE9138FAF040E67FE040C9FE
:160200006572726F72001E0821157BC3393B1E0821457EC3393B6F
:20113900F090E093F8067EE090EA0020C1CD3639F093E090EA00206069E9F090E093F80610
:201159007EE090EA0020C1CD3E39F093E090EA00206069E9F090E093F8087EE090EA0020DF
:20117900C1CD4D3BF093E090EA00206069E9F090E093F8087EE090EA0020C1CD1D39F0933F
:20119900E090EA00206069E9F090E093F8027EE090EA002060692A12132A12137E12F093AB
:2011B900E090EA0020E133E94FF090E09379E090EA0020626B2A4F46F093E090EA0020C918
:2011D900F090E093F8047EE090EA0020F8022A666FE5CDE20FF093E090F093EA0020E1E82A
:2011F90003E93B3BF090E093F8067EE090EA0020F8047EF80077F8057EF80177E1E5E5CD3F
:20121900570FF093E090F093EA00203333E1E803E9E8F8F8057323722B2B323600F80736DC
:2012390000F80A7EF807962854F8052A4F3A2B477EF533210100395D54CDA111F8004EF873
:201259000B2A5F561A912019F8012A4F46F80B2A666F232A669120097C902005F8037E18BE
:201279001FF807347EF80377F8052A5F5621030019E57DF80777E17CF8067718A4F80A7E14
:06129900E808E1E803E9AA
:1002160003F37F09E05003FF7F092A51EE003A9568
:20129F00E8FDF80232737EEAB3DAF8054E21B4DA71FAB3DA2106D6963009FAB4DA2107D672
:2012BF00963810F8027EE60F28053E0FC36C13AFC36C13F0905F79F80696E680F80077FA5C
:2012DF0003D6E090EA0020FA06D66F2600791600D54D445FCD190ED1792104D686234F7834
:2012FF008E47F8016E2600094D440A57F802A6280A7BE090210020737A1852FAB4DAF80697
:20131F00962842F8007EB7280F21B4DA34792106D6864F301204180F21B4DA35FA06D6579E
:20133F0079924F78DE0047FAB4DA2107D69638BA7BE09021002073F8027EE60F28043E0F04
:20135F00180BAF18087BE09021002073AFE803E1C1E93B3BF801774BF8047EEAB3DA21B4C1
:20137F00DA71FAB3DA2106D6963009FAB4DA2107D6963810F8017EE60F28053E0FC32B1464
:20139F00AFC32B14F0905FF8042A96E680F80077FA03D6E090EA0020FA06D66F26007916C6
:2013BF0000D54D445FCD190ED1792104D686234F788E47F8046E2600094D440A57F801A6A1
:2013DF00280A7BE090210020737A1840FAB3DAF805962830F8007EB7280721B3DA34031880
:2013FF000521B3DA350BFAB3DA2106D69638CC7BE09021002073F8017EE60F28043E0F1821
:11141F000BAF18087BE09021002073AF3333E1C1E9A3
:023B6100000062
:04005000FBC33014AA
:20143000F5E5C5D5CD4634CD8736D1C1E1F041E60220FAF1D93BF090F80077F8072A4F46FF
:20145000595013131AE0901AEA002069602A666FE5CD0B0FE169602A666F7EE607160087BA
:1D147000CB1287CB1287CB1287CB125F197D02037C02F8007EE0907EEA002033C974
:200226007A4104029B41040100000000004004024740040133240406D64104059416040411
:20024600474204029C4004030E41040100000000AD420406B017040644440408C546040263
:200266007346040291470401BF47040428480404BC180400C543040217440402E2480400E1
:200286005448040472450408962404005C4904060000000000000000000000000000000084
:2002A6000000000000000000EE4804021A490406B8490400C7490400DA4904021C4A0404DF
:2002C6009F4A0404D7480401224B04023A4704028A2404033D660B092E660B011051010299
:2002E600C85B0102445D01031C5C01028F5D0104155E0102FC5F0105C060010288610105D8
:200306004C620108915E010200000000FD5E0104B9620103F96201035E650104EA2B08016A
:20032600F85F080278600802A92C08019260080211610803606208048E610806AE62080436
:200346000000000000000000DA630801D664080209640805556108056A640806327F050539
:200366006A79050181790501D1790502FB790503A9790504DA6508092F7A05015F7A0504B5
:20038600877A0502C47A0506A07B05084F7C0505207D0501347D0507E779050112550B03CE
:2003A60058550B007A550B01E8550B0100000000B8550B04EE550B05DF550B0209630B0034
:2003C6008E630B009C630B00A7630B00B5720901C77209050000000000000000D56B090437
:2003E600F56D09029F7A0501B07A0501FD5C0102396301024E4B0406884B0406185B0B0042
:20040600205B0B03825B0B03DE5B0B01A3710A02000000004514FF00127F0501DF5C0B03C5
:20042600195D0B05000000007D630102C76301045E600801775F01044C640104B8590102B3
:2004460088520A0528540A052D6708049A650B03E1650B05705C0102A265010303690103D5
:14046600666C0103CC6F0103957401023D750102DC75010258
:013B63000061
:20148D00F8022A474EF8087EF80496EAB1C08616005F79210000CB3F300119CB23CB12B7B0
:2014AD0020F478856F8C9567545DF8062A666F19444DF8022AE61F577EE61F5FF8053A66C0
:2014CD006F1836F8022A4F2A47F090F52AE090EA00202A232396EAB1C02B2B2AE61F572ADE
:2014ED00E61F5F2A6E67CDFD14F1E090EA0020C9E5F040CB772809180CE5F040CB5F20055A
:20150D00210098180321009CC5CB33CB037BE60384473EE0A3824FE1D1D5C5FAB5DA865F21
:20152D00F041E60220FA7B022379E6E05F793CE61FB34F1520E5FAB1C0856F8C9567C1D1DE
:14154D001DC8D578E6FC5F3E20814F8891E603B347C518C749
:04005800FBC3611570
:163B8200AF21B2C00E03EF3E00EAB2C0E0023E66E0013E80E0024A
:20156100F5E5C5D50E01AFE00221B2C07EFE022012F2F53336003E66E23E80E002CD443656
:2015810033182CFE012028F2FE55360028043604180CFAB4C0FE022005773E5518023E662C
:1A15A100E23E80E0023E00EAB4C03E01EAB3C0D1C1E1F041E60220FAF1D906
:20047A003E01EAB2C03E01E002F8027EE0013E81E002C93E02EAB2C0AFE0023E55E0013E04
:04049A0080E002C933
:2015BB0021B6C02A5FB6C85621B8C0AFB6280235C9626BF0905FFAB5C03CC83DE090EA0040
:2015DB0020160F7ECB37A2EAB8C02AA257CA83162A47E607FE053862FE072858F0254FE6D7
:2015FB00BBE025AFEA1AFF2AE0302AE0312AE0322AE0332AE0342AE0352AE0362AE0372A48
:20161B00E0382AE0392AE03A2AE03B2AE03C2AE03D2AE03E2AE03F78FE0620133E80E01A46
:20163B003EFEE01B3E20E01CAFE01D3EC7E01E79E025183021000055182F4F878781C61018
:20165B004FCB2030022AE20CCB2030022AE20CCB2030022AE20CCB2030022AE20CCB203031
:19167B00022AE20C15C2EB15147DEAB6C07CEAB7C07BE090EA00207AC95F
:20049E002116021803211C02FA14D65F8783856F8C9567F090F52AE090EA00202A666FE7E3
:0704BE00F1E090EA0020C903
:20400000AFEAD9C1EAE3C1FAB005EAE2C121B1052A4F46FAE2C1F533110800D511DAC1CDE1
:20402000D911AFEAC4C0EAC5C0AFEAC6C021C8C03601AFEACAC021CBC12277AFEAD5C12152
:20404000D1C136CCAFEAD2C121D3C136CCAFEAD4C121C0C0369021BFC03690AFEABEC0EAED
:20406000BDC021C1C0360121C2C0360121C7C03601AFEAC3C0CD900521E4C17B227221219C
:2040800000194D7C21CFC171237721CDC1712377CD900521E6C17B227221E8C1361421E971
:2040A000C1360821EAC136C921ECC136FF1E0121C040CD393B21EFC1368021F0C13607C953
:2040C000060BC533115467D53E09BFF5CD3911E8050602C53311EA7FD521CB01E5CD3911FF
:2040E000E80501E0DF111000D5110000D5C5CDAA3AE80611E0DFD521C901E5CD3639E80436
:20410000111000D511FF00D5C5CDAA3AE80611E0DFD521CA01E5CD3639E804C9F8097EB7C3
:20412000C8FAB9C0B728233E01E04FFAF0C1E60721EFC14EB1F533F80A3A573A5FD53A57B2
:204140005ED5CD4838E805AFE04FCD9005F8074EAF69672929292929194D44F8066E2600DD
:20416000094D445950C5F80A7EBFF5D5CD5005E804C1F809357EC83E01F8099630255E1D3D
:204180007BB7281F212000094D447950C5D5F80C66E53326C3E5335FD5CD5005E804D1C111
:2041A0001D18DD212000094D44F808662EC6E5C5CD5005E804C9FAD5C1B72831FAD2C1EA20
:2041C000D4C1FAD1C1EAD3C121D1C134201FFAB9C0B7281421D2C1347EE60177B73EC0201B
:2041E000023ECCEAD1C1180521D1C136CCAFEAD5C1FACAC04F0600112000D5C511E0DFD5ED
:20420000CDAA3AE806C9F8067EEAD1C1EAD3C1F8077EEAD2C1EAD4C1AFEAD5C1FACAC04F45
:204220000600112000D5C511E0DFD5CDAA3AE806C9E8FA4FFADAC10F3019FAE2C14721DCA1
:20424000C12A666F11DBC11AA1855F3E008C5778CDC111F8007121E0C12A4F46F8007E1E9C
:204260000087CB1387CB1387CB1387CB136F6309E57DF80377E17CF80277FADAC1F8057724
:20428000FAE2C1F80377E52323CB4EE1CA2844E5F807CB56E12808FACAC0F805771804F892
:2042A000053600F8057EEAD8C111DEC11AF80422131A322A5F56F8006E2600195D54F8034E
:2042C0007ECDC11141F8017EF804322B7EF80577FAD9C1B7205BFAD5C1EAD7C1C5FAD5C191
:2042E00047C5CDA04DE1C121D6C173C5D5FAE2C1F533F8092A666FE521E0DFE5CDCD04E89C
:2043000005D1C121D5C17E81FE09DA9A433E0896F680EAD7C121D6C172C5FAE2C1F533F812
:20432000072A5F56D511F0DFD5CDCD04E805C118693E0821D5C1965F799330047B911804E6
:204340007993CBFFEAD7C1C5FAD5C1F533C533CDBC4DE1C121D6C173C5D5FAE2C1F533F896
:20436000092A666FE521E0DFE5CDCD04E805D1C1FAD5C1804F3E089130203E1091EAD7C187
:2043800021D6C172C5FAE2C1F533F8072A5F56D511F0DFD5CDCD04E805C121D5C17E807789
:2043A000FAD2C1E04F11E0DFD53E01F533FAD1C1F533CD3639E804AFE04F3E0721D5C196E9
:2043C0003062CD564D21D5C17EC6F877FAD2C1EAD4C1FAD1C1EAD3C121D1C1347E2020FABC
:2043E000B9C0B7281521D2C1347EE601777EB73EC020023ECCEAD1C1180521D1C136CCFAE5
:20440000D5C1B7281AFAD2C1E04F11E0DFD53E01F533FAD1C1F533CD3639E804AFE04F3E4D
:2044200001C3BA44AFC3BA44FAD5C1B72833FAD2C1EAD4C1FAD1C1EAD3C121D1C1347E200D
:2044400020FAB9C0B7281521D2C1347EE601777EB73EC020023ECCEAD1C1180521D1C13630
:20446000CCFAD2C1E04FF8033A2BF5332A5F56D53E01F533FAD1C1F533CD3911E805AFE0CA
:204480004FFAD2C1EAD4C1FAD1C1EAD3C121D1C1347E2020FAB9C0B7281521D2C1347EE65F
:2044A00001777EB73EC020023ECCEAD1C1180521D1C136CCAFEAD5C13E01E806C9E8FA21AF
:2044C000CCC13AB6206C3EC521C7C0864F3E04CE00470AEAC3C0FAE3C1EAF1C1FACAC0EADD
:2044E000F2C1FAD9C1EAF3C1FAC8C0EAF4C1FAC7C0EAF5C121CBC136CB2336C0FAC4C00F41
:204500003830FAE4C1C621EACFC1FAE5C1CE00EAD0C1FAD9C13D200B21CFC17EC611227EA8
:20452000CE0077FACFC1EACDC1FAD0C1EACEC1CDB641FACBC121CCC1666F7EF805773E0D26
:20454000F80596DAD0484E060021534509094E236669E96F45C245E8456146B446C84837BE
:20456000479A47B947A249D847FC47D0481648AF21CBC1227721C2C03601FAE3C121F1C110
:2045800096282321E3C14E06006960290901B005092A47EAE2C12A4F7EC533110800D54745
:2045A00011DAC1CDD911FAF2C1EACAC0FAF3C1EAD9C1FAF4C1EAC8C0FAF5C1EAC7C0AFC391
:2045C000AE4921CBC13420022334FACBC121CCC1666F7E3DE607EAC7C0C6C54F3E04CE007E
:2045E000470AEAC3C0C3A24921CBC13420022334FACBC16FFACCC1677E3D21F1C1774E06B9
:20460000006960290901B005093333E5F8007EF803322B7EF80477FADAC1F80577F8032AA8
:204620005F561AEAE2C1F8035E23666B234E2346F533110800D511DAC1CDD91121D5C17E49
:20464000B7CAA249E5F807CB4EE1CAA249FADAC1CB4FC2A24921CDC134C2A2492334C3A2B3
:204660004921CBC13420022334FACBC16FFACCC1674EAF470B7921E4C186234F788E4721C0
:20468000CBC13420022334FACBC121CCC1666F6E26002B2929292929094D7C21CFC1712335
:2046A0007721CDC1712377FAD5C1B7CAA249CDB641C3A24921CBC13420022334FACBC1215A
:2046C000CCC1666F4E59AF5791CB7B2807CB7A2008BF1805CB7A28013730010D21CBC134B8
:2046E00020022334FACBC121CCC1666F6E5DAF5795CB7B2807CB7A2008BF1805CB7A2801A6
:204700003730012D79079F477D079F672929292929094D447921CDC186234F788E4721CF50
:20472000C179227021CDC1792270FAD5C1B7CAA249CDB641C3A24921C9C07EB72808360040
:20474000FA23DAEA24DAAFEAC8C021CBC13420022334FAC7C0B7282FFACBC16FFACCC1678D
:204760007E2126DAA6280EFAF4C1EAC8C0FA23DAEA24DA181221CBC12A5F3A571B7B2272A3
:20478000AFEAC3C0C3AE493EC521C7C0864F3E04CE00470AEAC3C0C3A24921CBC134200244
:2047A0002334FACBC121CCC1666F7E0F3003AF18023EFFEACAC0C3A24921CBC1342002238B
:2047C00034FACBC121CCC1666F7E0F3003AF18023E01EAD9C1C3A24921CFC12AC6204F7E14
:2047E000CE004721CDC179227021CFC1792270FAD5C1B7CAA249CDB641C3A24921CBC134DF
:2048000020022334FACBC121CCC1666F7E3DE607EAF0C1C3A24921CDC12AC6204F7ECE00CB
:2048200047FAE6C15F21E7C156FAE9C126006F2929292929197DE6E06F2B7D917C98306460
:20484000FAEAC167FAE9C16FE5FAE8C1F533FAE6C15F21E7C156D51E0C218E4DCD393BE846
:2048600005FAB9C0B7282F3E01E04FFAF0C1E6074FFAEFC1B1F533FAE9C167FAE8C16FE5D8
:20488000FAE6C15F21E7C156D51E0C218E4DCD393BE805AFE04FFACFC1EACDC1FAD0C1EA7B
:2048A000CEC1181721CFC12AC6204F7ECE004721CDC179227021CFC1792270FAD5C1B7CA10
:2048C000A249CDB641C3A24921CBC13420022334FACBC16FFACCC1677ECD3142B72866FA41
:2048E000D4C14FFAD3C1F80377FACDC1F80477FACEC1F80577FAB9C0B728263E01E04F797D
:20490000B72809FAF0C1E607CBDF1805FAF0C1E60721EFC14EB1F8045E2356CD820EAFE029
:204920004FF8032A5E2356CD820EFAD9C1B7200A21CDC134200F2334180B21CDC12A5F3A5C
:20494000571B7B2272FAD5C1B7284BFAD2C14FFAD1C1F80377FACDC1F80477FACEC1F805C1
:2049600077FAB9C0B728263E01E04F79B72809FAF0C1E607CBDF1805FAF0C1E60721EFC1B1
:204980004EB1F8045E2356CD820EAFE04FF8032A5E2356CD820E21CBC134200223343E0118
:2049A000180C21CBC134C232452334C33245E806C90E00FABFC021C0C09628363EC521C170
:2049C000C0864F3E04CE00470A21BCC0A62021FAC1C0B70E0228020E01FABFC021C0C09632
:2049E000300821BFC07E8177180621BFC07E91770E01FABDC021BEC09628363EC521C1C067
:204A0000864F3E04CE00470A21BCC0A62021FAC1C0B70E0228020E01FABDC021BEC0963085
:204A20000821BDC07E8177180621BDC07E91770E0179B7C0FAC2C0B7C0FAC8C0B7280EFABD
:204A400026DAE630280721C9C036011808FABCC021C3C0A6C01E0121BD44CD393B4FFAC9FC
:204A6000C0B72006FAC7C0B72006FAC2C0B728E579B7C8FAECC13CC8FAEBC14FFAEDC15F5C
:204A800021EEC156FAECC1473E042165D996D821B5C036FF2165D93604FA5CD96F0F3007AB
:204AA000AFE0123EC0E014CB4D2807AFE0173EC0E019CB552803AFE01CCB5D2807AFE02182
:204AC0003EC0E0233EFFE025215CD97121B5C036FFAFEAB8C021B6C07B227221B5C070C97B
:204AE000E8F7E5F814CB56E12805F8147E18023E01F806774EAF470B69602909294D44F863
:204B00000F2A666F094D44F8117EF533110600D5210300395D54CDD911FAB9C0B7281D3EE0
:204B200001E04FFAF0C1E60721EFC14EB147F8013A4F7EC53359CD8B0EAFE04FF8013A4F7F
:204B40007E26CBE53359CD8B0EF8127EE602F807223600CDE8361E0121B149CD393B0EC014
:204B6000F09291200721C6DA36DF180521C6DA36C0AFEAEFD51E0A213E66CD393B1E08217F
:204B80009567CD393B1E0421244FCD393BCD8E26CDE5321E28FAEFD5CDD00DFAC6DAE092C2
:204BA00021BCC034CDBD01FA26DA4FCB512805F8047E184ACB592805F8057E1841CB4928CA
:204BC00005F8027E1838CB412805F8037E182FCB61281BF8067EF81396200DF8127EE601E7
:204BE0004FB72804AFC3964CF8067EC3964CCB69CA534BAFF807B6CA534BAFC3964CB7CAD1
:204C0000534BF80677FAB9C0B7281D3E01E04FFAF0C1E60721EFC14EB147F8013A4F7EC530
:204C20003359CD8B0EAFE04FF8013A4F7E26C4E53359CD8B0EF8064E060069602909294D20
:204C400044F80F2A666F094D4479C6FA4F78CEFFF81166E533110600D547210300395D54DB
:204C6000CDD911FAB9C0B7281D3E01E04FFAF0C1E60721EFC14EB147F8013A4F7EC53359A0
:204C8000CD8B0EAFE04FF8013A4F7E26CBE53359CD8B0EC3534BE809C93BCDE836F8074E7A
:204CA00079E601F800770600F8007EB72814FABDC021BEC0962009FABFC021C0C096280207
:204CC0000601CB492808FAC2C0B720020601FA26DACB512806CB6720020601CB592806CB71
:204CE0006F20020601CB612808FA26DAB72002060178B7285FC51E0121B149CD393BC11E11
:204D0000C0F09293200721C6DA36DF180521C6DA36C0AFEAEFD5C51E0A213E66CD393B1E7F
:204D200008219567CD393B1E0421244FCD393BCD8E26CDE5321E28FAEFD5CDD00DC1FAC682
:204D4000DAE09221BCC034CDBD01C5CDE836C178B7C2A64C33C921E0DF11F0DF1A22131A32
:204D600022131A22131A22131A22131A22131A22131A22131A22131A22131A22131A2213E8
:204D80001A22131A22131A22131A2213FACAC022222222222222222222222222222222C96A
:204DA000F8022AB711FFFFC85F7ACB3F1D20FB5E1C1804371FCB1A1D20F95FC9F8022AB71C
:184DC00011FFFFC85F7ACB271D20FB5E1C18043717CB121D20F95FC9E2
:2004C50000000103070F1F3FF806F090F53AE090EA00203A573A5F3A6E673E08F51A4FFAA1
:2004E500D8C1A94F131A47FAD8C1A84713FAD7C1CB272834381ACB3FCB3F3004CB39CB38DC
:20050500B72825CB39CB38CB39CB383D20F51818CB3FCB3F3004CB21CB20B7280BCB21CB82
:2005250020CB21CB203D20F5FAD6C1A677FAD6C12FA1B622FAD6C1A677FAD6C12FA0B622A0
:20054500F13D2098F1E090EA0020C9F8053A4F3A5F3A6E6779B72824F041E60220FA732309
:1D0565000D28191C4105280CF041E60220FA73230D0520F41CF041E60220FA73C91B
:053B9800AF21F6C1772A
:204DD800E8EFF80E7B2272F80C792270F8132A5F56210400192A4F46F80C3A2B77F80D3ABA
:204DF8002B322A666F094CF8132A5F56210600192A477E5857F80A2A666F197C3CF80277DF
:204E1800F8155D54F80E1A1396231A9E3E0017F80377F8137EF80477F8147EF80577F80E51
:204E38007EF80077F80F7EF80177F8157EF80A77F8167EF80B77F8132A5F5621020019E563
:204E58007DF80877E17CF80777F8037EB7282BF8083608F8042A5F561A47131A5857D5F8CD
:204E7800022A666F19D17CF809222A666F197CF80A322A9630313600182DF8083E04322B8D
:204E98002A5F561A47131A5857D5F8022A666F19D17CF809222A666F197CF80A773A96307A
:204EB80006FA06D6F80A77F81071F8107EF80296CA674FF80A3A575ED5F8125EF80A7ECDFB
:204ED8007113F80B77B7CA614FFAB3DAF80A22AF322A323600F8037EB72839232A5F561AC0
:204EF800F80822131A222A5F56F8082A666F7B955F7A9CF80732737EF80A77F8077EF80BAB
:204F1800322A5F5621000119E57DF80A77E17CF80977182EF8062A5F2A571A22131A322A6A
:204F38005F566B6223E57DF80877E17CF80777F80A2A5F56F8062A666F7B955F7A9CF809A4
:204F58003273F8084E2346180BF81034C3C24EF8154E2346E811E1E804E9E8EFF80E7B22BE
:204F780072F80C792270F8132A5F561A4F131A47F80E7EF80A77F80F7EF80B322A666F0912
:204F98004CF8132A666F23232A465F50F80A2A666F197C3CF80277F8155D54F80C1A139676
:204FB800231A9E3E0017F80377F8132A5F5621040019E57DF80677E17CF80577F80C7EF8ED
:204FD8000077F80D7EF80177F8157EF80A77F8167EF80B77F8132A5F5621060019E57DF8C1
:204FF8000877E17CF80777F8037EB7282BF8083602F8042A5F561A47131A5857D5F8022A7B
:20501800666F19D17CF809222A666F197CF80A322A9630313600182DF8083E01322B2A5F91
:20503800561A47131A5857D5F8022A666F19D17CF809222A666F197CF80A773A963006FA61
:2050580007D6F80A77F81071F8107EF80296CA0551F80A3A575ED5F8125EF80A7ECD9F1207
:20507800F80B77B7CAFF50FAB4DAF80A22AF322A323600F8037EB72839232A5F561AF80802
:2050980022131A222A5F56F8082A666F7B955F7A9CF80732737EF80A77F8077EF80B322AAD
:2050B8005F5621000119E57DF80A77E17CF80977182EF8062A5F2A571A22131A322A5F5670
:2050D8006B6223E57DF80877E17CF80777F80A2A5F56F8062A666F7B955F7A9CF809327313
:2050F800F8084E2346180BF81034C36050F8154E2346E811E1E804E9E8E7F81F2A5F5621B6
:205118001000193601F8212A4F46CB21CB10CB7E28212B2B2B2A5F5621080019E57DF819D1
:2051380077E17CF818322A5F561A6F131A67094D7C1806213FC3094D7CF81271233201454A
:20515800D12A5F561A5F16006B6229192919292929094D7CF802712377F81F2A5F5621122C
:205178000019E57DF80677E17CF805322A5F561A4FF8027EF81477F8037EF81577F8022A37
:205198005F566B6223E57DF80877E17CF80777F8022A5F5621030019E57DF80A77E17CF860
:2051B8000977F8122A5F5621060019E57DF81977E17CF81877F8122A5F5621020019E57DD9
:2051D800F80C77E17CF80B77F8122A5F5621040019E57DF80E77E17CF80D77F8022A5F56AD
:2051F80021060019E57DF81077E17CF80F77F81F7EF81077F8207EF81177F8142A5F2A575B
:205218001A7779B7C224563A2BE67F5E23666B77F8022A5F56D51E04219754CD393BE1F8F0
:20523800062A5F561A4F131A4779E6E04F3A6E67792270F8082A5F561A4F131A4779E6E0F1
:205258004F3A6E67792270F8172A5F561ACB57280EF8042A5F3A571AF6035E23666B77F883
:20527800172A5F561A4FF8042A5F561ACB41280BCBC7F8045E23666B771809CBCFF8045E17
:2052980023666B77F8172A5F561AE618CAB253F80A2A5F561AF81522131A77F8062A5F560B
:2052B8001AF80022131A77F8152ACB7E203D2B7EF80277F8167EF803327EF81377F8037ED5
:2052D800F8147711FFFF3A6E677B955F7A9CF8163273C1C52A917E98300501FFFF1831D138
:2052F800D5F8022A666F194D441825110000F8152A666F7B955F7A9C474BF8002A917E98E4
:2053180030050100001809D1D57B915F7A98474BF80A2A666F792270F80C2A5F561A4F13FE
:205338001AF802712377F8082A5F561AF81322131A77F8022ACB7E202C2B2A4F4659503EE2
:20535800FF935F3EFF9A57F8132A23322A23327B96237A9E300501FFFF1837F8132A666F34
:20537800094D44182D110000F8022A666F7B955F7A9CF81632732A4F46F8132A917E983029
:2053980005010000180CF8132A5F567B915F7A98474BF80C2A666F792270F8172A5F561ABC
:2053B800CB5F282AF80A2A5F561A4F131A4779E6E04F3A6E67792270F80C2A5F561A4F1394
:2053D8001A4779E6E04F3A6E677922701824CB672820F80A2A5F56131A0E00473A6E67790B
:2053F8002270F80C2A5F56131A0E00473A6E67792270F8172A5F561A77E5CB4EE1CA3355D4
:20541800F8062A5F2A571A4F131A472A5F561AF81622131A77F814792270E5F81ACB46E1C2
:20543800287CF80A2A5F561A4F131A47F8147E912005237E90281CC5F8102A5F56D5F81AAA
:205458002A4F46F8182A5F56CDD84DF80A2A666F792270F8082A5F561A4F131A47F80C2A9E
:205478005F561AF81522131A327E912006237E90CA3355F80A2A5F561AF81722131A77F837
:20549800152A5F56D5F8102A5F56D5F81B2A5F56CD724FF80C2A666F792270C33355F80C92
:2054B8002A5F561A4F131A47F8167E912005237E90281CC5F8102A5F56D5F81A2A4F46F817
:2054D800182A5F56CD724FF80C2A666F792270F8062A5F561A4F131A47F80A2A5F561AF874
:2054F8001522131A22792270F8152A239620062B2A23962826F80C2A5F561A4F131AF8150B
:205518005E2356D5F8105E2356D547F81B2A5F56CDD84DF80A2A666F792270F8062A5F56FF
:205538001A4F131A47F80A2A5F561AF81622131A77F8042A5F561AF818322B7E91200523EE
:205558007E90280EF8187ECBF7F8045E23666B77180CF8187ECBCFF8045E23666B77F808C9
:205578002A5F561A4F131A47F80C2A5F561AF81622131A77F8042A5F561AF818322B7E9115
:205598002005237E90280EF8187ECBFFF8045E23666B77180CF8187ECBC7F8045E23666BB8
:2055B80077F8062A5F561A4F131A47F80A2A5F561A6F131A677D917C98300EF8042A5F3A85
:2055D800571ACBD75E23666B77F8082A5F561A4F131A47F80C2A5F561A6F131A677D917C91
:2055F80098300EF8042A5F3A571ACBDF5E23666B77F8102A5F561A4F131A4779C6FD4F7853
:20561800CEFF473A6E67792270C3B559E5F818CB7EE1C2B559F8172A5F561AE620F81277F5
:2056380079E64147F8022A5F5621130019E57DF81577E17CF81477F8022A5F566B6223E5D1
:205658007DF81777E17CF8167778D641C2F757CB512806F81836031804F8183601F8187E2A
:20567800EAF6C1F8062A5F561A4F131A47F8132A5F561A5F1600FAF6C1D6032008AF936FDB
:205698009F926718026B62094D44F8062A666F792270F8127EB7CA6957F8022A5F56D5F862
:2056B800172A5F56D5F8122A5F56D51E0421B059CD393BE806F81779227877B1CA69572BCF
:2056D8002A4F460359501AF81522131A77FAF6C1D603202EF8172A5F56210800194D445968
:2056F800501AF81722131A77F8022A5F56210600192A4F46F8172A5F567B915F7A985713A6
:20571800182CF8172A5F56210600194D4459501AF81722131A77F8022A5F56210800192A91
:205738004F46F8172A5F567B915F7A98571BF8152A46834F788A47F8062A666F792270F847
:20575800042A666F3600F8022A5F56CDE129C3B559F8042A5F561ACB672022CBE7F8045E02
:2057780023666B773E01F533FAF6C1F533F8042A5F56D51E0421BF54CD393BE804FAF6C182
:20579800D603201AF8062A5F561A4F131A47F80A2A5F561A6F131A677D917C983020FAF6C4
:2057B800C13D203BF8062A5F561A4F131A47F80A2A5F561A6F131A677995789C38214D44B4
:2057D800F8062A666F792270F8042A5F3A571ACBCF5E23666B77E6BEF8045E23666B77F8B5
:2057F800042A5F561A4FE682D682C28259CB593E022001AFEAF6C1F8082A5F561A4F131A9E
:2058180047F8132A5F561A5F1600FAF6C1D6022006AF935F9F92576B62094D44F8082A66E1
:205838006F792270F8127EB7CAF458F8022A5F56D5F8172A5F56D5F8122A5F56D51E04210F
:20585800B059CD393BE80659504B7A47B3CAF45869602323235D541AF81522131A77FAF6BA
:20587800C1D602202B210C00092A4F46F8022A5F56210A0019E57DF81977E17CF818322A67
:205898005F561A6F131A6779954F789C47031829210A00092A4F46F8022A5F56210C001910
:2058B800E57DF81977E17CF818322A5F561A6F131A6779954F789C470BF8152A5E814F7BA8
:2058D8008847F8082A666F792270F8042A666F3600F8022A5F56CDE129C3B559F8042A5FA0
:2058F800561ACB6F2022CBEFF8045E23666B773E01F533FAF6C1F533F8042A5F56D51E0413
:2059180021BF54CD393BE804FAF6C1D602201AF8082A5F561A4F131A47F80C2A5F561A6F23
:20593800131A677D917C983020FAF6C1B7203BF8082A5F561A4F131A47F80C2A5F561A6F5E
:20595800131A677995789C38214D44F8082A666F792270F8042A5F3A571ACBC75E23666B71
:2059780077E67DF8045E23666B77F8042A5F561AE6C02011F8042A666F3600F8022A5F569A
:20599800CDE1291818F8102A5F561A4F131A4779C6FD4F78CEFF473A6E67792270E819C929
:2059B800E8F0F8162A5F56211000193601F8182A4F46CB21CB10CB7E28212B2B2B2A5F5601
:2059D80021080019E57DF81077E17CF80F322A5F561A6F131A67095D541806213FC3095D99
:2059F800540145D11A5F16006B6229192919292929094D44CBFE69602333335D54D51AF87C
:205A18000822131A327EF80277F8097EF80377F80C3600F8037EF80D7721030009E57DF84F
:205A38000677E17CF805322A5F561AF80A22131A322A5EF80EAF2273E5F80ACB7EE12813AB
:205A5800F80C2A5F5621000119E57DF80E77E17CF80D77E5F80CCB7EE12813F80E2A5F5625
:205A780021000119E57DF81077E17CF80F77211300094D44F80C7EF80677F80D7EF8077759
:205A9800F80C5D54F8021A1396231A9E30360AF808223600F8022A5F56F8082A666F7B95F1
:205AB8005F7A9CF80B3273D1D52A12133A122A5F2A577B96237A9E3044D1D5F8062A1213B3
:205AD8007E121839F8025D54F80C1A1396231A9E302B0A16005FF8022A666F195D7CF80AB9
:205AF800732332D1D52A12133A122A5F2A572A937E9A3009D1D5F8062A12137E12F8042AC4
:205B18005F561A6F131A5D57F80E7EF80A77F80F7EF80B77F80E2A937E9A30290A4F0600BF
:205B38007B914F7A9847F8042A666F792270F80E799623789E303AF8042A5F56F80A2A12C2
:205B5800137E12182CF80E7B96237A9E30230A26006F194D44F8042A666F792270F80E2A22
:205B7800917E98300CF8042A5F56F80A2A12137E12D1D51A4F131A47F80C7E91201A237EFD
:205B9800902015F8042A5F561A4F131A47F80E7E912005237E902815F8162A4F4669602A08
:205BB80066C6FD5F7CCEFF577B02037A02E810C9F8082A4F46CB21CB10CB7E2811F8062AB8
:205BD8005F56210800192A666F094D441806213FC3094D440A4F0600696029092909292964
:205BF800291145D1194D445E3E459120093ED1902004CB8B73C9CBB373C51E04218953CD01
:205C1800393BE1C9F8082A4F46CB21CB10CB7E2811F8062A5F56210800192A666F094D448E
:205C38001806213FC3094D440A4F06006960290929092929291145D1194D445E3E45912007
:205C5800093ED1902004CBCB73C9CBF373C51E0421A051CD393BE1C9E8FBF80D2A4F46CB07
:205C780021CB10CB7E280FF80B2A5F56210800192A666F091804213FC3095D540145D11A3A
:205C98005F16006B6229192919292929094D7CF800712377D1D5212C00194D440AF80277BE
:205CB800B7283FD1D5212F00192A7E073034D1D5212F00194D44D1D5212D0019E57DF80580
:205CD80077E17CF804322A5F561A6F131A67AFF533C5E5F8077EF5331E0421A54CCD393B13
:205CF800E806E805C9F8082A4F46CB21CB10CB7E280FF8062A5F56210800192A666F0918A3
:205D180004213FC3094D440A4F06006960290929092929291145D119012F00092ACB7EC0F7
:205D3800F5331E04210A4ECD393B33C9F8082A4F46CB21CB10CB7E2811F8062A5F5621083D
:205D580000192A666F094D441806213FC3094D440A4F06006960290929092929291145D170
:205D7800194D44AFF533F80B7EF533C51E0421BF54CD393BE804C9E8FCF80A2A5F2A572AB6
:205D98004F46CB21CB10210800193333E5F80DCB7E280CD1D51A6F131A67094D7C180621AC
:205DB8003FC3094D7CF802712377F80E2A4F46CB21CB10CB7E280AD1D51A6F131A67091807
:205DD80004213FC3094EF8022A5F561A5F16006B62291929192929291145D1195D542114D3
:205DF800001971211600197987854F3E008C4769602366240AE533CD9429E804C9E8FCF819
:205E18000C2A4F46CB21CB10CB7E2811F80A2A5F56210800192A6E814F7D881806213FC385
:205E3800094D7CF8007123770145D1D1D51A5F16006B6229192919292929094D44F8027950
:205E58002278322A4F4603E1E523232A6602037C02F8022A4F46030303D1D521040019E5F2
:205E78007DF80477E17CF803322A5F561A6F131A5F7D02037B02E804C9E8FCF80C2A4F4641
:205E9800CB21CB10CB7E2811F80A2A5F56210800192A6E814F7D881806213FC3094D7CF806
:205EB800007123770145D1D1D51A5F16006B6229192919292929094D44F802792270C1C582
:205ED80003033A6E67232A6602037C02D1D5210400194D44F8022A666F2323232A660203F3
:205EF8007C02E804C9E8FCF80A2A5F2A572A4F46CB21CB10210800193333E5F80DCB7E28DE
:205F18000AD1D51A6F131A67091804213FC3095D540145D11A5F16006B6229192919292951
:205F380029094D7CF802712377F80E2A4F46CB21CB10CB7E280CD1D51A6F131A67094D44E3
:205F58001806213FC3094D44F8022A5F56210500195D541A5F16007B02037A02E804C9E85D
:205F7800FCF80A2A5F2A572A4F46CB21CB10210800193333E5F80DCB7E280AD1D51A6F132C
:205F98001A67091804213FC3095D540145D11A5F16006B6229192919292929094D7CF80228
:205FB800712377F80E2A4F46CB21CB10CB7E280CD1D51A6F131A67094D441806213FC3090E
:205FD8004D44F8022A5F56210500195D541A6F260011F85F195E16007B02037A02E804C9FA
:205FF800804000C0E8FAF80C2A4F462112000933335D54D51AB7C29060F80E7EF80277F8CC
:206018000F7EF80332CB2623CB16F80FCB7E281C210800095D541AF80422131A77F8042A40
:206038005F56F8022A666F195D7C180B113FC3F8022A666F195D7CF804732377E13601E581
:20605800F8042A5F561A5F16006B62291929192929291145D1195D5421EBD57B227221ED03
:20607800D53601C5F8122AF5332A5F56D51E06217454CD393BE803C1FAEDD5D63C200CE152
:206098003600E5AF21EBD52277181A21100009360121EDD53469602A66C6FA5F7CCEFF57D2
:2060B8007B02037A02E806C9E8FAF80E2A4F46CB21CB10CB7E2811F80C2A5F562108001900
:2060D8002A6E814F7D881806213FC3094D7CF8007123770145D1D1D51A5F16006B622919CA
:2060F8002919292929094D44F802792278322A5F56210600194D44E1E523232A6602037C25
:2061180002F8022A5F5621080019E57DF80677E17CF80577D1D5210400192A4F46F8042AD9
:20613800666F792270F8022A5F56210A0019E57DF80677E17CF80577D1D5210600192A4F43
:2061580046F8042A666F792270F8022A5F56210C0019E57DF80677E17CF80577D1D5210845
:2061780000192A4F46F8042A666F792270E806C93B3BF80A2A4F46CB21CB10CB7E2811F8FA
:20619800082A5F56210800192A666F094D441806213FC3094D440A4F0600696029092909BE
:2061B8002929291145D1195D54210E00197ED5F80E66E533F8104E2346C5F5331E0621103B
:2061D8004CCD393BE804D1212600194D44F80C7E02212700194D44F80D7EF80077F80E7E80
:2061F800F801322A02037E0221160019D5E5010000C5F8122A5E2356CD012AD121060019C9
:20621800D5E5F8102AF5334E2346C51E0621444DCD393BE805D1211600194D4421140019D2
:206238007E876F2600094D44030A3C4EF53379CD9429E1C93B3BF80A2A4F46CB21CB10CBDD
:206258007E2811F8082A5F56210800192A666F095D541806213FC3095D540145D11A5F16F4
:20627800006B6229192919292929094D443333C5F80E2A4F2A4703035EAF6B6729292929FC
:20629800094D44D1D5210E00195D541AF80C862366E533C5F81466E533F533CD5311E807D1
:2062B800C9F8082A4F46CB21CB10CB7E2811F8062A5F56210800192A666F094D44180621FE
:2062D8003FC3094D440A4F06006960290929092929291145D11901120009E5F80C7EE177E8
:2062F800C9F8082A4F46CB21CB10CB7E2811F8062A5F56210800192A666F094D44180621BE
:206318003FC3094D440A4F06006960290929092929291145D11901130009E5F80C7EE177A6
:20633800C9F8082A4F46CB21CB10CB7E280FF8062A5F56210800192A666F091804213FC310
:20635800094D440A5F16006B62291929192929291145D11903030AF533E51E04215354CD2C
:20637800393BE803C9F8082A4F46CB21CB10CB7E280FF8062A5F56210800192A666F091898
:2063980004213FC3094D440A5F16006B62291929192929291145D1190303C5E51E04218620
:2063B80054CD393BE1C15F16007B02037A02C9E8FDF80B2A4F46CB21CB10CB7E2811F80963
:2063D8002A5F56210800192A666F094D441806213FC3094D440A4F0600696029092909295B
:2063F80029291145D1194D44211600093333E5212600097EF80277212700092A6E5F55C536
:20641800F8022A666FE5F8112A666FE5F8087ECD012AC1211600095D54211400097E876FBF
:206438002600195D54131A3C5EF5337B5950CD9429E803C9E8FBF80B2A5F2A572A4F46CB89
:2064580021CB10210800193333E5F80ECB7E280CD1D51A6F131A67095D541806213FC30951
:206478005D540145D11A5F16006B6229192919292929094D7CF802712377F80F2A4F46CB79
:2064980021CB10CB7E280AD1D51A6F131A67091804213FC3097EE5F80677E123232A4F469B
:2064B800F8022A5F56210E00195D541AC5F80666E533C5F5331E0621104CCD393BE804C11B
:2064D800F8022A5F56212600195D54F8043A2B122A5F56212700195D5469607D12137C125D
:2064F800F8022A5F56211600195D54C5D5110000D5F80A7E5950CD012AC1F8022A5F56214E
:206518000600195D54D5F8067EF533C51E0621444DCD393BE805F8022A5F56211600194DDB
:2065380044F8022A5F56211400195D541A876F2600094D44030A3C4EF53379F8035E23564D
:20655800CD9429E805C9F8082A4F46CB21CB10CB7E280FF8062A5F56210800192A666F09B6
:206578001804213FC3094E06006960290929092929291145D1194D440A5FF80B3AA6B302ED
:206598005F2A2F577EA22FA302C9E8EFF8172A4F46211000093601F8197EF80F77F81A7E64
:2065B800F81032CB2623CB16F81ACB7E2811210800092A4F46F80F2A666F094D44180B014B
:2065D8003FC3F80F2A666F094D440A5F16006B62291929192929293E45855F3ED18CF80DAF
:2065F8007323322A5F3A571ACBBF122A5F566B6223E57DF80477E17CF803322A5F561A6F55
:20661800131A677DE6E05CF80F2273F8022A5F56F80F2A12133A2B2B122A5F5621030019A6
:20663800E57DF80677E17CF805322A5F561A6F131A677DE6E05CF80F2273F8042A5F56F8D5
:206658000F2A12137E1221020009E57DF80877E17CF8077721040009E57DF80A77E17CF8FE
:206678000977F81B7EE618CA6D67F8062A5F561A4F131AF8007123222A5F561AF80B221303
:206698001A77C1C5CB78202D2BC1C559503EFF935F3EFF9A577EF80F77F80C7EF810327B51
:2066B80096237A9E300501FFFF1834F80B2A666F094D44182A110000E1E57B955F7A9CF83F
:2066D8001032732A4F46F80B2A917E983005010000180CF80B2A5F567B915F7A98474BF817
:2066F800062A666F792270F8082A5F561A4F131A47F8042A5F561AF80B22131A7760CB7C51
:20671800202C59503EFF935F3EFF9A57F80B7EF80F77F80C7EF810327B96237A9E300501D2
:20673800FFFF1829F80B2A666F094D44181FAF914F9F9047F80B2A917E9830050100001808
:206758000CF80B2A5F567B915F7A98474BF8082A666F792270F81B7EF80A77E5CB5EE128F9
:206778002AF8062A5F561A4F131A4779E6E04F3A6E67792270F8082A5F561A4F131A477940
:20679800E6E04F3A6E677922701828E5F80CCB66E12820F8062A5F56131A0E00473A6E67C1
:2067B800792270F8082A5F56131A0E00473A6E67792270E5F80CCB4EE1CA0069F8022A5FA2
:2067D8002A571A4F131A472A5F561AF80F22131A322B2B2A5F5621060019E57DF80D77E18E
:2067F8007CF80C22792270E5F80CCB46E1287CF8062A5F561A4F131A47F80D7E912005233F
:206818007E90281CC5F80D2A5F56D5F8132A4F46F8112A5F56CDD84DF8062A666F792270E4
:20683800F8042A5F561A4F131A47F8082A5F561AF80D22131A327E912006237E90CA006970
:20685800F8062A5F561AF80F22131A77F80D2A5F56D5F80D2A5F56D5F8132A5F56CD724F72
:20687800F8082A666F792270C30069F8082A5F561A4F131A47F80F7E912005237E90281C5E
:20689800C5F80D2A5F56D5F8132A4F46F8112A5F56CD724FF8082A666F792270F8022A5F95
:2068B800561A4F131A47F8062A5F561AF80D22131A22792278323A2B962007F8103A2B96B6
:2068D8002826F8082A5F561A4F131AF80D5E2356D5F80D5E2356D547F8132A5F56CDD84D58
:2068F800F8062A666F792270E811C9E8F3F8132A5F56211000193601F8157EF80B77F8165D
:206918007EF80C32CB2623CB16F816CB7E28172B2B2B2A5F56210800192A4F46F80B2A662C
:206938006F094D44180B113FC3F80B2A666F194D44F809792278322A5F561A4F06006960F7
:20695800290929092929291145D1195D5421F7C17B227221F7C12A666FCB7EC2636CF817A6
:206978007EE620F80077F8092A5F5621020019E57DF80377E17CF802322A5F561AF8072279
:20699800131A77FAF7C14F21F8C146696023E57DF80577E17CF804322A5F561AF80B22139C
:2069B8001A77F8072A5F56F80B7E932013237E92200EFAF7C15F21F8C156CDE129C3636CFE
:2069D800D5F80B2A5F5621040019D1E57DF80777E17CF80677211300094EF80B7EF80777AD
:2069F800F80C7EF808227922AF227B96237A9ED2696BF8072A5F2A572A666F7B955F7A9CF0
:206A18004B47F8032A666F792270FAF7C1F80B77FAF8C1F80C77F8007EB7CA196BF80B2AC5
:206A38004F3A47032A5F56210600195D54FAF7C16FFAF8C167E5C5D51E0421B059CD393B54
:206A5800E806FAF7C1F80B77FAF8C1F80C7778B1CA196B2B2A5F566B6223E57DF80577E1AE
:206A78007CF804322A5F561AF80722131A77F80B2A5F5621130019E57DF80B77E17CF80A2C
:206A9800322A5F2A23571A77F8077EF80A322B7EF80B227EF80822AF322A5F2A572A666FE5
:206AB80019E57DF80377E17CF802327EF80B77F8027EF80C77F8032A5F56F80B2A12137EB3
:206AD80012FAF7C1F80977FAF8C1F80A322A5F5621030019E57DF80D77E17CF80C322A5F65
:206AF8003A571A22131A77F8052A5F56F80B2A12137E12FAF7C15F21F8C156CDE129C36311
:206B18006CF80B2A5F566B6223E57DF80B77E17CF80A322A5F561AF80722131A77F8012AD1
:206B38005F561AF80B22131A77F80B5D54F8071A1396231A9EDA4E6CF8092A5F2A572A1279
:206B5800137E12FAF7C15F21F8C156CDE129C3636CF8092A5F56F8072A666F19E57DF80D72
:206B780077E17CF80C77F8032A5F56F80B2A12137E12FAF7C14F21F8C146F8007EB7CA18C2
:206B98006C595013210600094D44FAF7C16FFAF8C167E5D5C51E0421B059CD393BE8065966
:206BB80050FAF7C14F21F8C1467AB32853696023E57DF80B77E17CF80A322A5F2A571A2205
:206BD800131A77211300094EF80B2A5F5606007B914F7A9847F8092A666F792270FAF7C115
:206BF8006FFAF8C1672323232A4F46F8052A666F792270FAF7C15F21F8C156CDE129184B4A
:206C180003F80B792278322A5F561A4F131A47F8012A5F561A6F131A677995789C38174DA2
:206C380044F80B2A666F792270FAF7C15F21F8C156CDE1291815F8132A4F4669602A66C6BD
:206C5800FC5F7CCEFF577B02037A02E80DC9E8F3F8132A5F56211000193601F8157EF80B93
:206C780077F8167EF80C32CB2623CB16F816CB7E28172B2B2B2A5F56210800192A4F46F8DF
:206C98000B2A666F094D44180B113FC3F80B2A666F194D44F809792278322A5F561A4F06C2
:206CB800006960290929092929291145D1195D5421F9C17B227221F9C12A666FCB7EC2C98B
:206CD8006FF8177EE620F80077F8092A5F5621040019E57DF80377E17CF802322A5F561AB7
:206CF800F80722131A77FAF9C14F21FAC14621030009E57DF80577E17CF804322A5F561A0B
:206D1800F80B22131A77F8072A5F56F80B7E932013237E92200EFAF9C15F21FAC156CDE119
:206D380029C3C96FD5F80B2A5F5621020019D1E57DF80777E17CF80677211300094EF80B1B
:206D58007EF80777F80C7EF808227922AF227B96237A9ED2CE6EF8072A5F2A572A666F7B3A
:206D7800955F7A9C4B47F8032A666F792270FAF9C1F80B77FAFAC1F80C77F8007EB7CA7D88
:206D98006EF80B2A4F3A47032A5F56210600195D54FAF9C16FFAFAC167E5C5D51E0421B0EC
:206DB80059CD393BE806FAF9C1F80B77FAFAC1F80C7778B1CA7D6E2B2A5F5621030019E5CB
:206DD8007DF80577E17CF804322A5F561AF80722131A77F80B2A5F5621130019E57DF80BCD
:206DF80077E17CF80A322A5F2A23571A77F8077EF80A322B7EF80B227EF80822AF322A5F2C
:206E18002A572A666F19E57DF80377E17CF802327EF80B77F8027EF80C77F8032A5F56F8A7
:206E38000B2A12137E12FAF9C1F80977FAFAC1F80A322A5F566B6223E57DF80D77E17CF839
:206E58000C322A5F3A571A22131A77F8052A5F56F80B2A12137E12FAF9C15F21FAC156CD12
:206E7800E129C3C96FF80B2A5F5621030019E57DF80B77E17CF80A322A5F561AF80722133C
:206E98001A77F8012A5F561AF80B22131A77F80B5D54F8071A1396231A9EDAB46FF8092A15
:206EB8005F2A572A12137E12FAF9C15F21FAC156CDE129C3C96FF8092A5F56F8072A666F06
:206ED80019E57DF80D77E17CF80C77F8032A5F56F80B2A12137E12FAF9C14F21FAC146F8F2
:206EF800007EB7CA7C6F595013210600094D44FAF9C16FFAFAC167E5D5C51E0421B059CD3C
:206F1800393BE8065950FAF9C14F21FAC1467AB3285221030009E57DF80B77E17CF80A32E8
:206F38002A5F2A571A22131A77211300094EF80B2A5F5606007B914F7A9847F8092A666F28
:206F5800792270FAF9C16FFAFAC167232A4F46F8052A666F792270FAF9C15F21FAC156CDD4
:206F7800E129184D030303F80B792278322A5F561A4F131A47F8012A5F561A6F131A67790F
:206F980095789C38174D44F80B2A666F792270FAF9C15F21FAC156CDE1291815F8132A4F76
:206FB8004669602A66C6FC5F7CCEFF577B02037A02E80DC9E8EFF8172A5F5621100019365A
:206FD80001F8192A4F46CB21CB10CB7E28212B2B2B2A5F5621080019E57DF81177E17CF896
:206FF80010322A5F561A6F131A67094D7C1806213FC3094D7CF8007123770145D1D1D51A7C
:207018005F16006B6229192919292929094D7C21FBC17123322A666FCB7EC29274F81B7E01
:20703800E620F80277D1D521020019E57DF80577E17CF804322A5F561A4F131A47FAFBC10C
:20705800F80577FAFCC1F806322A5F566B6223E57DF80977E17CF808322A5F2A571A22132C
:207078001A22792270F8092A239620082B2A23963E012801AFF80D77D1D521040019E57DBE
:20709800F81077E17CF80F322A5F561A4F131A47F8052A666F2323232A669120067C903E11
:2070B800012801AFF81077F80D7EB7C26C72F8052A5F56211300194D440AF8094E23465FAB
:2070D8001600D5F80D5D54F80B1A1396231A9ED1D2AD7179934F789A47F8072A666F792248
:2070F80070F8027EB72874FAFBC121FCC1465F5013C6064F3001042B6EFAFCC167E5D5C51B
:207118001E0421B059CD393BE80678B1284DFAFBC14F21FCC146696023E57DF80E77E17CED
:20713800F80D322A5F561A6F131A6779C6134F3001040A4F0600094D44F80C2A666F792297
:2071580070FAFBC121FCC1666F2323232A4F46F80E2A666F792270F80D3601FAFBC121FCF7
:20717800C1464F0359501AF80922131A77F8032A5F561AF80B22131A77F8092A5F2A572A22
:20719800937E9ADA6C722B2A5F2A577B02037A023601C36C726B62094D44F8072A666F798D
:2071B8002270F8027EB72877FAFBC121FCC1465F5013C6064F3001042B6EFAFCC167E5D5FA
:2071D800C51E0421B059CD393BE80678B12850FAFBC14F21FCC146696023E57DF80E77E1E1
:2071F8007CF80D322A5F561A6F131A6779C6134F3001040A4F7D0600914F7C9847F80C2AAD
:20721800666F792270FAFBC121FCC1666F2323232A4F46F80E2A666F792270F80D3601FA9F
:20723800FBC14F21FCC14603F80B792278322A5F561A4F131A47F8032A5F561A6F131A6709
:207258007995789C380E4D44F80B2A666F792270F80D3601F8107EB7C264742B2B2A5F56C8
:207278001AF80B22131A77FAFBC14F21FCC14621030009E57DF80977E17CF808322A5F2AA1
:20729800571A22131A222A5F56211300094EF8092A23322A23770600F8097B96237A9ED221
:2072B800A173F80B2A5F567B915F7A984B47F8072A666F792270F8027EB7CA6673FAFBC120
:2072D800F80977FAFCC1F80A322A5F566B6223E57DF80D77E17CF80C322B2B2A5F56210697
:2072F80000194D44FAFBC15F21FCC156D5F80D2A5F56D5C51E0421B059CD393BE80678B18C
:20731800284CFAFBC14F21FCC14621030009E57DF80D77E17CF80C322A5F561A6F131A671E
:2073380079C6134F3001040A4F0600094D44F80B2A666F792270FAFBC16FFAFCC167232AC9
:207358004F46F8032A666F792270F8103601FAFBC14F21FCC146030303F80B792278322A98
:207378005F561A4F131A47F80E2A5F561A6F131A677D917C98DA64744D44F80B2A666F7981
:207398002270F8103601C36474F80B2A666F094D44F8072A666F792270F8027EB72876FAFD
:2073B800FBC121FCC1465F5013C6064F3001042B6EFAFCC167E5D5C51E0421B059CD393B00
:2073D800E80678B1284FFAFBC14F21FCC14621030009E57DF80D77E17CF80C322A5F561A47
:2073F8006F131A6779C6134F3001040A4F7D0600914F7C9847F80B2A666F792270FAFBC1C2
:2074180021FCC1666F232A4F46F8032A666F792270F8103601FAFBC14F21FCC14603030349
:20743800F80B792278322A5F561A4F131A47F80E2A5F561A6F131A677995789C380E4D4435
:20745800F80B2A666F792270F8103601F80D7EB72813F8107EB7280DFAFBC15F21FCC15698
:20747800CDE1291815F8172A4F4669602A66C6FC5F7CCEFF577B02037A02E811C9E8FAF870
:207498000E2A4F46CB21CB10CB7E2811F80C2A5F56210800192A6E814F7D881806213FC3EB
:2074B800094D7CF8047123320145D12A5F561A5F16006B6229192919292929094D7CF80005
:2074D800712377D1D51A073859F8042A666F23232A4F46E1E5235D541AF80222131A77F8C5
:2074F80004792278323A2B962007F8053A2B962831F8045D54F8021A1396231A9E3006F845
:207518000536031804F80536013E01F533F8067EF533F8022A5F56D51E0421BF54CD393B75
:20753800E804E806C9E8FCF80C2A4F46CB21CB10CB7E2811F80A2A5F56210800192A6E8164
:207558004F7D881806213FC3094D7CF8027123320145D12A5F561A5F16006B622919291916
:20757800292929094D7CF800712377D1D51A073850F8022A5F56210400194D4459501AF8F1
:207598000222131A77E1E52323232A4F46F8027E912005237E902829F8022A917E9830046E
:2075B80036021804F8033600F8037E2601E533F533F8022A5F56D51E0421BF54CD393BE821
:2075D80004E804C9F8082A4F46CB21CB10CB7E280FF8062A5F56210800192A666F09180491
:2075F800213FC3094D440A4F06006960290929092929291145D1195D54210500197EC60437
:1E7618004F2114001971211600197987854F3E008C4769602366240AE533CD9429C926
:208000006801FFFFFFFFFFFFF7FFFFFF7FFFFCFCF8FBFFFFFFFFDEFEF1F1CFCF303F457F15
:20802000CFFFFFFFFFFF0707F3F7A5F777F7F4F7C4EFFDFDFDFDECFDCDFDFDFDC6FE7FFFF3
:20804000FFFFBFBFA1BF93B3BBBBB3B327270F0FBFBFFFFFFFFFFFFFFFFFFFFFFFFFFCFF49
:20806000F0FFFFFFFFFFFFFFFEFFDEFF80FF00FF03FCFFFFFFFFFEFF00FF00FF00FF04FFC7
:20808000C03FFBFF0FFF00FF00FF1BFF3FFF2FFF7FFFE0FFFEFF3FFF3FFFFFFFFFFFFFFF85
:2080A000F1F103FF7FFFFFFFFFFFFFFFFFFFFFFFFCFC8FFFFFFFDFFFFFFFF8FFF3FF92FF8E
:2080C000B6FFFFFFFFFFFFFFFFFF6FFFFFFFFFFFDBFFFFFFFFFFFFFFFFFFFFFFFFFFFCFFC0
:2080E000FFFFFFFFFFFFF0FF30FF1EFFFFFFFFFFFFFFFFFFE0FF7FFF8FFF7FFFFFFFFCFFF1
:20810000FFFFFFFF20E0E6E6F7F7F1F1FDFDF0FCFEFEFFFFFFFF3F3FC7C7E3F3FCFCFFFF11
:208120007F7FFFFFFFFF3FFFFFFFCCFF4F7F3F3FC7C7FFFFFFFFFFFFFEFFFFFFFFFFFFFF73
:20814000FFFFE7E7CFCF1F1F7C7CC3C31F1FFFFFFFFFE5FF10FF101F607FC4FFFFFFFFFFFF
:20816000FFFF6DEFE7EF6BEFCFEF00CFC3DFDFDF0F0FFFFFBFFFEFFF7EFFF9FF84FEFEFECD
:20818000CEFEBFBFBFBF3F3F7F7F1F7F797F3FFFFBFFFFFFFFFFFFFFFFFFFFFF0FFFD8FFF2
:2081A000FFFF01FEE0FFF4FFFFFFBFBF9F9FDFDFD8DEE01F3CC203FC80FFFEFFF8F8E0E09A
:2081C000000001E10000C00006F082F81C1C00000000FCFC7E7E1E1E00060002C00000005D
:2081E00000001C1C5E1E0B0F03038103000000000000091F1B1F0F0F4707070763030001E4
:2082000000002DFF6DFFB6FFFDFFCFCFC7C707870484FFFFBBFBB0F060F0C0E0808001018D
:208220000501FFFFFFFF7F7F7F7F377F55FFF7FFFFFFFFFFFFFFFFFFF8F8C3C360E07FFF14
:20824000E7FFFFFFFFFFFFFF3F3FC3C30808F0F0FFFFBFBF9F9FCFCFF7F7F3F3F9F900002C
:208260009999F3F3F9F9FEFEFFFFFFFFFFFF3F3F8080FFFFFFFF7F7F9F9FCFCFE3E3FBFBEE
:208280000303FFFFFFFFFFFFFFFFFFFFFFFFFFFFFFFFFEFEFCFCF8F8F1F1EBEBDBDB9A9A62
:2082A0003A3A0F0F0F0F838319193C3C3F3F7F7FFFFFFDFDFDFDF9F9CBFBF1F777772F2F04
:2082C0008F8FC3FFFFFFFFFFFFFFFFFFFFFFFFFFFFFFFFFFF8FFFFFFFFFFF0F0FFFFEFFF0F
:2082E000FFFF9C9CA0B888B821314373B3F3F6F7FEFF000000007F7FFFFFFFFFFEFF56FFCC
:20830000BFFF00000E00E3FCF1FEE7FF13FF5FFFF7FF00000000FF00FB00FFE0FFFEFFFFA3
:20832000FFFF00000000C0007700EB046F10EAD5FFFF0000000000004000F7005BA4F000B7
:20834000808000000000000000004000FE00000000000101030321030003C00120000000CF
:208360000000FFFFFFFFFFFF3FFF1FFF17FF7F7F0707FEFFFFFFFFFFFFFFFFFFFFFFF7FF9C
:20838000FFFFFFFFF8F8FDFFFFFFFFFFFFFFFFFFFFFFE3E30F0FFFFFBFFFEBFFDAFFCBFFD2
:2083A000FBFFFFFFFFFFFFFFFFFFFFFFFFFF5BFFBEFFFFFFFFFFFFFFFFFFFFFFFFFFFFFFC6
:2083C000FFFFFFFFFFFFFFFFFFFFFFFFFEFEF9F9E6E67B7B7B7B7373646401011F1F9F9FD7
:2083E0005F5FFFFFFFFFFFFF0F0FF1F1FCFCFEFEFEFEDFDFDFDFCFCFCFCFCFCFCFCFCFCF43
:20840000FFFFFFFFFFFFFEFFFFFFFCFFE9FF9FFFFFFFFEFFE7FF3FFFF7FF7FFFF9FFC1FF9B
:2084200017FF1FFF7FFFF9FFFFFFFFFF7FFFDCFFF8FFFCFFF3FFFFFFFEFFF8FFC7F800FFA9
:208440000BFFFFFFFFFFFCFF80FF01FF07FF3FFFF8FFFEFEE0F010E000C050D0109050D005
:2084600050D00000000000000000000020206060C0C000000000000004001000020029001D
:208480002A0000000000000040008000400000008000000000000000000000000000000032
:2084A000000000000000000000000000FEFE03030000737F00000000000000000000F0F0E8
:2084C0003030FFFFFFFF787F1E1F1F1F010101010000FFFFFEFF70FF07FFFFFFFFFFFFFF60
:2084E000F8FF66FF04FF07FFFFFFFFFFFFFFFFFFFFFF7FFFFFFFFFFFFFFFFEFFFFFFFFFFB0
:20850000FFFF9D9D31318F8F3F3FEFFF7FFFFFFF7FFFE7E7F3F3F9F9FEFEFFFFFFFFFFFFA1
:20852000FFFFFEFEECFCF9F90303FFFFFFFFFFFFFFFFBFBFBCBFBEBFBCBFBEBFBFBFBFBFFF
:20854000BFBF38FF1CFF3FFF3FFF1FFFC0FFFFFFFFFF0FFF38FFF8FFFEFFFFFFFFFFF0FFD2
:20856000FFFF80FF03FF00FF00FFE0FF87FFFFFF043C00FF00FFC0FF1CFF00FFE0FF00FF26
:20858000383FB8FF1EFF03FF04FF80FE00FEFEFE66FE11D1008080000000000006000608B9
:2085A0003E38808001000707090F071F1C3F273F303F1100DA00F780FEC4DFE43FFEE2FFC3
:2085C0007FFFE01070807800D4287A84CC33FAE537F800000000000000000000000080003E
:2085E0004080000000000000000000000000000000006060C7C7FCFC000003031E1E14100F
:208600001F180000E0E06060404080800800800022007FFFFFFFFFFFFFFFFEFE7E7E787819
:208620003330FFFFFFFF8787070737076F0FDF1F3F3FFFFFFFFFFFFFFFFFFFFFFFFFFFFF95
:20864000FFFFFFFFFFFFFFFF83FFFFFFFFFFF0FF3FFFFFFFFFFFFFFFF8FFFFFFFFFF78F81A
:20866000C7C7FFFFFFFFFFFFFEFEFCFC80817373E7E7BFBF3F3F7F7F477FFFFF3FFFF8FFD6
:20868000FFFFFFFFFFFFF0F8FCFCFFFFFEFE78F881F1FCFCF8F800001800180000002121CA
:2086A000E1E13F3F6F3F3DFF7FFF3F3F0F0F0707FFFFFFFFFFFFFFFFF7FFFEFFFFFFF9FF87
:2086C000FFFFBCFCF8F8F9F9F3F3FFFFEFFFFFFFFFFF6478ECF0FCE0FCE8FDF9FBFBF3FFDE
:2086E000FBFF307F3C7F7CFFE7F8F6F8B1FEE2FFE1FF01FF07F8FF0073004300830177F3BC
:20870000FEFFF8E7EF177EBFE07F807FF0FFECFF00FF20C0F0F0F8F818F80CFC04FC0EFC31
:208720000EF0000000000000002000000000000000000E08090A0E0C0606070703030000B8
:20874000A00020400A00D00824808CA0E4C278781F1E0E00080000004F00000080010000AE
:2087600000003F3FFFFF0000FF000000FFFF9FFF677FFFFFFFFF0707F7070707FFFFFFFFEA
:20878000BFFFFEFEF8F8F8F8FFFFFFFFFFFFFFFFFFFF1F1FFFFF1F1FFFFFFFFFFFFFFFFFD7
:2087A000FFFFFFFFFFFFFFFFFFFFFFFFFFFFFFFFFFFFFFFFFFFFFEFFFFFFFBFFF7FFFFFFE6
:2087C0007BFFF3F3C3FFBFFFFEFFF2FFEFFFFDFFFBFFE1E1E1E1E3E1A7E1FDF36FF179F658
:2087E000B4F0FFFFFFFFFFFFFFFFFFFFF7FFF8FF0F0FFFFFFFFFFFFFDFFFE0FF10EF4AFFD5
:2088000000FFFFFFF7FFFCFF80FF0AFF60FF01FF12FF1FFFFCFF0FFF0CFF10FF3FFF00FFF4
:2088200000FFF3FF30FE80FF06FFF0FF00FF07FF40FF1CFF201F1F800FE002E100E2E0E0F5
:20884000E3E008FF02FF7FFEFF001FE03BC4E31CE1021EE07D82FE01D72B4FB7BF4FFF3FA1
:20886000C33F000000000000000000000000000000002C0015001E1F0E0F0707010100004B
:2088800000001E0E1E1E1F9F0FFFFFFFFFFFFFFF7F7F0C00060043004100C484E686A3833C
:2088A000A3833D3F1F1F0F0F8F0FC70743036303B181EFFF79FF1EFF87FFEBFFF5FFF9FF91
:2088C000FEFFFFFFFFFFFFFFFFFFFFFFFFFFFFFFFFFFFFFFFFFFFFFFFFFFFEFFFCFFF8FEC5
:2088E000F0FEFDFFE5FF85FF0DFF61FF42FF00710023EFFFCFFF3BFF67FF8CFF32FF25FFA9
:2089000000FF5DFF70FCC0F800E0A0E000C000801E000000010048000000000000000000D1
:208920000300010180000000400021004100C7008700E3FF0EFF0FFF877F837F607F0000DE
:20894000010080FF01FFC0DF84C7F0E230C0D020F700A4DF18FFC0CF080F0F1F081F3E3FF2
:20896000073F8F7F20DF04FB02FD00FFF0FF07FF80FFE7E09EE004E00BCB02CF04FF00FF61
:2089800060FF0300010203008182E3E13BFD07F925F9FF7FF17FC1FF81FF81FF03FF02FEA2
:2089A00002FE000000000000000004000000180000000000000000000000080000001C0077
:2089C00000003F3F003F031F1F1F0F0F000F000F0307E3C330C3D2C3D3C3D3C31BC309C330
:2089E00083C3D9C109E111F1F9FFFFFFFFFF3FFF01FFFFFF1FFF3FFF3FFFFFFFFFFFFFFFE7
:208A0000FFFFFFFFFFFFFFFFFFFFFFFFFFFFFFFFFFFFE3FFC4FF88FF88FF11FF00FE40FC6B
:208A200063FF01030087F0C03880000003137879C9F904FB04FA7C027E007806FBFC27FC87
:208A40002FF61100041809320E210037213E8B1FEE0CE7003E00BC00B8008100C700BD4042
:208A6000E0000B041F003F01EF13DA277E8FB85FBC7B87000FFFFFFF00FF08F704FB639FB8
:208A800038FFA750E3E040C043C04FCF5FDF01FF00FF3C3F001F0C0F000780C7F8FFFEFF90
:208AA00074FF1CFF71FF03FF10FF00FF20FF40BF08FF0CFFD1FF10FF66FF11FF0CFF96FF84
:208AC000C2FF48B980F960FB98FF04FFEAFF31FF10FF867E04FC0CFC887808F818F811F021
:208AE00010F01400040428041A06461E033F037F027F06000500070F070F06070607060707
:208B00000687070703030003838302C306C704C70CCF1EFFF7FFFEFF0FFF63FF08FF06FFE7
:208B200003FF20FF04FF60FF88FFE2FFF1FF78FF7DFF1FFF00FF80FF20FF00FF10FF00FF9F
:208B400000FFFFFFFFFFFFFFFFFFFFFFFFFFFFFFF0F063FF63FF43FF90FF91FFAAFFC8FFAF
:208B6000063F0CFC0EFE0BFF05FF8FFF42FFC7FF43FFA3FF20FF3EFF1CFF3EFF37FF9FFF8D
:208B80008FFFBAC1FBC4FF7E1FFF00FFF2FFE0FFE0FFA04062826590F0F0F7F017F015F236
:208BA0001AF564FBC0FF00FF00FF00FF00FF18FF07E700FF18E713FC01FF00FF00FF07FF76
:208BC00087FF00FF00FF01FF00FFFE0100FFFFFF00FF05FE49F681FE609F00FF08FF19FF39
:208BE00003FF10FF47FF07FF08FF02FFBE7F94FFC4FF8EFF04FF08FFA8FF91FF03FF0CFFA2
:208C000070FF18FF19FE2CFF1CFF19FF93FF67FF0FFF30F0A0E061E1C3C387870F0F1F1F81
:208C20007EFF03FF43FF02FF86FF08FF1CFF38FF74FF0687068706870ECF0CCF0CCF5EDFAA
:208C40005CFF58DF70FF00FF40FF40FFF0FF7EFF00FF03FF00FF00FF0EFF18FF01FF0EFFFA
:208C600070FEFDFF3DFF39FF72FF203F183C2021001F00FF00FF08FF00FB00C3031300C7F2
:208C8000101FF7F7F7F7F7F7F7F7F7F7FFFFFEFEF8F8839FD0DFDADF9D9FBEBF3F3F7F7F56
:208CA000FFFF35FF9AFF4FFF63FF25FF17FF8FFFDCFCC7FF6BFF35FF1BFF9EFFFFFFFFFF82
:208CC000EF9FC0FFC8FFA4FFDEFEF6FEF9FF7EFFFFFF3EF119F640B1060006008680E1E197
:208CE00083C300CF8F8F000F001F00010001FCFF03FF06FFE0FF02FF40FF03FF0EFF0CFFD6
:208D000002FF00FF01FF00FF07FFA0FF00FF08F700FF3CFFF1FF30FF80FF08F7C13F07FFD4
:208D20005FFF1CFF80FF00FF3EFF7FFFE3E3E0E0E1E012FF0FFFDFFFDFFFFFFFFFFFFEFE67
:208D4000FA7C24FFE5FFEFFFFCFFFFFFFFFF1C1300007DFFFFFFBFFF7FFFFFFFFFFF83034A
:208D60000101E0FFC8FFF8FFE4FFCCFFFFFFFFFFC3FFDFFFC7FFFCFF00FFFFFFFFFFFFFF50
:208D8000FFFF9FFFF0FF38FF06FF01FFFFFF80FFE0FFC0FE40FC00FC18FAF8FB83F700EF4C
:208DA0004FCF007800C33F3F003F068700F800FFC0FF1CFFF3FF00FF00FF00FF007F008F42
:208DC00000F00707BFBF9F9FDFDFEFEFEFEFEFEFF7F7FFFFFFFFFFFFFFFFFFFFFFFFFFFFA1
:208DE000FFFFF8F8F0F0F0F0E0E0E0E0C0E0E0C0E0C0070300010000000000000E080F082D
:208E00001F1CFFFF5FBF077F0303010123004700DF00C6C7CFCFFFFFBFFFF7FFFCFFFFFF4E
:208E2000EFFF28D7C1FEFFFFFFFFF8F8F8F898F8FCFC40FFF8FFFDFFCFBF1B0F1D070D0700
:208E40000F0780FF17FF0FFF1CFCD8B898F8F8F8D8F807FFE5FFF0FF313F313F3C3F383FB6
:208E6000183FE7E0EFE07FF03FFFFFFFE1E0C9C0C3C0FC7CEC7EFCFEFFFFC5FEC5FEC7FE68
:208E8000C7FE0000000007000F0F000F000F000F000F00000000F800FE807FE0CF3007F8D9
:208EA00066F8E0FF7F7F3F3F1F1F1F1F1E1F0C0F0C0F7FFFFFFFFCFFFFFFFFFF03FF08FF8E
:208EC00002FFFFFF00FF00FFFEFEFDFDFBFB67E701819F9F30BF077F017FC2FFE2FFC9FF3C
:208EE000F7FFFCFFFEFF7FFFFCFF7CFEF8F9EBFB9AFA01FF91FF2EFF15F70000CBDF0F1F85
:208F00003D3FF7F7E7E7CFCF9F9FBFBFBFBFBFBFBFBFFFFFFEFFC0FFFFFFFFFFFFFFFFFF93
:208F2000FFFFC0E0C0C0C0C0C1C181C1C08080C080807F7EF7FEFFFFFFFFFFFF071F0F0F1F
:208F40000F03FF01FF07FFFFFFFFF1FFFFFFFFFFFFFFC3FFCFFF97FFFFFFFFFF85871D03C5
:208F60008F01ECFCFCFEFEFEFEFEFEFEFEFCFCFCFCFC2B070F030F031F031F031F033D03A5
:208F80003B07F8F8F8F8F8F8F8F8F8F8F0F0F0F0F0E0593F1F3F1F3F1F3F1F3F1F3F3F3F63
:208FA0003F3FC3C0CFC0C7C0E7C0C7E0F3F0F9E8F1F8FEFEE67EEE7E6CFE6CFE6EFC7FFC1A
:208FC0007BFC180F110F101F001F100F000F0000800007F80FF05FE01EE038E040800000C4
:208FE00007000C0F0C0F0C0F1E1D0F1F3F1FFF1FBF7F02FE847C07FF3EFFF7FFFFFFFFFFC1
:20900000FFFF243CDFFFDFFF7FFFFFFFFFFFFFFFFFFF3E3F8A8FD1F1FCFCFBFFDCFFFBFFA1
:20902000D7FF38F8FFFF7FFF1F1FC0C0FFFFFFFFFFFF3F3F9F9F47C7F1F17C7C8080FFFF54
:20904000FFFF7F7F7F7FF3FFFDFFFEFFFFFFFFFFFFFFFFFFFFFFFFFFFEFE7CFE9CFEEEFC3D
:20906000FCFC8200890007000F000F0107070F0F0F0F1F07FB07FB07F70FFFFFFFFFEFFF63
:20908000F8FFF7FF1FFFFFFFFFFFFFFFFEFEFEFCF8F88701078107000B000F011F033F074B
:2090A0007E07FCF8F8F8D8F8F8F8F8F8B8F81CFC6EFE7B073B07BF071D0360000000000059
:2090C0000000E0E0C0C08080010107070F0F1F1F3F3F313F707FE0FFC0FFBFFFFFFFFFFFAF
:2090E000FFFFB9F831F871F0E3E0E2E0E7E0EBE0EFE0FE7CBF7CBF7CFF3CFD3EFF3FB77F77
:20910000BF7FB000AF00FD005F00FF07FFFFFFFFFFFF1F00FF03FF1FFF7FFFFFFBFFFFFFA3
:20912000FFFFFFFFFFFFFFFFFFFF7FFFFFFFFFFFFFFF7FFFFFFFFFFFFEFFECF4E0E080C06A
:209140008080FBFFF5FFFFFF57FF0B0F070727034701BFFFFFFFFFFFF7F8F0F0E0E0C4C066
:20916000C3C0FFFFFFFFFFFFBF7F0F1783052D03BD03FFFFFFFFFFFFFFFFFFFFFFFFFFFFA4
:20918000FFFFFFFF3F3FBFBFFFFFFFFFFFFFFFFFFFFFFCFCFCFCFCFCFCFCFCFCFCFCFCFC19
:2091A000FCFC070F070F070F0F0F070F0F0307070103FEFFFFFFFFFFFFFFFFFFFFFFFFFF2C
:2091C000FFFF38F0F8F0F8F0F8F0F8F0B8F0F8F0E0F07F077F1F7F1F7F3F7E3EF838E060BD
:2091E000C04027FFFFFFFFFF8F831F032F033F035F03FFFFFFFF19E763FC76FFFBFFFFFF7B
:20920000BFFFF7FFFFFFBCFE3CF030F8B8F0F1F0F1F0FFFF47C707070F031F035F43FFEF46
:20922000FFFF6FE0FFFFFFFFFCFCF8F8F8F8B8F8F8F87FFFFFFFFFFF000000000000587823
:209240006CFCFCFCD8F8F8F8F8F8787878787878F8380707030301015040E0E0E4F0E0F8EC
:20926000F4F8BFFFF7FFFFFFFFFFFEFEFEFE7E7E7E7E808003030707060707070F070F0FFF
:209280000F0F0B012F80FB80FF80FF81FFF7FFFFDFFFC7C0C7C08F838F8787870707000057
:2092A0000000FF03FF0FFFFFFFFFFFFFFFFFFF3FFF3FFFFFFFFFFFFFFFFFFFFFFFFFFFFF38
:2092C000FFFFFFFFFFFFFFFFFFFFFFFFFFFFFFFFFFFFFCFCFCFCFCFCFEFEFEFEFFFFFFFFC4
:2092E000FFFF0100120007002F002B001F007F00BFC1FF7FFF7FBF7FBF7FBF7FFF7F7FFF2C
:20930000FFFFF0F0F0F0E0F0F0F0F1F0F3F0FBF8FFFF0100030083000F003F00FD03FF074F
:20932000FFFFFF03FF077F0FDF3F3FFFFFFFFFFFF3FF3BFFF3FFFFFFFFFFFFFFFFFFEFFF3D
:20934000EFFEF1F0F1F038F8F8FCFFFFFFFFFFFF9F1FF00FEF016F0000008000F0F0F0F0E4
:20936000F0E0F9F859F8F170F070B070783818383838906CA1788378E7000F001F1FBF1F68
:209380003D1FF838F838F038F038F0F0F0F0E0F0E0E0A4F83C00000040001000F440F0C065
:2093A000FEC0FE7E7EFE7EFE7EFEFE7E3F7F1F1F1F1F0F0F0F0F07070000000009000000F6
:2093C000B380E7FFFFFEFEFE0E3E3D0E7F007F00FF000100030007000F031F0F1F0F8F1FC0
:2093E0008000FF3FFF3FFD7FFFFFFFFFFDFFFFFF0F0FFFFFEFFFBFFFFFFFBFFFFFFFFFFF7F
:20940000FFFFFFFFFFFFFFFFF9FFE5FFFFFFFBFFFFFFFFFFFFFF3FFFE1FFE1FFE7FFCFFFD4
:20942000C0F8FFFFFFFF07FF1FFFFFFF60E00E0E7E7EFFFFCFFFCFFFFFFFEFFFFFFFFFFF7C
:20944000FFFFFFFFFCFFFFFFF8FFFFFFFFFFFFFFF3F3FEFF18FFCCFF7FFFFFFFDFFFFFFF09
:20946000FFFF0FFFCFFF8FFFFFFFFFFFFFFFFFFF83FFFFFCFFFCFFFCFFFCFFFCEFFEF7FF40
:20948000FFFF8607870707078203F000A500FF80FFF0F0E0F0E080E0C3000F01FF07FF073E
:2094A000FFFF7878F8F8D8F8D8F8DDFCFFFFFFFFFFFF7F1F7E1FF70FFF07FF07FFFFFFFF12
:2094C000FFFF70E070F0E0F0FFFFFFFFFFFFFFFFFEFFFBE0FFE0F0FFFFFFFFFFBFFFE7FFD0
:2094E0007DFF9F1FFD1FFDFFFFFFFCFFF5FF9FFFEFFFDFC0FFF87FFFDFFF27FFFFFFFFFF8D
:20950000FFFFFF00FF0CFDFFFEFFFFFFFFFFFFFFCCFFE000E000FC007F80C3FCFBFC7EFF97
:20952000FFFF07070303870307030F03F703FF07FFFFDFFFFFFFFFFFFFFFFFFFFFFFFFFFA3
:20954000FFFFFFFFE0E0FFFFFFFFFFFFFFFFFFFFFFFF8287383FFEFFFFFFFFFFFEFFFFFFE7
:20956000FFFFFEFEBEFE1EFEE2FEFCFFFFFFEFFFFEFFFFFF9F9F1F1F4F4F6FEFC1F3F8F83B
:209580007FFFF0F0FCFCFEFEFFFFFFFFFFFF1F3F8080C3FF7F7F3F3F9F9FC7C7C9C91E1E49
:2095A0007F7FF8FFFFFFFFFFFFFFFFFFFFFF3F3FCFCF00FFFFFFFFFFFFFFFFFFFFFFFFFFB1
:2095C000FFFFFFFFFFFFFFFFFFFFFFFFFFFFFFFFF1F1FFFFFFFFFFFFFFFFFFFFFFFFE0E005
:2095E000FEFEFFFFFFFFFFFFFFFFFEFEFFFF00003F3FFFFFFFFFFFFFFFFF00003F3F3F3F0B
:20960000FFFFF0FFFFFFFFFFFFFF0000FFFFFFFFFFFFDFFFFFFFFFFFFFFF0000FFFFF0F0B3
:209620008787FBFFFFFFFFFFFFFF3F3F03036464F3F3FFFFFFFFFFFFFFFFFFFFFFFF677F1C
:209640008089CDFFFFFFFFFFFFFFFFFFF1F7C7C73F3FFFFFFFFFFFFFE1FFFFFFFFFFFEFF76
:209660003FFFFFFFFFFFFFFF8FFFC3FFFFFF1FFFF9FFFFFFF8F8F0F0E7E7EFEFCFCF9F9FF8
:20968000BFBF96339633963396339633963396339633963396339633963396339633963385
:2096A0009633125A00005A00005A00005A00005A00005A00005A00005A00005A00005A004B
:2096C000005A00005A00005A00005A00005A00005A00005A00005A00005A00005A00005AAC
:2096E00000005A00005A00005A00005A00005A00005A00005A00005A00005A00005A0000E6
:209700005A00005A00005A00005A00005A00005A00005A00005A00005A00005A00005A006B
:20972000005A00005A00005A00005A00005A00005A00005A00005A00005A00005A00005A4B
:2097400000005A00005A00005A00005A00005A00005A00005A00005A00005A00005A000085
:209760005A00005A00005A00005A00005A00005A00005A00005A00005A00005A00005A000B
:20978000005A00005A00005A00005A00005A00005A00005A00005A00005A00005A00005AEB
:2097A00000005A00005A00005A00005A00005A00005A00005A00005A00005A00005A000025
:2097C0005A00000D50000D50000D50000D50000D50000D50000D50000D50000D50000D508D
:2097E000000D50000D50000D50000D50000D50000D50000D50000D50000D50000D50000DBA
:2098000050000D50000D50000D50000D50000D50000D50000D50000D50000D50000D500056
:209820000D50001010005A00005A00005A00001010005A00005A00001010001010005A002F
:20984000005A00005A00001010005A00005A00001010001010005A00005A00005A00001022
:2098600010005A00005A00001010001010005A00005A00005A00005A00005A00005A0000C8
:209880005A00001010005A00005A00005A00001010005A00005A00001010001010005A00D2
:2098A000005A00005A00001010005A00005A00001010001010005A00005A00005A000010C2
:2098C00010005A00005A00001010001010005A00005A00005A00001010005A00005A0000A2
:2098E0001010001980005A00005A00005A00005A00005A00005A00005A00005A00005A0085
:20990000005A00005A00001880001980001A80001B80001C80005A00005A00005A00005A29
:2099200000005A00005A00005A00001B80005A00005A00005A00001A80005A00005A000022
:209940005A00001980005A00005A00005A00005A00005A00005A00005A00005A00005A00EA
:20996000005A00005A00005A00005A00001E80001F80002080005A00005A00005A00005A3A
:2099800000005A00005A00005A00001C80005A00005A00005A00001880005A00005A0000C3
:2099A0005A00000D50000D50000D50000D50000D50000D50000D50000D50000D50000D50AB
:2099C000000D50000D50000D50000D50000D50000D50000D50000D50000D50000D50000DD8
:2099E00050000D50000D50000D50000D50000D50000D50000D50000D50000D50000D500075
:209A00000D50000D50000D50000D50000D50000D50000D50000D50000D50000D50000D5047
:209A2000000D50000D50000D50000D50000D50000D50000D50000D50000D50000D50000D77
:209A400050000D50000D50000D50000D50000D50000D50000D50000D50000D50000D500014
:209A60000D50001910005A00005A00005A00002510005A00005A00005A00001910005A008C
:209A8000005A00005A00002510005A00005A00005A00005A00005A00005A00005A00005A0D
:209AA00000005A00005A00005A00005A00005A00005A00005A00005A00005A00005A000022
:209AC0005A00005A00005A00005A00005A00005A00005A00005A00005A00005A00005A00A8
:209AE000005A00005A00005A00005A00005A00005A00001910005A00005A00005A000031E2
:209B000010005A00005A00005A00001910005A00005A00005A00003110005A00005A0000FB
:209B20005A00001050005A00005A00005A00001010005A00005A00001010001010005A00EF
:209B4000005A00005A00001010005A00005A00001010001010005A00005A00005A0000101F
:209B600010005A00005A00001010001010005A00005A00005A00001010005A00005A0000FF
:209B80001010001010005A00005A00005A00001010005A00005A00001010001010005A0009
:209BA000005A00005A00001010005A00005A00001010001010005A00005A00005A000010BF
:209BC00010005A00005A00001010001010005A00005A00005A00001010005A00005A00009F
:209BE000101000105000105000105000105000105000105000105000105000105000105085
:209C0000001050001050001050001050001050001050000F50000F50000F50000F50000F79
:209C200050000F50000F50000F50000E50000E50000E50000E50000E50000E50000E500025
:209C40000E50000D50000D50000D50000D50000D50000D50000D50000D50000D50000D5004
:209C6000000D50000D50000D50000D50000D50000D50000D50000D50000D50000D50000D35
:209C800050000D50000D50000D50000D50000D50000D50000D50000D50000D50000D5000D2
:209CA0000D50005A00005A00005A00005A00005A00005A00005A00005A00005A00005A00C3
:209CC000005A00005A00005A00005A00005A00005A00002510005A00005A00005A000031F4
:209CE00010005A00005A00005A00002510005A00005A00005A00003110005A00005A00000E
:209D00005A00005A00005A00005A00005A00005A00005A00005A00005A000021D0005A00CE
:209D2000005A00005A00005A00005A00005A00005A00005A00005A00005A00005A00005A45
:209D400000005A00005A00005A00005A00005A00005A00005A00005A00005A00005A00007F
:209D60005A00001050005A00005A00005A00001010005A00005A00005A00001010005A0073
:209D8000005A00001010001010005A00005A00005A00001010005A00005A00001010001017
:209DA00010005A00005A00005A00001010005A00005A00001010001010005A00005A0000BD
:209DC0005A00001010005A00005A00001010001010005A00005A00005A00001010005A008D
:209DE000005A00001010001010005A00005A00005A00001010005A00005A000010100010B7
:209E000010005A00005A00005A00001010005A00005A00001010001010005A00005A00005C
:209E20005A000020D0005A00005A00005A00005A00005A00005A00005A00005A00005A00AE
:209E4000005A00005A00005A00005A00005A00005A00001ED0005A00005A00005A00005A90
:209E600000005A00005A00005A00005A00005A00005A00005A00005A00005A00005A00005E
:209E80005A000020D0005A00005A00005A00005A00005A00005A00005A00005A00005A004E
:209EA000005A00005A00005A00005A00005A00005A00001910005A00005A00005A0000311E
:209EC00010005A00005A00005A00001910005A00005A00005A00003110005A00005A000038
:209EE0005A00001980005A00005A00005A00005A00005A00005A00005A00005A00005A0045
:209F0000005A00005A00001880001980001A80001B80001C80005A00005A00005A00005A23
:209F200000005A00005A00005A00001B80005A00005A00005A00001A80005A00005A00001C
:209F40005A00001980005A00005A00005A00005A00005A00005A00005A00005A00005A00E4
:209F6000005A00005A00005A00005A00001E80001F80002080005A00005A00005A00005A34
:209F800000005A00005A00005A00001C80005A00005A00005A000018848F5A00005A00002A
:209FA0001810005A00005A00005A00005A00005A00005A00005A00005A00005A00005A00F5
:209FC000005A00005A00005A00005A00005A00005A00001910005A00005A00005A000031FD
:209FE00010005A00005A00005A00001910005A00005A00005A00003110005A00005A000017
:20A000005A00005A00005A00005A00005A00005A00005A00005A00005A00005A00005A0062
:20A02000005A00005A00005A00005A00005A00005A00005A00005A00005A00005A00005A42
:20A0400000005A00005A00005A00005A00005A00005A00005A00005A00005A00005A00007C
:20A060005A00001050005A00005A00005A00001010005A00005A00005A00001010005A0070
:20A08000005A00001010001010005A00005A00005A00001010005A00005A00001010001014
:20A0A00010005A00005A00005A00001010005A00005A00001010001010005A00005A0000BA
:20A0C0005A00001010005A00005A00001010000D10005A00005A00005A00000D10005A0090
:20A0E000005A00000D10000D10005A00005A00005A00000D10005A00005A00000D10000DC3
:20A1000010005A00005A00005A00000D10005A00005A00000D10000D10005A00005A000062
:20A120005A00005A01015A01015A01015A01015A02015A02015A02015A12015A00005A001D
:20A14000005A00005A00005A00005A00005A00005A00005A00005A00005A00005A00005A21
:20A1600000005A00005A00005A00005A00005A00005A00005A00005A00005A00005A00005B
:20A180005A10004400004420005A00005A00005A00005A00005A00005A00005A00005A00DD
:20A1A000005A00005A00005A00005A00005A00005A00005A00005A00005A00005A00005AC1
:20A1C00000005A00005A00005A00005A00005A00005A00005A00005A00005A00005A0000FB
:20A1E0005A10004300004320005A00005A00005A00005A00005A00005A00005A00005A007F
:20A20000005A00005A00005A00005A00005A00005A00005A00005A00005A00005A00005A60
:20A2200000005A00005A00005A00005A00005A00005A00005A00005A00005A00005A00009A
:20A240005A10004200004100004000004040005A00005A00005A00005A00005A00005A0035
:20A26000005A00005A00005A00005A00005A00005A00005A00005A00005A00005A00005A00
:20A2800000005A00005A00005A00005A00005A00005A00005A00005A00005A00005A00003A
:20A2A0005A10004400004420005A00005A00005A00005A00005A00005A00005A00005A00BC
:20A2C000005A00005A00005A00005A00005A00005A00005A00005A00005A00005A00005AA0
:20A2E00000005A00005A00005A00005A00005A00005A00005A00005A00005A00005A0000DA
:20A300005A10003C00003C20005A00005A00005A00005A00005A00005A00005A00005A006B
:20A32000005A00005A00005A00005A00005A00005A00005A00005A00005A00005A00005A3F
:20A3400000005A00005A00005A00005A00005A00005A00005A00005A00005A00005A000079
:20A360005A10003400003420005A00005A00005A00005A00005A00005A00005A00005A001B
:20A38000005A00005A00005A00005A00005A00005A00005A00005A00005A00005A00005ADF
:20A3A00000005A00005A00005A00005A00005A00005A00005A00005A00005A00005A000019
:20A3C0005A10003C00003C20005A00005A00005A00005A00005A00005A00005A00005A00AB
:20A3E000005A00005A00005A00005A00005A00005A00005A00005A00005A00005A00005A7F
:20A4000000005A00005A00005A00005A00005A00005A00005A00005A00005A00005A0000B8
:20A420005A10003C00003C20005A00005A00005A00005A00005A00005A00005A00005A004A
:20A44000005A00005A00005A00005A00005A00005A00005A00005A00005A00005A00005A1E
:20A4600000005A00005A00005A00005A00005A00005A00005A00005A00005A00005A000058
:20A480005A10003400003320005A00005A00005A00005A00005A00005A00005A00005A00FB
:20A4A000005A00005A00005A00005A00005A00005A00005A00005A00005A00005A00005ABE
:20A4C00000005A00005A00005A00005A00005A00005A00005A00005A00005A00005A0000F8
:20A4E0005A10004400004420005A00005A00005A00005A00005A00005A00005A00005A007A
:20A50000005A00005A00005A00005A00005A00005A00005A00005A00005A00005A00005A5D
:20A5200000005A00005A00005A00005A00005A00005A00005A00005A00005A00005A000097
:20A540005A10003400003320005A00005A00005A00005A00005A00005A00005A00005A003A
:20A56000005A00005A00005A00005A00005A00005A00005A00005A00005A00005A00005AFD
:20A5800000005A00005A00005A00005A00005A00005A00005A00005A00005A00005A000037
:20A5A0005A10003F00003200003500002200002400002460005A00005A00005A00005A0059
:20A5C000005A00005A00005A00005A00005A00005A00005A00005A00005A00005A00005A9D
:20A5E00000005A00005A00005A00005A00005A00005A00005A00005A00005A00005A0000D7
:20A600005A10003100002F00002D00002B00002B00002B60005A00005A00005A00005A00FA
:20A62000005A00005A00005A00005A00005A00005A00005A00005A00005A00005A00005A3C
:20A6400000005A00005A00005A00005A00005A00005A00005A00005A00005A00005A000076
:20A660005A10002C00002B00002A00002900002800002860005A00005A00005A00005A00AE
:20A68000005A00005A00005A00005A00005A00005A00005A00005A00005A00005A00005ADC
:20A6A00000005A00005A00005A00005A00005A00005A00005A00005A00005A00005A000016
:20A6C0005A10002400002400002400002400002400002460005A00005A00005A00005A0070
:20A6E000005A00005A00005A00005A00005A00005A00005A00005A00005A00005A00005A7C
:20A7000000005A00005A00005A00005A00005A00005A00005A00005A00005A00005A0000B5
:20A720005A1000A356E358E358E358E35EE358E358E358E35E6357A359E35BE35BE35BA3BF
:20A7400059E35BE35BE35BA356635AA35C235EA35F635AA35C235EA35F2358235B635D6353
:20A760005D6360235B635D635D63600040B50000800080B50000800000090000C00030B025
:20A780000000C009EE850000C000B0B00000C00000B00000800040B00000800080B00000CD
:20A7A0008001E0B02361C01C80B20000C01980B50000804700B70000801560B70000C000FE
:20A7C00080000000807C20010000C08020020000C08020030000C08020040000C08020054E
:20A7E0000000C08020060000C000200300008000200800008000200900008000200A000015
:20A800008000200B00008000200C00008000200D00008000200E00008000200F00008091C6
:20A82000836170000091E36160000091436200000092A3620000009403630000009463636E
:20A84000000000B1C363000000B12364800000B1836480000091E364800000B2436540005F
:20A8600000B1A365560000B70366000000B7636680000000C36600000088888888888888C8
:20A88000888888888888888888FFFF0000000000000000000000000000FFFFFFFF000000F6
:20A8A000000000000000000000FFFFFFFFFF0000000000000000000000FFFFFFFFFFFF00A3
:20A8C000000000000000000000FFFFFFFFFFFFFF000000000000000000FFFFFFFFFFFFFF86
:20A8E000FF0000000000000000CCCCCCCCCCCCCCCC3333333333333333AAAAAAAAAAAAAABB
:20A90000AA555555555555555588888888888888887777777777777777FFFFCCCCFFFFCC8D
:20A92000CC0000333300003333FEDCBA98765432100123456789ABCDEFFFFFBA98A98732D5
:20A940001034564567BCDECDEFFFEEDDCCBBAA99887766554433221100FFFEFDFCFBFAF97F
:20A96000F8E7D6C5B4A39281700000000000000000000000000000000007A256236735675E
:20A98000476759676B67C5671F6882567968963396339633963396339633963396339633FA
:20A9A00096339633963396339633963396330E0E10005A00001110005A00001810005A0095
:20A9C000001A10005A00000E10005A00001110005A00001810005A00001A10005A00000EEC
:20A9E00010005A00001110005A00001810005A00001A10005A00000E10005A0000111000D3
:20AA00005A00001810005A00001A10005A00000E10005A00001110005A00001810005A0061
:20AA2000001A10005A00000E10005A00001110005A00001810005A00001A10005A00000E8B
:20AA400010005A00001110005A00001810005A00001A10005A00000E10005A000011100072
:20AA60005A00001810005A00001A10005A00005A00005A00005A00005A00005A00005A005A
:20AA8000005A00005A00005A00005A00005A00005A00005A00005A00005A00005A00005AD8
:20AAA00000005A00005A00005A00005A00005A00005A00005A00005A00005A00005A000012
:20AAC0005A00005A00005A00005A00005A00005A00005A00005A00005A00005A00005A0098
:20AAE000005A00005A00005A00005A00005A00005A00005A00005A00005A00005A00005A78
:20AB000000005A00005A00005A00005A00005A00005A00005A00001D60005A00005A00008E
:20AB20005A00001C60005A00005A00005A00002160005A00005A00005A00005A00005A00EE
:20AB4000005A00005A00005A00005A00005A00005A00005A00005A00005A00005A00005A17
:20AB600000005A00005A00005A00005A00005A00005A00005A00005A00005A00005A000051
:20AB80005A00005A00005A00005A00005A00005A00005A00005A00005A00005A00005A00D7
:20ABA000005A00005A00005A00005A00005A00005A00005A00005A00005A00005A00005AB7
:20ABC00000005A00005A00005A00005A00005A00005A00005A00005A00005A00005A0000F1
:20ABE0005A00005A00005A00005A00005A00005A00005A00005A00005A00005A00005A0077
:20AC0000005A00005A00005A00005A00005A00005A00005A00005A00005A00005A00005A56
:20AC200000005A00005A00005A00005A00005A00005A00005A00005A00005A00005A000090
:20AC40005A00005A00005A00005A00005A00005A00005A00005A00005A00005A00005A0016
:20AC6000005A00005A00005A00005A00005A00005A00005A00005A00005A00005A00005AF6
:20AC800000005A00005A00005A00005A00005A00005A00005A00005A00005A00005A000030
:20ACA0005A00005A00005A00005A00005A00000A10005A00001110005A00001810005A0061
:20ACC000001A10005A00000A10005A00001110005A00001810005A00001A10005A00000AF1
:20ACE00010005A00001110005A00001810005A00001A10005A00000A10005A0000111000D4
:20AD00005A00001810005A00001A10005A00000C10005A00001110005A00001810005A0060
:20AD2000001A10005A00000C10005A00001110005A00001810005A00001A10005A00000C8C
:20AD400010005A00001110005A00001810005A00001A10005A00000C10005A000011100071
:20AD60005A00001810005A00001A10005A00001A90005A00005A00001690005A00005A00BB
:20AD8000005A00002090002194515A00005A00005A00005A00005A00005A00005A00001A13
:20ADA00090005A00005A00001890005A00005A00005A00002490002694515A00005A000026
:20ADC0005A00005A00005A00005A00005A00002890005A00005A00005A00002490005A00DD
:20ADE000005A00005A00001F90005A00005A00001890001C90005A00005A00001D90001C6B
:20AE000090005A00005A00005A00001890005A00005A00005A00001C90005A00005A00007E
:20AE20005A00001D90005A00005A00002090002960005A00005A00002660005A00005A0030
:20AE4000005A00005A00002160005A00005A00005A00005A00005A00001F600021600029D2
:20AE600060005A00005A00002660005A00005A00005A00005A00002160005A00005A00009B
:20AE80005A00005A00005A00001F60002160002960005A00005A00002660005A00005A002D
:20AEA000005A00005A00002160005A00005A00005A00005A00005A00005A00001F600021A1
:20AEC00060005A00005A00005A00005A00005A00005A00005A00005A00005A00005A00008E
:20AEE0005A00005A00005A00005A00005A00002190005A00005A00005A00005A00005A001D
:20AF0000005A00005A00001690005A00005A00001DA0005A00005A00005A00002090002187
:20AF200090005A00005A00005A00005A00005A00005A00005A00001690005A00005A0000B1
:20AF40001DA0005A00005A00005A00002090002190005A00005A00005A00005A00005A0003
:20AF6000005A00002390002490005A00005A00001FA0005A00001CA0005A0000279000284E
:20AF800090005A00005A000026A0005A00005A00005A00005A00001D90005A00005A0000DE
:20AFA0005A00001C90005A00005A00005A00002960005A00005A00002660005A00005A0006
:20AFC000005A00005A00002160005A00005A00005A00005A00005A00001F60002160002951
:20AFE00060005A00005A00002660005A00005A00005A00005A00002160005A00005A00001A
:20B000005A00005A00005A00001F60002160002960005A00005A00002660005A00005A00AB
:20B02000005A00005A00002160005A00005A00005A00005A00005A00005A00001F6000211F
:20B0400060005A00005A00005A00005A00005A00005A00005A00002660005A00005A0000E0
:20B060005A00002860005A00005A00005A00001A90005A00005A00005A00005A00005A0074
:20B08000005A00005A00005A00005A00005A00005A00005A00005A00005A00005A00005AD2
:20B0A00000005A00005A00005A00005A00005A00005A00005A00005A00005A00005A00000C
:20B0C0005A00005A00005A00005A00005A00005A00005A00005A00005A00005A00005A0092
:20B0E000005A00005A00005A00005A00005A00005A00005A00005A00005A00005A00005A72
:20B1000000005A00005A00005A00005A00005A00005A00005A00005A00005A00005A0000AB
:20B120005A00005A00005A00005A00005A00001A60005A00005A00001660005A00005A00F5
:20B14000005A00002060002160005A00005A00005A00005A00005A00005A00005A00001A04
:20B1600060005A00005A00001860005A00005A00005A00002460002660005A00005A000077
:20B180005A00005A00005A00005A00005A00002B60005A00005A00005A00002860005A0072
:20B1A000005A00005A00002460005A00005A00005A00002960005A00002860002760002631
:20B1C00060005A00005A00005A00005A00005A00005A00005A00005A00005A00005A00008B
:20B1E0005A00001D60005A00005A00002060005A01015A01015A01015A01015A02015A021B
:20B20000015A02015A12015A00005A00005A00005A00005A00005A00005A00005A00005A39
:20B2200000005A00005A00005A00005A00005A00005A00005A00005A00005A00005A00008A
:20B240005A00005A00005A00005A00005A10004400004420005A00005A00005A00005A000C
:20B26000005A00005A00005A00005A00005A00005A00005A00005A00005A00005A00005AF0
:20B2800000005A00005A00005A00005A00005A00005A00005A00005A00005A00005A00002A
:20B2A0005A00005A00005A00005A00005A10004300004320005A00005A00005A00005A00AE
:20B2C000005A00005A00005A00005A00005A00005A00005A00005A00005A00005A00005A90
:20B2E00000005A00005A00005A00005A00005A00005A00005A00005A00005A00005A0000CA
:20B300005A00005A00005A00005A00005A10004200004100004000004040005A00005A0064
:20B32000005A00005A00005A00005A00005A00005A00005A00005A00005A00005A00005A2F
:20B3400000005A00005A00005A00005A00005A00005A00005A00005A00005A00005A000069
:20B360005A00005A00005A00005A00005A10004400004420005A00005A00005A00005A00EB
:20B38000005A00005A00005A00005A00005A00005A00005A00005A00005A00005A00005ACF
:20B3A00000005A00005A00005A00005A00005A00005A00005A00005A00005A00005A000009
:20B3C0005A00005A00005A00005A00005A10003C00003C20005A00005A00005A00005A009B
:20B3E000005A00005A00005A00005A00005A00005A00005A00005A00005A00005A00005A6F
:20B4000000005A00005A00005A00005A00005A00005A00005A00005A00005A00005A0000A8
:20B420005A00005A00005A00005A00005A10003400003420005A00005A00005A00005A004A
:20B44000005A00005A00005A00005A00005A00005A00005A00005A00005A00005A00005A0E
:20B4600000005A00005A00005A00005A00005A00005A00005A00005A00005A00005A000048
:20B480005A00005A00005A00005A00005A10003C00003C20005A00005A00005A00005A00DA
:20B4A000005A00005A00005A00005A00005A00005A00005A00005A00005A00005A00005AAE
:20B4C00000005A00005A00005A00005A00005A00005A00005A00005A00005A00005A0000E8
:20B4E0005A00005A00005A00005A00005A10003C00003C20005A00005A00005A00005A007A
:20B50000005A00005A00005A00005A00005A00005A00005A00005A00005A00005A00005A4D
:20B5200000005A00005A00005A00005A00005A00005A00005A00005A00005A00005A000087
:20B540005A00005A00005A00005A00005A10003400003320005A00005A00005A00005A002A
:20B56000005A00005A00005A00005A00005A00005A00005A00005A00005A00005A00005AED
:20B5800000005A00005A00005A00005A00005A00005A00005A00005A00005A00005A000027
:20B5A0005A00005A00005A00005A00005A10004400004420005A00005A00005A00005A00A9
:20B5C000005A00005A00005A00005A00005A00005A00005A00005A00005A00005A00005A8D
:20B5E00000005A00005A00005A00005A00005A00005A00005A00005A00005A00005A0000C7
:20B600005A00005A00005A00005A00005A10003400003320005A00005A00005A00005A0069
:20B62000005A00005A00005A00005A00005A00005A00005A00005A00005A00005A00005A2C
:20B6400000005A00005A00005A00005A00005A00005A00005A00005A00005A00005A000066
:20B660005A00005A00005A00005A00005A10003F0000320000350000220000240000246088
:20B68000005A00005A00005A00005A00005A00005A00005A00005A00005A00005A00005ACC
:20B6A00000005A00005A00005A00005A00005A00005A00005A00005A00005A00005A000006
:20B6C0005A00005A00005A00005A00005A10003100002F00002D00002B00002B00002B602A
:20B6E000005A00005A00005A00005A00005A00005A00005A00005A00005A00005A00005A6C
:20B7000000005A00005A00005A00005A00005A00005A00005A00005A00005A00005A0000A5
:20B720005A00005A00005A00005A00005A10002C00002B00002A00002900002800002860DD
:20B74000005A00005A00005A00005A00005A00005A00005A00005A00005A00005A00005A0B
:20B7600000005A00005A00005A00005A00005A00005A00005A00005A00005A00005A000045
:20B780005A00005A00005A00005A00005A100024000024000024000024000024000024609F
:20B7A000005A00005A00005A00005A00005A00005A00005A00005A00005A00005A00005AAB
:20B7C00000005A00005A00005A00005A00005A00005A00005A00005A00005A00005A0000E5
:20B7E0005A00005A00005A00005A00005A1000AF69AF6CAF6CAF69AF6CAF6CAF696F6A6F7B
:20B800006DEF6E6F706F6DEF6E6F702F6B2F6EAF6F2F712F6EAF6F2F71EF6BEF6BEF6BEF1A
:20B820006BEF6BEF6BEF6B0040B50000800080B50000800000090000C00030B00000C000FC
:20B8400070B00000C000B0B00000C00000B00000800040B00000800080B000008000B4B034
:20B86000EF71C01C80B20000C01980B50000804700B70000801560B70000C00080000000E2
:20B88000808020010000C08020020000C08020030000C08020040000C08020050000C095A4
:20B8A000200C0000C000200700008000200800008000200B00008000200A00008000200BCD
:20B8C00000008000200C00008000200D00008000200E00008000200F000080914F72700070
:20B8E0000091AF72600000910F73000000926F7300000094CF73000000942F74000000B1F1
:20B900008F74000000B1EF74800000B14F7580000091AF75800000B20F76400000B16F7659
:20B92000560000B7CF76000000B72F77800000008F770000008888888888888888888888FA
:20B940008888888888FFFF0000000000000000000000000000FFFFFFFF0000000000000045
:20B960000000000000FFFFFFFFFF0000000000000000000000FFFFFFFFFFFF0000000000D2
:20B980000000000000FFFFFFFFFFFFFF000000000000000000FFFFFFFFFFFFFFFF000000B6
:20B9A0000000000000CCCCCCCCCCCCCCCC3333333333333333AAAAAAAAAAAAAAAA55555540
:20B9C000555555555588888888888888887777777777777777FFFFCCCCFFFFCCCC00003367
:20B9E0003300003333FEDCBA98765432100123456789ABCDEFFFFFBA98A987321034564525
:20BA000067BCDECDEFFFEEDDCCBBAA99887766554433221100FFFEFDFCFBFAF9F8E7D6C513
:20BA2000B4A39281700000000000000000000000000000000007AE69EF77FD770B78197820
:0ABA400027788178DB788E6935796C
:20C00000963396339633963396339633963396339633963396339633963396339633963390
:20C02000161CC0005A00005A00005A00005A00005A00005A00005A00001CC0005A00005A08
:20C0400000005A00005A00005A00005A00001CC0001CC0005A00005A00005A00005A000058
:20C060005A00005A00005A00001CC0005A00005A00005A00005A00005A00005A00001CC0DE
:20C08000001CC0005A00005A00005A00005A00005A00005A00005A00001CC0005A00005ABE
:20C0A00000005A00005A00005A00005A00001CC0001CC0005A00005A00005A00005A0000F8
:20C0C0005A00005A00005A00001CC0005A00005A00005A00005A00005A00005A00005A0000
:20C0E000005A00005A00005A00005A00005A00005A00005A00005A00005A00005A00005A62
:20C1000000005A00005A00005A00005A00005A00005A00005A00005A00005A00005A00009B
:20C120005A00005A00005A00005A00005A00005A00005A00005A00005A00005A00005A0021
:20C14000005A00005A00005A00005A00005A00005A00005A00005A00005A00005A00005A01
:20C1600000005A00005A00005A00005A00005A00005A00005A00005A00005A00005A00003B
:20C180005A00005A00005A00005A00005A00005A00005A00005A00005A00005A00005A00C1
:20C1A000001850005A00005A00005A00001B50005A00005A00005A00002450005A00005A68
:20C1C00000005A00001F50005A00005A00005A00001850005A00005A00005A00001B5000A7
:20C1E0005A00005A00005A00002750005A00005A00005A00002450005A00005A00005A002A
:20C20000001850005A00005A00005A00005A00005A00005A00005A00001850005A00005A24
:20C2200000005A00005A00005A00005A00001850001850005A00005A00005A00005A00005E
:20C240005A00005A00005A00005A00005A00005A00005A00005A00005A00005A00005A0000
:20C26000001840005A00005A00005A00001B50005A00005A00005A00002450005A00005AB7
:20C2800000005A00001F50005A00005A00005A00001850005A00005A00005A00001B5000E6
:20C2A0005A00005A00005A00002750005A00005A00005A00002450005A00005A00005A0069
:20C2C000001850005A00005A00005A00005A00005A00005A00005A00001850005A00005A64
:20C2E00000005A00005A00005A00005A00001850001850005A00005A00005A00005A00009E
:20C300005A00005A00005A00005A00005A00005A00005A00005A00005A00005A00005A003F
:20C32000002B40005A00005A00005A00005A00005A00005A00005A00002B40005A00005AFD
:20C3400000005A00005A00005A00005A00005A00002B40005A00005A00005A00005A000048
:20C360005A00005A00005A00002B40005A00002A40005A00002940005A00002840005A00A1
:20C38000002740005A00005A00005A00005A00005A00005A00005A00002740005A00005AA5
:20C3A00000005A00005A00005A00005A00005A00002740005A00005A00005A00005A0000EC
:20C3C0005A00005A00005A00002740005A00002840005A00002940005A00002A40005A0045
:20C3E000001D50005A00005A00005A00002050005A00005A00005A00002950005A00005A17
:20C4000000005A00002050005A00005A00005A00001D50005A00005A00005A000020500059
:20C420005A00005A00005A00002950005A00005A00005A00002050005A00005A00005A00E9
:20C44000001B50005A00005A00005A00001F50005A00005A00005A00002750005A00005ABB
:20C4600000005A00002450005A00005A00005A00001B50005A00005A00005A00001F5000F8
:20C480005A00005A00005A00002750005A00005A00005A00002450005A00005A00005A0087
:20C4A000002C50005A00005A00005A00005A00005A00005A00005A00005A00005A00005A7C
:20C4C00000005A00002440005A00005A00005A00002650005A00005A00005A00005A0000B2
:20C4E0005A00005A00005A00005A00005A00005A00005A00002C40005A00005A00005A004C
:20C50000002B50005A00005A00005A00005A00005A00005A00005A00005A00005A00005A1C
:20C5200000005A00002240005A00005A00005A00002750005A00005A00005A00005A000052
:20C540005A00005A00005A00005A00005A00005A00005A00002B40005A00005A00005A00EC
:20C56000001A50005A00005A00005A00001D50005A00005A00005A00002650005A00005A9E
:20C5800000005A00001D50005A00005A00005A00001A50005A00005A00005A00001D5000E1
:20C5A0005A00005A00005A00002650005A00005A00005A00001D50005A00005A00005A006E
:20C5C000001850005A00005A00005A00001B50005A00005A00005A00002450005A00005A44
:20C5E00000005A00001F50005A00005A00005A00001850005A00005A00005A00001B500083
:20C600005A00005A00005A00002450005A00005A00005A00001F50005A00005A00005A000D
:20C62000002950005A00005A00005A00005A00005A00005A00005A00005A00005A00005AFD
:20C6400000005A00002440005A00005A00005A00002350005A00005A00005A00005A000033
:20C660005A00005A00005A00005A00005A00005A00005A00002940005A00005A00005A00CD
:20C68000002750005A00005A00005A00002650005A00005A00005A00002750005A00005A66
:20C6A00000005A00002950005A00005A00005A00002B50005A00005A00005A00005A0000B6
:20C6C0005A00005A00005A00001F50005A00005A00005A00005A00005A00005A00005A0067
:20C6E000002950005A00005A00005A00005A00005A00005A00005A00005A00005A00005A3D
:20C7000000005A00002440005A00005A00005A00002350005A00005A00005A00005A000072
:20C720005A00005A00005A00005A00005A00005A00005A00002940005A00005A00005A000C
:20C74000002750005A00005A00005A00002650005A00005A00005A00002750005A00005AA5
:20C7600000005A00002650005A00005A00005A00002450005A00005A00005A00005A0000FF
:20C780005A00005A00005A00000C50005A00005A00005A00005A00005A00005A00005A00B9
:20C7A000005A01015A01015A01015A01015A02015A02015A02015A12015A00005A00005A77
:20C7C00000005A00005A00005A00005A00005A00005A00005A00005A00005A00005A0000D5
:20C7E0005A00005A00005A00005A00005A00005A00005A00005A00005A00005A00005A104B
:20C80000004400004420005A00005A00005A00005A00005A00005A00005A00005A00005A46
:20C8200000005A00005A00005A00005A00005A00005A00005A00005A00005A00005A000074
:20C840005A00005A00005A00005A00005A00005A00005A00005A00005A00005A00005A10EA
:20C86000004300004320005A00005A00005A00005A00005A00005A00005A00005A00005AE8
:20C8800000005A00005A00005A00005A00005A00005A00005A00005A00005A00005A000014
:20C8A0005A00005A00005A00005A00005A00005A00005A00005A00005A00005A00005A108A
:20C8C000004200004100004000004040005A00005A00005A00005A00005A00005A00005A9F
:20C8E00000005A00005A00005A00005A00005A00005A00005A00005A00005A00005A0000B4
:20C900005A00005A00005A00005A00005A00005A00005A00005A00005A00005A00005A1029
:20C92000004400004420005A00005A00005A00005A00005A00005A00005A00005A00005A25
:20C9400000005A00005A00005A00005A00005A00005A00005A00005A00005A00005A000053
:20C960005A00005A00005A00005A00005A00005A00005A00005A00005A00005A00005A10C9
:20C98000003C00003C20005A00005A00005A00005A00005A00005A00005A00005A00005AD5
:20C9A00000005A00005A00005A00005A00005A00005A00005A00005A00005A00005A0000F3
:20C9C0005A00005A00005A00005A00005A00005A00005A00005A00005A00005A00005A1069
:20C9E000003400003420005A00005A00005A00005A00005A00005A00005A00005A00005A85
:20CA000000005A00005A00005A00005A00005A00005A00005A00005A00005A00005A000092
:20CA20005A00005A00005A00005A00005A00005A00005A00005A00005A00005A00005A1008
:20CA4000003C00003C20005A00005A00005A00005A00005A00005A00005A00005A00005A14
:20CA600000005A00005A00005A00005A00005A00005A00005A00005A00005A00005A000032
:20CA80005A00005A00005A00005A00005A00005A00005A00005A00005A00005A00005A10A8
:20CAA000003C00003C20005A00005A00005A00005A00005A00005A00005A00005A00005AB4
:20CAC00000005A00005A00005A00005A00005A00005A00005A00005A00005A00005A0000D2
:20CAE0005A00005A00005A00005A00005A00005A00005A00005A00005A00005A00005A1048
:20CB0000003400003320005A00005A00005A00005A00005A00005A00005A00005A00005A64
:20CB200000005A00005A00005A00005A00005A00005A00005A00005A00005A00005A000071
:20CB40005A00005A00005A00005A00005A00005A00005A00005A00005A00005A00005A10E7
:20CB6000004400004420005A00005A00005A00005A00005A00005A00005A00005A00005AE3
:20CB800000005A00005A00005A00005A00005A00005A00005A00005A00005A00005A000011
:20CBA0005A00005A00005A00005A00005A00005A00005A00005A00005A00005A00005A1087
:20CBC000003400003320005A00005A00005A00005A00005A00005A00005A00005A00005AA4
:20CBE00000005A00005A00005A00005A00005A00005A00005A00005A00005A00005A0000B1
:20CC00005A00005A00005A00005A00005A00005A00005A00005A00005A00005A00005A1026
:20CC2000003F00003200003500002200002400002460005A00005A00005A00005A00005AC2
:20CC400000005A00005A00005A00005A00005A00005A00005A00005A00005A00005A000050
:20CC60005A00005A00005A00005A00005A00005A00005A00005A00005A00005A00005A10C6
:20CC8000003100002F00002D00002B00002B00002B60005A00005A00005A00005A00005A64
:20CCA00000005A00005A00005A00005A00005A00005A00005A00005A00005A00005A0000F0
:20CCC0005A00005A00005A00005A00005A00005A00005A00005A00005A00005A00005A1066
:20CCE000002C00002B00002A00002900002800002860005A00005A00005A00005A00005A18
:20CD000000005A00005A00005A00005A00005A00005A00005A00005A00005A00005A00008F
:20CD20005A00005A00005A00005A00005A00005A00005A00005A00005A00005A00005A1005
:20CD4000002400002400002400002400002400002460005A00005A00005A00005A00005AD9
:20CD600000005A00005A00005A00005A00005A00005A00005A00005A00005A00005A00002F
:20CD80005A00005A00005A00005A00005A00005A00005A00005A00005A00005A00005A10A5
:20CDA0000021402140214021402140214021402140214021402140E140A141A1416142615F
:20CDC00042E143614561426142E1436145E140E140E14021432143A144214621432143A157
:20CDE00044E146E140E140E140E140E140E140E140E140E140E140E1400040B500008000E8
:20CE000080B50000800000090000C00030B00000C00070B00000C000B0B00000C00000B044
:20CE20000000800040B00000800080B000008000C0B0A147801C80B20000C019AAB50000F4
:20CE4000C04700B70000801560B70000C00080000000808020010000C08020020000C08065
:20CE600020030000C0B920040000C00020050000C08020060000C000200700008000200818
:20CE800000008000200900008000200A00008000200B00008000200C00008000200D00003B
:20CEA0008000200E00008000200F00008091014870000091614860000091C1480000009285
:20CEC000214900000094814900000094E149000000B1414A000000B1A14A800000B1014B77
:20CEE00080000091614B800000B2C14B400000B1214C560000B7814C000000B7E14C80009B
:20CF00000000414D00000088888888888888888888888888888888FFFF0000000000000005
:20CF200000000000000000FFFFFFFF000000000000000000000000FFFFFFFFFF00000000FA
:20CF400000000000000000FFFFFFFFFFFF00000000000000000000FFFFFFFFFFFFFF0000DE
:20CF600000000000000000FFFFFFFFFFFFFFFF0000000000000000CCCCCCCCCCCCCCCC3326
:20CF800033333333333333AAAAAAAAAAAAAAAA55555555555555558888888888888888777D
:20CFA00077777777777777FFFFCCCCFFFFCCCC0000333300003333FEDCBA987654321001FF
:20CFC00023456789ABCDEFFFFFBA98A987321034564567BCDECDEFFFEEDDCCBBAA998877B1
:20CFE00066554433221100FFFEFDFCFBFAF9F8E7D6C5B4A392817000000000000000000094
:20D0000000000000000000042040A14DB74DCD4DE34DF94D534EAD4E0040074F9633963366
:20D0200096339633963396339633963396339633963396339633963396339633100A1000C8
:20D040005A00005A00005A00005A00005A00005A00005A00000510005A00005A00005A0037
:20D06000005A00005A00005A00005A00000A10005A00005A00005A00005A00005A00005A12
:20D0800000005A00000510005A00005A00005A00005A00005A00005A00005A00000C10008F
:20D0A0005A00005A00005A00005A00005A00005A00005A00000410005A00005A00005A00D8
:20D0C000005A00005A00005A00005A00000C10005A00005A00005A00005A00005A00005AB0
:20D0E00000005A00000410005A00005A00005A00005A00005A00005A00005A00000E9000AE
:20D100005A00005A00000A90005A00005A00005A00001490001594515A00005A00005A0007
:20D12000005A00005A00005A00005A00000E90005A00005A00000C90005A00005A00005A8B
:20D1400000001890001A94515A00005A00005A00005A00005A00005A00005A00001C900006
:20D160005A00005A00005A00001890005A00005A00005A00001390005A00005A00000C90F8
:20D18000001090005A00005A00001190001090005A00005A00005A00000C90005A00005A9C
:20D1A00000005A00001090005A00005A00005A00001190005A00005A0000149000296000E5
:20D1C0005A00005A00002660005A00005A00005A00005A00002160005A00005A00005A001E
:20D1E000005A00005A00001F60002160002960005A00005A00002660005A00005A00005AAA
:20D2000000005A00002160005A00005A00005A00005A00005A00001F6000216000296000E8
:20D220005A00005A00002660005A00005A00005A00005A00002160005A00005A00005A00BD
:20D24000005A00005A00005A00001F60002160005A00005A00005A00005A00005A00005AA4
:20D2600000005A00005A00005A00005A00005A00005A00005A00005A00005A00005A00002A
:20D280005A00005A00005A00005A00005A00005A00005A00005A00005A00005A00005A00B0
:20D2A000005A00005A00005A00005A00005A00005A00005A00005A00005A00005A00005A90
:20D2C00000005A00005A00005A00005A00005A00005A00005A00005A00005A00005A0000CA
:20D2E0005A00005A00005A00005A00005A00005A00005A00005A00005A00005A00005A0050
:20D30000005A00005A00005A00005A00005A00005A00005A00005A00005A00005A00005A2F
:20D3200000005A00005A00005A00005A00005A00005A00005A00005A00005A00000A1000A9
:20D340005A00001110005A00001810005A00001A10005A00000A10005A00001110005A0003
:20D36000001810005A00001A10005A00000A10005A00001110005A00001810005A00001A1C
:20D3800010005A00000A10005A00001110005A00001810005A00001A10005A00000C100012
:20D3A0005A00001110005A00001810005A00001A10005A00000C10005A00001110005A00A1
:20D3C000001810005A00001A10005A00000C10005A00001110005A00001810005A00001ABA
:20D3E00010005A00000C10005A00001110005A00001810005A00001A10005A00001D90001F
:20D400005A00005A00005A00005A00005A00005A00005A00001690005A00005A00001AA082
:20D42000005A00005A00005A00001C90001D90005A00005A00005A00005A00005A00005A69
:20D4400000005A00001690005A00005A00001AA0005A00005A00005A00001D90001C9000F7
:20D460005A00005A00005A00005A00005A00005A00001F90002490005A00005A00001F90CA
:20D48000005A00001C90005A00002790002890005A00005A00002990005A00005A00005A42
:20D4A00000005A00002190005A00005A00005A00001D90005A00005A00005A00002960000F
:20D4C0005A00005A00002660005A00005A00005A00005A00002160005A00005A00005A001B
:20D4E000005A00005A00001F60002160002960005A00005A00002660005A00005A00005AA7
:20D5000000005A00002160005A00005A00005A00005A00005A00001F6000216000296000E5
:20D520005A00005A00002660005A00005A00005A00005A00002160005A00005A00005A00BA
:20D54000005A00005A00005A00001F60002160005A00005A00005A00005A00005A00005AA1
:20D5600000005A00002660005A00005A00005A00002860005A00005A00005A00000E100009
:20D580005A00001110005A00001810005A00001A10005A00000E10005A00001110005A00BD
:20D5A000001810005A00001A10005A00000E10005A00001110005A00001810005A00001AD6
:20D5C00010005A00000E10005A00001110005A00001810005A00001A10005A00000E1000CA
:20D5E0005A00001110005A00001810005A00001A10005A00000E10005A00001110005A005D
:20D60000001810005A00001A10005A00000E10005A00001110005A00001810005A00001A75
:20D6200010005A00000E10005A00001110005A00001810005A00001A10005A00001A9000DD
:20D640005A00005A00005A00005A00005A00005A00005A00005A00005A00005A00005A00EC
:20D66000005A00005A00005A00005A00005A00005A00005A00005A00005A00005A00005ACC
:20D6800000005A00005A00005A00005A00005A00005A00005A00005A00005A00005A000006
:20D6A0005A00005A00005A00005A00005A00005A00005A00005A00005A00005A00005A008C
:20D6C000005A00005A00005A00005A00005A00005A00005A00005A00005A00005A00005A6C
:20D6E00000005A00005A00005A00005A00005A00005A00005A00005A00005A00001A600086
:20D700005A00005A00001660005A00005A00005A00002060002160005A00005A00005A00C2
:20D72000005A00005A00005A00005A00001A60005A00005A00001860005A00005A00005ACD
:20D7400000002460002660005A00005A00005A00005A00005A00005A00005A00002B6000BE
:20D760005A00005A00005A00002860005A00005A00005A00002460005A00005A00005A0073
:20D78000002960005A00002860002760002660005A00005A00005A00005A00005A00005AF5
:20D7A00000005A00005A00005A00005A00005A00001D60005A00005A00002060005A01019A
:20D7C0005A01015A01015A01015A02015A02015A02015A12015A00005A00005A00005A0049
:20D7E000005A00005A00005A00005A00005A00005A00005A00005A00005A00005A00005A4B
:20D8000000005A00005A00005A00005A00005A00005A00005A00005A00005A10004400008A
:20D820004420005A00005A00005A00005A00005A00005A00005A00005A00005A00005A0000
:20D84000005A00005A00005A00005A00005A00005A00005A00005A00005A00005A00005AEA
:20D8600000005A00005A00005A00005A00005A00005A00005A00005A00005A10004300002B
:20D880004320005A00005A00005A00005A00005A00005A00005A00005A00005A00005A00A1
:20D8A000005A00005A00005A00005A00005A00005A00005A00005A00005A00005A00005A8A
:20D8C00000005A00005A00005A00005A00005A00005A00005A00005A00005A1000420000CC
:20D8E0004100004000004040005A00005A00005A00005A00005A00005A00005A00005A0057
:20D90000005A00005A00005A00005A00005A00005A00005A00005A00005A00005A00005A29
:20D9200000005A00005A00005A00005A00005A00005A00005A00005A00005A100044000069
:20D940004420005A00005A00005A00005A00005A00005A00005A00005A00005A00005A00DF
:20D96000005A00005A00005A00005A00005A00005A00005A00005A00005A00005A00005AC9
:20D9800000005A00005A00005A00005A00005A00005A00005A00005A00005A10003C000011
:20D9A0003C20005A00005A00005A00005A00005A00005A00005A00005A00005A00005A0087
:20D9C000005A00005A00005A00005A00005A00005A00005A00005A00005A00005A00005A69
:20D9E00000005A00005A00005A00005A00005A00005A00005A00005A00005A1000340000B9
:20DA00003420005A00005A00005A00005A00005A00005A00005A00005A00005A00005A002E
:20DA2000005A00005A00005A00005A00005A00005A00005A00005A00005A00005A00005A08
:20DA400000005A00005A00005A00005A00005A00005A00005A00005A00005A10003C000050
:20DA60003C20005A00005A00005A00005A00005A00005A00005A00005A00005A00005A00C6
:20DA8000005A00005A00005A00005A00005A00005A00005A00005A00005A00005A00005AA8
:20DAA00000005A00005A00005A00005A00005A00005A00005A00005A00005A10003C0000F0
:20DAC0003C20005A00005A00005A00005A00005A00005A00005A00005A00005A00005A0066
:20DAE000005A00005A00005A00005A00005A00005A00005A00005A00005A00005A00005A48
:20DB000000005A00005A00005A00005A00005A00005A00005A00005A00005A100034000097
:20DB20003320005A00005A00005A00005A00005A00005A00005A00005A00005A00005A000E
:20DB4000005A00005A00005A00005A00005A00005A00005A00005A00005A00005A00005AE7
:20DB600000005A00005A00005A00005A00005A00005A00005A00005A00005A100044000027
:20DB80004420005A00005A00005A00005A00005A00005A00005A00005A00005A00005A009D
:20DBA000005A00005A00005A00005A00005A00005A00005A00005A00005A00005A00005A87
:20DBC00000005A00005A00005A00005A00005A00005A00005A00005A00005A1000340000D7
:20DBE0003320005A00005A00005A00005A00005A00005A00005A00005A00005A00005A004E
:20DC0000005A00005A00005A00005A00005A00005A00005A00005A00005A00005A00005A26
:20DC200000005A00005A00005A00005A00005A00005A00005A00005A00005A10003F00006B
:20DC40003200003500002200002400002460005A00005A00005A00005A00005A00005A0077
:20DC6000005A00005A00005A00005A00005A00005A00005A00005A00005A00005A00005AC6
:20DC800000005A00005A00005A00005A00005A00005A00005A00005A00005A100031000019
:20DCA0002F00002D00002B00002B00002B60005A00005A00005A00005A00005A00005A000B
:20DCC000005A00005A00005A00005A00005A00005A00005A00005A00005A00005A00005A66
:20DCE00000005A00005A00005A00005A00005A00005A00005A00005A00005A10002C0000BE
:20DD00002B00002A00002900002800002860005A00005A00005A00005A00005A00005A00B9
:20DD2000005A00005A00005A00005A00005A00005A00005A00005A00005A00005A00005A05
:20DD400000005A00005A00005A00005A00005A00005A00005A00005A00005A100024000065
:20DD60002400002400002400002400002460005A00005A00005A00005A00005A00005A0073
:20DD8000005A00005A00005A00005A00005A00005A00005A00005A00005A00005A00005AA5
:20DDA00000005A00005A00005A00005A00005A00005A00005A00005A00005A10003D503D5F
:20DDC000503D537D553D503D537D553D50FD50FD50FD533D56FD50FD533D56FD50BD51BD50
:20DDE00051BD54FD56BD51BD54FD56BD517D527D527D527D527D527D527D527D520040B581
:20DE00000000800080B50000800000090000C00030B00000C00070B00000C000B0B0000024
:20DE2000C00000B00000800040B00000800080B000008000B4B0BD57C01C80B20000C01973
:20DE400080B50000804700B70000801560B70000C00080000000808020010000C0802002A0
:20DE60000000C08020030000C08020040000C08020050000C095200C0000C000200700000E
:20DE80008000200800008000200B00008000200A00008000200B00008000200C00008000AE
:20DEA000200D00008000200E00008000200F000080911D58700000917D5860000091DD5856
:20DEC000000000923D59000000949D5900000094FD59000000B15D5A000000B1BD5A8000F6
:20DEE00000B11D5B800000917D5B800000B2DD5B400000B13D5C560000B79D5C000000B75F
:20DF0000FD5C800000005D5D00000088888888888888888888888888888888FFFF000000F0
:20DF20000000000000000000000000FFFFFFFF000000000000000000000000FFFFFFFFFFEA
:20DF40000000000000000000000000FFFFFFFFFFFF00000000000000000000FFFFFFFFFFCC
:20DF6000FFFF000000000000000000FFFFFFFFFFFFFFFF0000000000000000CCCCCCCCCCAF
:20DF8000CCCCCC3333333333333333AAAAAAAAAAAAAAAA55555555555555558888888888E5
:20DFA0008888887777777777777777FFFFCCCCFFFFCCCC0000333300003333FEDCBA987677
:20DFC0005432100123456789ABCDEFFFFFBA98A987321034564567BCDECDEFFFEEDDCCBB4C
:20DFE000AA99887766554433221100FFFEFDFCFBFAF9F8E7D6C5B4A3928170000000000042
:20E0000000000000000000000000000A3C50BD5DCD5DDD5DED5DFD5D575EB15E1C500B5FAE
:20E02000963396339633963396339633963396339633963396339633963396339633963350
:20E04000081387065A00005A00005A00005A00005A00005A00005A00005A00005A00005A94
:20E0600000005A00005A00005A00005A00005A00001F80005A00005A00005A00005A0000D7
:20E080005A00005A00005A00005A00005A00005A00005A00005A00005A00005A00005A00A2
:20E0A000000E80005A00005A00005A00005A00005A00005A00005A00005A00005A00005A4E
:20E0C00000005A00005A00005A00005A00005A00001D80005A00005A00005A00005A000079
:20E0E0005A00005A00005A00005A00005A00005A00005A00005A00005A00005A00005A0042
:20E10000001580005A00005A00005A00005A00005A00005A00005A00005A00005A00005AE6
:20E1200000005A00005A00005A00005A00005A00002180005A00005A00005A00005A000014
:20E140005A00005A00005A00005A00005A00005A00005A00005A00005A00005A00005A00E1
:20E16000001180005A00005A00005A00005A00005A00005A00005A00005A00005A00005A8A
:20E1800000005A00005A00005A00005A00005A00001A80005A00005A00005A00005A0000BB
:20E1A0005A00005A00005A00005A00005A00005A00005A00005A00005A00005A00005A0081
:20E1C000001180005A00005A00005A00005A00005A00005A00005A00005A00005A00005A2A
:20E1E00000005A00005A00005A00005A00005A00001D80005A00005A00005A00005A000058
:20E200005A00005A00005A00005A00005A00005A00005A00005A00005A00005A00005A0020
:20E22000000C80005A00005A00005A00005A00005A00005A00005A00005A00005A00005ACE
:20E2400000005A00005A00005A00005A00005A00001880005A00005A00005A00005A0000FC
:20E260005A00005A00005A00005A00005A00005A00005A00005A00005A00005A00005A00C0
:20E28000005A00005A00005A00005A00005A00005A00005A00005A00005A00005A00005AA0
:20E2A00000005A00005A00005A00005A00005A00005A00005A00005A00005A00005A0000DA
:20E2C0005A00005A00005A00005A00005A00005A00005A00005A00005A00005A00005A0060
:20E2E000005A00005A00005A00005A00005A00005A00005A00005A00005A00005A00005A40
:20E3000000005A00005A00005A00005A00005A00005A00005A00005A00005A00005A000079
:20E320005A00005A00005A00005A00005A00005A00005A00005A00005A00005A00005A00FF
:20E34000005A00005A00005A00005A00005A00005A00005A00005A00005A00005A00005ADF
:20E3600000005A00005A00005A00005A00005A00005A00005A00005A00005A00005A000019
:20E380005A00005A00005A00005A00005A00005A00005A00005A00005A00005A00005A009F
:20E3A000005A00005A00005A00005A00005A00005A00005A00005A00005A00005A00005A7F
:20E3C00000005A00005A00005A00005A00005A000029D0005A00005A00005A00005A00001A
:20E3E0005A00005A00005A00005A00005A00005A00005A00005A00005A00005A00005A003F
:20E40000005A00005A00005A00005A00005A00005A00005A00005A00005A00005A00005A1E
:20E4200000005A00005A00005A00005A00005A00005A00005A00005A00005A00005A000058
:20E440005A00005A00005A00005A00005A00005A00005A00005A00005A00005A00005A00DE
:20E46000005A00005A00005A00005A00005A00005A00005A00005A00005A00005A00005ABE
:20E4800000005A00005A00005A00005A00005A00001FD0005A00005A00005A00005A000063
:20E4A0005A00005A00005A00005A00005A00005A00005A00005A00005A00005A00005A007E
:20E4C0000018D0005A00005A00005A00005A00005A00005A00005A00005A00005A00005AD0
:20E4E00000005A00005A00005A00005A00005A000024D0005A00005A00005A000028D00060
:20E500005A00005A00005A000021D0005A00005A00005A00005A00005A00005A00005A0086
:20E52000000CD0005A00005A00005A00005A00005A00005A00005A00005A00005A00005A7B
:20E5400000005A00005A00005A00005A00005A000021D0005A00005A00005A00005A0000A0
:20E560005A00005A00005A00005A00005A00005A00005A00005A00005A00005A00005A00BD
:20E58000001180005A00005A00005A00005A00005A00005A00005A00005A00005A00005A66
:20E5A00000005A00005A00005A00005A00005A00001D80005A00005A00005A00005A000094
:20E5C0005A00005A00005A00005A00005A00005A00005A00005A00005A00005A00005A005D
:20E5E000001180005A00005A00005A00005A00005A00005A00005A00005A00005A00005A06
:20E6000000005A00005A00005A00005A00005A00000580005A00005A00005A00005A00004B
:20E620005A00005A00005A00005A00005A00005A00005A00005A00005A00005A00005A00FC
:20E640000024D0005A00005A00005A00005A00005A00005A00005A00005A00005A00005A42
:20E6600000005A00005A00005A00005A00005A000030D0005A00005A00005A000034D000C6
:20E680005A00005A00005A00002DD0005A00005A00005A00005A00005A00005A00005A00F9
:20E6A000005A00005A00005A00005A00005A00005A00005A00005A000030D0005A00005AD6
:20E6C00000005A000034D0005A00005A00005A00002DD0005A00005A00005A00005A000069
:20E6E0005A00005A00005A00003CD0005A00005A00005A000040D0005A00005A00005A00D4
:20E70000005A01015A01015A01015A01015A02015A02015A02015A12015A00005A00005AF7
:20E7200000005A00005A00005A00005A00005A00005A00005A00005A00005A00005A000055
:20E740005A00005A00005A00005A00005A00005A00005A00005A00005A00005A00005A10CB
:20E76000004400004420005A00005A00005A00005A00005A00005A00005A00005A00005AC7
:20E7800000005A00005A00005A00005A00005A00005A00005A00005A00005A00005A0000F5
:20E7A0005A00005A00005A00005A00005A00005A00005A00005A00005A00005A00005A106B
:20E7C000004300004320005A00005A00005A00005A00005A00005A00005A00005A00005A69
:20E7E00000005A00005A00005A00005A00005A00005A00005A00005A00005A00005A000095
:20E800005A00005A00005A00005A00005A00005A00005A00005A00005A00005A00005A100A
:20E82000004200004100004000004040005A00005A00005A00005A00005A00005A00005A1F
:20E8400000005A00005A00005A00005A00005A00005A00005A00005A00005A00005A000034
:20E860005A00005A00005A00005A00005A00005A00005A00005A00005A00005A00005A10AA
:20E88000004400004420005A00005A00005A00005A00005A00005A00005A00005A00005AA6
:20E8A00000005A00005A00005A00005A00005A00005A00005A00005A00005A00005A0000D4
:20E8C0005A00005A00005A00005A00005A00005A00005A00005A00005A00005A00005A104A
:20E8E000003C00003C20005A00005A00005A00005A00005A00005A00005A00005A00005A56
:20E9000000005A00005A00005A00005A00005A00005A00005A00005A00005A00005A000073
:20E920005A00005A00005A00005A00005A00005A00005A00005A00005A00005A00005A10E9
:20E94000003400003420005A00005A00005A00005A00005A00005A00005A00005A00005A05
:20E9600000005A00005A00005A00005A00005A00005A00005A00005A00005A00005A000013
:20E980005A00005A00005A00005A00005A00005A00005A00005A00005A00005A00005A1089
:20E9A000003C00003C20005A00005A00005A00005A00005A00005A00005A00005A00005A95
:20E9C00000005A00005A00005A00005A00005A00005A00005A00005A00005A00005A0000B3
:20E9E0005A00005A00005A00005A00005A00005A00005A00005A00005A00005A00005A1029
:20EA0000003C00003C20005A00005A00005A00005A00005A00005A00005A00005A00005A34
:20EA200000005A00005A00005A00005A00005A00005A00005A00005A00005A00005A000052
:20EA40005A00005A00005A00005A00005A00005A00005A00005A00005A00005A00005A10C8
:20EA6000003400003320005A00005A00005A00005A00005A00005A00005A00005A00005AE5
:20EA800000005A00005A00005A00005A00005A00005A00005A00005A00005A00005A0000F2
:20EAA0005A00005A00005A00005A00005A00005A00005A00005A00005A00005A00005A1068
:20EAC000004400004420005A00005A00005A00005A00005A00005A00005A00005A00005A64
:20EAE00000005A00005A00005A00005A00005A00005A00005A00005A00005A00005A000092
:20EB00005A00005A00005A00005A00005A00005A00005A00005A00005A00005A00005A1007
:20EB2000003400003320005A00005A00005A00005A00005A00005A00005A00005A00005A24
:20EB400000005A00005A00005A00005A00005A00005A00005A00005A00005A00005A000031
:20EB60005A00005A00005A00005A00005A00005A00005A00005A00005A00005A00005A10A7
:20EB8000003F00003200003500002200002400002460005A00005A00005A00005A00005A43
:20EBA00000005A00005A00005A00005A00005A00005A00005A00005A00005A00005A0000D1
:20EBC0005A00005A00005A00005A00005A00005A00005A00005A00005A00005A00005A1047
:20EBE000003100002F00002D00002B00002B00002B60005A00005A00005A00005A00005AE5
:20EC000000005A00005A00005A00005A00005A00005A00005A00005A00005A00005A000070
:20EC20005A00005A00005A00005A00005A00005A00005A00005A00005A00005A00005A10E6
:20EC4000002C00002B00002A00002900002800002860005A00005A00005A00005A00005A98
:20EC600000005A00005A00005A00005A00005A00005A00005A00005A00005A00005A000010
:20EC80005A00005A00005A00005A00005A00005A00005A00005A00005A00005A00005A1086
:20ECA000002400002400002400002400002400002460005A00005A00005A00005A00005A5A
:20ECC00000005A00005A00005A00005A00005A00005A00005A00005A00005A00005A0000B0
:20ECE0005A00005A00005A00005A00005A00005A00005A00005A00005A00005A00005A1026
:20ED00000041604163816281620161016481658162C161C16481624166816281628162815D
:20ED2000620040B50000800080B50000800000090000C00030B00000C00070B00000C000FE
:20ED4000B0B00000C00000B00000800040B00000800080B000008000C0B00167801C80B29D
:20ED60000000C01980B50000804700B70000801560B70000C00080000000808020010000FA
:20ED8000C08020020000C08020030000C08020040000C08020050000C08020060000C000BF
:20EDA000200700008000200800008000200900008000200A00008000200B00008000200CDA
:20EDC00000008000200D00008000200E00008000200F00008091616770000091C1676000C7
:20EDE0000091216800000092816800000094E168000000944169000000B1A169000000B1F7
:20EE0000016A800000B1616A80000091C16A800000B2216B400000B1816B560000B7E16B5B
:20EE2000000000B7416C80000000A16C00000088888888888888888888888888888888FF62
:20EE4000FF0000000000000000000000000000FFFFFFFF000000000000000000000000FFB8
:20EE6000FFFFFFFF0000000000000000000000FFFFFFFFFFFF00000000000000000000FF9D
:20EE8000FFFFFFFFFFFF000000000000000000FFFFFFFFFFFFFFFF0000000000000000CCB4
:20EEA000CCCCCCCCCCCCCC3333333333333333AAAAAAAAAAAAAAAA555555555555555588A6
:20EEC000888888888888887777777777777777FFFFCCCCFFFFCCCC0000333300003333FECC
:20EEE000DCBA98765432100123456789ABCDEFFFFFBA98A987321034564567BCDECDEFFFCB
:20EF0000EEDDCCBBAA99887766554433221100FFFEFDFCFBFAF9F8E7D6C5B4A392817000C0
:20EF2000000000000000000000000000000000064060016D096D116D196D216D7B6DD56D8B
:20EF400020602F6E9633963396339633963396339633963396339633963396339633963396
:20EF600096339633200CB4275A00005A00005A00005A00005A00005A00005A00000CB4279B
:20EF80005A00005A00005A00005A00005A00005A00005A00000CB4275A00000CB0005A00A4
:20EFA000000CB0005A00005A00005A00000CB4005A00005A00005A00005A00005A00005AAB
:20EFC00000005A00000CB4005A00005A00005A00005A00005A00005A00005A00000CB400E1
:20EFE0005A00000CB0005A00000CB0005A00005A00005A00000CB4005A00005A00005A0009
:20F00000005A00005A00005A00005A00000CB4005A00005A00005A00005A00005A00005AAC
:20F0200000005A00005A00005A00005A00005A00005A00005A00005A00005A00005A00004C
:20F040005A00005A00005A00005A00005A00005A00005A00005A00005A00005A00005A00D2
:20F06000005A00005A00005A00005A00005A00005A00005A00005A00005A00005A00005AB2
:20F0800000005A00005A00005A00005A00005A00005A00005A00005A00005A00005A0000EC
:20F0A0005A00005A00005A00005A00005A00005A00005A00005A00005A00005A00005A0072
:20F0C000005A00005A00005A00005A00005A00005A00005A00005A00005A00005A00005A52
:20F0E00000005A000000B0005A00005A00005A00005A00005A00005A00005A000000B000E0
:20F100005A00005A00005A00005A00005A00005A00005A000000B0005A00005A00005A00BB
:20F12000005A00005A00005A00005A000000B0005A000000B0005A000000B0005A00005AEF
:20F1400000005A000000B0005A00005A00005A00005A00005A00005A00005A000000B0007F
:20F160005A00005A00005A00005A00005A00005A00005A000000B0005A00005A00005A005B
:20F18000005A00005A00005A00005A000000B0005A00005A00005A00005A00005A00005A3B
:20F1A00000005A00005A00005A00005A00005A00005A00005A00005A00005A00001870009D
:20F1C0005A00005A00005A00005A00005A00005A00005A00005A00005A00005A00005A0051
:20F1E000005A00005A00005A00005A00001870005A00005A00005A00005A00005A00005A03
:20F2000000005A00005A00005A00005A00005A00005A00005A00005A00005A00001870003C
:20F220005A00005A00005A00005A00005A00005A00005A00005A00005A00005A00005A00F0
:20F24000005A00005A00005A00005A00001870005A00005A00005A00005A00005A00005AA2
:20F2600000005A00005A00001840005A00005A00005A00005A00005A00005A00005A00000C
:20F280001840001840005A00005A00005A00005A00005A00005A00001840005A00005A0096
:20F2A000005A00005A00005A00005A00001810005A00001810005A0000181000181000187A
:20F2C00010005A00005A00001840005A00005A00005A00005A00005A00005A00005A00009C
:20F2E0005A00001840005A00005A00005A00005A00005A00005A00001840005A00005A0034
:20F30000005A00005A00005A00005A00005A00001840005A00005A00005A00005A00005A11
:20F3200000005A00005A00005A00005A00005A00005A00005A00005A00005A00002470000F
:20F340005A00005A00005A00005A00005A00005A00005A00005A00005A00005A00005A00CF
:20F36000005A00005A00005A00005A000024700018E0005A00005A00005A00005A00005AD7
:20F3800000005A00005A00005A00005A00005A00005A00005A00005A00005A0000247000AF
:20F3A00024E0005A00005A00005A00005A00005A00005A00005A00005A00005A00005A00C5
:20F3C000005A00005A00005A00005A00002470005A00005A00005A00005A00005A00005A15
:20F3E00000005A000018E0005A00005A00005A00005A00005A00005A00005A000024E00041
:20F400005A00005A00005A00005A00005A00005A00005A000018E0005A00005A00005A0070
:20F42000005A00005A00005A00005A000030E0005A00005A00005A00005A00005A00005A38
:20F4400000005A000018E0005A00005A00005A00005A00005A00005A00005A000024E000E0
:20F460005A00005A00005A00005A00005A00005A00005A000018700030E0005A00005A00CA
:20F48000005A00005A00005A00005A00001D70001DE0005A00005A00005A00005A00005AB8
:20F4A00000005A00001870005A00005A00005A00005A00005A00005A00005A00001870006C
:20F4C0005A00005A00005A00005A00005A00005A00005A00001870005A00005A00005A0020
:20F4E000005A00005A00005A00005A00001870005A00001870005A00001870005A00005AA4
:20F5000000005A00001870005A00005A00005A00005A00005A00005A00005A00001870000B
:20F520005A00005A00005A00005A00005A00005A00005A00001870005A00005A00005A00BF
:20F54000005A00005A00005A00005A00001870005A00005A00005A00005A00005A00005A9F
:20F5600000005A00005A01015A01015A01015A01015A02015A02015A02015A12015A0000E3
:20F580005A00005A00005A00005A00005A00005A00005A00005A00005A00005A00005A008D
:20F5A000005A00005A00005A00005A00005A00005A00005A00005A00005A00005A00005A6D
:20F5C00000005A10004400004420005A00005A00005A00005A00005A00005A00005A0000A3
:20F5E0005A00005A00005A00005A00005A00005A00005A00005A00005A00005A00005A002D
:20F60000005A00005A00005A00005A00005A00005A00005A00005A00005A00005A00005A0C
:20F6200000005A10004300004320005A00005A00005A00005A00005A00005A00005A000044
:20F640005A00005A00005A00005A00005A00005A00005A00005A00005A00005A00005A00CC
:20F66000005A00005A00005A00005A00005A00005A00005A00005A00005A00005A00005AAC
:20F6800000005A10004200004100004000004040005A00005A00005A00005A00005A0000FB
:20F6A0005A00005A00005A00005A00005A00005A00005A00005A00005A00005A00005A006C
:20F6C000005A00005A00005A00005A00005A00005A00005A00005A00005A00005A00005A4C
:20F6E00000005A10004400004420005A00005A00005A00005A00005A00005A00005A000082
:20F700005A00005A00005A00005A00005A00005A00005A00005A00005A00005A00005A000B
:20F72000005A00005A00005A00005A00005A00005A00005A00005A00005A00005A00005AEB
:20F7400000005A10003C00003C20005A00005A00005A00005A00005A00005A00005A000031
:20F760005A00005A00005A00005A00005A00005A00005A00005A00005A00005A00005A00AB
:20F78000005A00005A00005A00005A00005A00005A00005A00005A00005A00005A00005A8B
:20F7A00000005A10003400003420005A00005A00005A00005A00005A00005A00005A0000E1
:20F7C0005A00005A00005A00005A00005A00005A00005A00005A00005A00005A00005A004B
:20F7E000005A00005A00005A00005A00005A00005A00005A00005A00005A00005A00005A2B
:20F8000000005A10003C00003C20005A00005A00005A00005A00005A00005A00005A000070
:20F820005A00005A00005A00005A00005A00005A00005A00005A00005A00005A00005A00EA
:20F84000005A00005A00005A00005A00005A00005A00005A00005A00005A00005A00005ACA
:20F8600000005A10003C00003C20005A00005A00005A00005A00005A00005A00005A000010
:20F880005A00005A00005A00005A00005A00005A00005A00005A00005A00005A00005A008A
:20F8A000005A00005A00005A00005A00005A00005A00005A00005A00005A00005A00005A6A
:20F8C00000005A10003400003320005A00005A00005A00005A00005A00005A00005A0000C1
:20F8E0005A00005A00005A00005A00005A00005A00005A00005A00005A00005A00005A002A
:20F90000005A00005A00005A00005A00005A00005A00005A00005A00005A00005A00005A09
:20F9200000005A10004400004420005A00005A00005A00005A00005A00005A00005A00003F
:20F940005A00005A00005A00005A00005A00005A00005A00005A00005A00005A00005A00C9
:20F96000005A00005A00005A00005A00005A00005A00005A00005A00005A00005A00005AA9
:20F9800000005A10003400003320005A00005A00005A00005A00005A00005A00005A000000
:20F9A0005A00005A00005A00005A00005A00005A00005A00005A00005A00005A00005A0069
:20F9C000005A00005A00005A00005A00005A00005A00005A00005A00005A00005A00005A49
:20F9E00000005A10003F00003200003500002200002400002460005A00005A00005A00001F
:20FA00005A00005A00005A00005A00005A00005A00005A00005A00005A00005A00005A0008
:20FA2000005A00005A00005A00005A00005A00005A00005A00005A00005A00005A00005AE8
:20FA400000005A10003100002F00002D00002B00002B00002B60005A00005A00005A0000C0
:20FA60005A00005A00005A00005A00005A00005A00005A00005A00005A00005A00005A00A8
:20FA8000005A00005A00005A00005A00005A00005A00005A00005A00005A00005A00005A88
:20FAA00000005A10002C00002B00002A00002900002800002860005A00005A00005A000074
:20FAC0005A00005A00005A00005A00005A00005A00005A00005A00005A00005A00005A0048
:20FAE000005A00005A00005A00005A00005A00005A00005A00005A00005A00005A00005A28
:20FB000000005A10002400002400002400002400002400002460005A00005A00005A000035
:20FB20005A00005A00005A00005A00005A00005A00005A00005A00005A00005A00005A00E7
:20FB4000005A00005A00005A00005A00005A00005A00005A00005A00005A00005A00005AC7
:20FB600000005A1000656FE570E5702570E570E570E570E570E570E570E570E570656FE5A7
:20FB800070E570E57025702570257025702570257025702570257025702570257025702595
:20FBA0007025702570257025702570257025702570257025702570257025702570257025F5
:20FBC00070257025702570A5716572A5712573E5732573E5732573A571A5746572257025BB
:20FBE00073E57325730040B50000800080B50000800000090000C00030B00000C00070B0EF
:20FC00000000C000B0B00000C00000B00000800040B00000800080B000008000C0B065756A
:20FC2000801C80B20000C01980B50000804700B70000801560B70000C0008000000080807E
:20FC400020010000C08020020000C08020030000C08020040000C08020050000C08020068F
:20FC60000000C000200700008000200800008000200900008000200A00008000200B0000F7
:20FC80008000200C00008000200D00008000200E00008000200F00008091C5757000009162
:20FCA000257660000091857600000052E57600000094457700000094A577000000B10578E2
:20FCC000000000B16578800000B1C578800000912579800000B28579400000B1E5795600A4
:20FCE00000B7457A000000B7A57A80000000057B00000088888888888888888888888888D0
:20FD0000888888FFFF0000000000000000000000000000FFFFFFFF00000000000000000051
:20FD2000000000FFFFFFFFFF0000000000000000000000FFFFFFFFFFFF00000000000000CE
:20FD4000000000FFFFFFFFFFFFFF000000000000000000FFFFFFFFFFFFFFFF0000000000B2
:20FD6000000000CCCCCCCCCCCCCCCC3333333333333333AAAAAAAAAAAAAAAA555555555592
:20FD800055555588888888888888887777777777777777FFFFCCCCFFFFCCCC0000333300DA
:20FDA000003333FEDCBA98765432100123456789ABCDEFFFFFBA98A987321034564567BC31
:20FDC000DECDEFFFEEDDCCBBAA99887766554433221100FFFEFDFCFBFAF9F8E7D6C5B4A3DC
:20FDE0009281700000000000000000000000000000000002646F657B857BA57BC57BE57B0B
:08FE00003F7C997C446FF37C08
:20169400E8F7F8112A4F3A2B2B47CB21CB102A5F5621080019E57DF80977E17CF80877F870
:2016B40012CB7E2816F8072A5F561A6F131A67095D541AF80022131A77180D213FC3095D42
:2016D400541AF80022131A77F8147EB72820F8072A5F561A4F131A47F8145E16006B622910
:2016F40079954F789C47F8072A666F792270F80F2A4F4603030AE0900AEA0020F80F7EF83E
:201714000277F8107EF803322A5F2A571A4F131A712377F8137EF80877F8087EB72863F826
:20173400042A5F3A571A4F131A472A5F5621020019E57DF80877E17CF80777F8007E9120AC
:2017540029237E902024F8062A5F561AF80022131A327EF80777F8017EF80877F8022A5F02
:2017740056F8072A12137E12182FF8062A5F5621020019E57DF80677E17CF80577F80835E4
:201794001897F8047EF807322B7EF80877F8022A5F56F8072A12137E12E809C9E8F3F8185F
:2017B4002A4F46CB21CB10F8132A5F5621080019E57DF80C77E17CF80B77F819CB7E280D20
:2017D400F80A2A5F561A6F131A67091804213FC309AFF533E5F8192A5F3A2B57D57EF53319
:2017F4001E0421A54CCD393BE808C5F81A7EB7CAB918F8013AB6CAB918F8137EF80277F853
:20181400147EF80377F8132A4F4603030AE0900AEA0020F81A7EF80C322B7EF80477F80B6D
:201834007EF80577F80C7EB7287BF8027EF80677F8037EF807322A5F561A6F131A672A66A3
:201854004F44CB21CB10CB7C2810F8042A5F561A6F131A67092A4F7E1807213FC3092A4FDF
:201874007EF808712377D1D5210800194D4459501AF80A22131A322A5F5613137B02037A0D
:2018940002F8082A4F2A472A666F792270F8062A5F561A4F131A4703033A6E67792270F86C
:2018B4000C35C33818E80DC9E8F4F8122A4F4603030AE0900AEA0020F8122A5F56210800B7
:2018D40019E57DF80477E17CF803322A5F2A571A22131A77F8127EF80677F8137EF80732DB
:2018F4002A5F561AF80A22131A322A4F4603F8062A666F792270F80A2A5F561A213CC377FC
:20191400CB7ECA061E7EEE80D677DA30245E3EFF5796CB7B2807CB7A2008BF1805CB7A2862
:201934000137DA3024FA3CC3C6094F0600214B1909094E236669E95D19221AF71A9C1B399D
:201954001CA31C3F1D941DC21DF8062A5F561A6F131A4D4703E5F8085E23666B712370E166
:20197400677EEA3CC3F8062A5F561A6F131A672A666FCB7C280D294D44F8042A666F094D05
:2019940044180729113FC3194D4459501AF80822131A77FA3CC34FD649284079FE69280684
:2019B400D675281D1853F8022A5F561A4F131A47F8082A5F561A5F079F577B02037A0218F9
:2019D40038F8022A5F561A4F131A47F8082A5F561A5F16007B02037A02181EF8022A5F568C
:2019F4001AF80A22131A77F8082A4F4669602A4F46F80A2A666F792270F8062A5F561A4F58
:201A1400131A4703033A6E67792270C3F11DF8062A5F561A6F131A4D4703E5F8085E236657
:201A34006B712370E1677EEA3CC3FA3CC34FD649286A79FE692807D6752832C3E21AF8060A
:201A54002A5F561A4F131A4759501AF80A22131A77F8022A5F561A4F131A470B0B3A6E6750
:201A74007922700AF80A5E23666B771861F8062A5F561A4F131A4759501AF80A22131A77B4
:201A9400F8022A5F561A4F131A470B0B3A6E677922700AF80A5E23666B771832F8062A5FA6
:201AB400561A4F131A4759501AF80A22131A77F8022A5F561A4F131A470B0B3A6E677922DE
:201AD4007069602A4F46F80A2A666F792270F8062A5F561A4F131A4703033A6E6779227014
:201AF400C3E818F8062A5F561A6F131A4D4703E5F8085E23666B712370E1677EEA3CC3FA01
:201B14003CC34FD649284F79FE692806D67528251861F8022A5F561A4F131A47F8062A5F71
:201B3400561A6F131A672A666F7E5F079F577B02037A02183EF8022A5F561A4F131A47F845
:201B5400062A5F561A6F131A672A666F5E16007B02037A02181DF8022A5F561A4F131A4715
:201B7400F8062A5F561A6F131A672A666F2A6602037C02F8062A5F561A4F131A4703033A4B
:201B94006E67792270C3F11DF8062A5F561A6F131A672A4F46CB782816CB21CB10F8042A59
:201BB400666F09E57DF80C77E17CF80B77180F7987CB10C63F4F78CEC3F80A712377F80A11
:201BD4002A5F561A4F131A47CB782816CB21CB10F8042A666F09E57DF80C77E17CF80B7735
:201BF400180F7987CB10C63F4F78CEC3F80A712377F8022A5F561A4F131A470B0B3A6E678A
:201C140079227069602A4F46F80A2A666F792270F8062A5F561A4F131A4703033A6E6779C9
:201C34002270C3E818F8062A5F561A6F131A672A4F46CB782816CB21CB10F8042A666F0936
:201C5400E57DF80C77E17CF80B77180F7987CB10C63F4F78CEC3F80A712377F8022A5F5677
:201C74001A4F131A470B0B3A6E6779227069602A4F46F80A2A666F792270F8062A5F561AB8
:201C94004F131A4703033A6E67792270C3E818F8062A5F561A6F131A672A4F46CB78281650
:201CB400CB21CB10F8042A666F09E57DF80C77E17CF80B77180F7987CB10C63F4F78CEC332
:201CD400F80A712377F80A2A5F561A4F131A47F8022A5F561AF80822131A77CB782816CB20
:201CF40021CB10F8042A666F09E57DF80C77E17CF80B77180F7987CB10C63F4F78CEC3F8C5
:201D14000A712377F80A2A5F561A4F131A47F8082A666F792270F8062A5F561A4F131A4718
:201D340003033A6E67792270C3F11DF8062A5F561A6F131A672A4F46F8022A5F561AF80AF0
:201D540022131A77CB78280ECB21CB10F8042A666F094D441809696029113FC3194D44699B
:201D7400602A4F46F80A2A666F792270F8062A5F561A4F131A4703033A6E67792270185DD5
:201D9400F8022A5F561A4F131A47F8062A5F561A6F131A672A6602037C02F8062A5F561A75
:201DB4004F131A4703033A6E67792270182FF8062A5F561A6F131A4D4703E5F8085E2366EF
:201DD4006B712370E1677EEA3CC3F8022A5F561A6F131A67FA3CC34F079F712377F8022ABE
:201DF4005F561A4F131A4703033A6E67792270C3E818F8022A5F561A4F131A471104007916
:201E1400935F789AF80B327B222B2A5F5621020019E57DF80877E17CF80777FA3CC34F3E60
:201E34001B91DA3024060021451E09094E236669E919247D1EBB1E071F4C1F981FDD1F14E6
:201E54002051208620A120D7200B2133215B218321BB21F32125226922AD22FE2250238635
:201E7400239F23B823D123F823F80A2A5F561AF80022131A77F8062A5F2A571A22131A77DE
:201E9400F8007EF80896200AF8017EF809963E012801AFF809773A22AF222A5F56F8087ED1
:201EB4001213AF12C31B24F80A2A5F561AF80022131A77F8062A5F2A571A22131A77F8008D
:201ED4005D54F8081A1396231A9E1A57CB7E2807CB7A2008BF1805CB7A2801373E0017F87B
:201EF40009773A22AF222A5F56F8087E1213AF12C31B24F80A2A5F561A4F131A47F8062AF6
:201F14005F561A6F131A6758547D917C98CB7B2807CB7A2008BF1805CB7A2801373E001755
:201F3400F809777EEE01773A22AF222A5F56F8087E1213AF12C31B24F80A2A5F561AF800CC
:201F540022131A77F8062A5F2A571A22131A77F8085D54F8001A1396231A9E1A57CB7E2896
:201F740007CB7A2008BF1805CB7A2801373E0017F809773A22AF222A5F56F8087E1213AF2D
:201F940012C31B24F80A2A5F561A4F131A47F8062A5F561A6F131A675C507995789CCB7B4D
:201FB4002807CB7A2008BF1805CB7A2801373E0017F809777EEE01773A22AF222A5F56F83B
:201FD400087E1213AF12C31B24F80A2A5F561A4F131A47F8062A5F561A6F131A677D912099
:201FF400067C903E012801AFF809777EEE01773A22AF222A5F56F8087E1213AF12C31B24D6
:20201400F80A3A2B77F80B3A2B222A5F3A571A22131A773AB6280CF8062A5F561A4F131AB3
:20203400B12006F80B36001804F80B3601F80B4E0600F8082A666F792270C31B24F80A3A87
:202054002B77F80B3A2B222A5F3A571A22131A773AB6200FF8062A5F561A4F131AB12003E0
:202074004F18020E010600F8082A666F792270C31B24F8062A5F561A4F131AB1D6013E0089
:20209400174F06003A6E67792270C3E818F80A2A5F561AF80022131A77F8062A5F2A571A08
:2020B40022131A322A5F56E1E519E57DF80877E17CF80777F80A2A5F56F8062A12137E1263
:2020D400C31B24F80A2A5F561AF80022131A77F8062A5F2A571A22131A77D1D53A6E677B19
:2020F400955F7A9CF8073273F80A2A5F56F8062A12137E12C31B24F80A2A5F561AF8082241
:20211400131A322B2B2A5F2A571A4F131A472A5F56CD190EF80A2A666F792270C31B24F836
:202134000A2A5F561AF80822131A322B2B2A5F2A571A4F131A472A5F56CDB510F80A2A66C7
:202154006F792270C31B24F80A2A5F561AF80822131A322B2B2A5F2A571A4F131A472A5FAD
:2021740056CDA510F80A2A666F792270C31B24F80A2A5F561AF80022131A77F8062A5F2AFB
:20219400571A22131A77F8007EF808A62B2B77F8017EF809A62B2B77F80A2A5F56F8062A17
:2021B40012137E12C31B24F80A2A5F561AF80022131A77F8062A5F2A571A22131A77F800BB
:2021D4007EF808B62B2B77F8017EF809B62B2B77F80A2A5F56F8062A12137E12C31B24F837
:2021F4000A2A5F561AF80022131A77F8062A5F2A571A22131A327EF800AEF808227EF801AA
:20221400AEF809222A5F56F8082A12137E12C31B24F80A2A5F561AF80022131A77F8062A38
:202234005F2A23571A777EE60F777EF5F8027EF80A77F8037EF80B77F13C1807F808CB2678
:2022540023CB163D20F6F80A2A5F56F8082A12137E12C31B24F80A2A5F561AF80022131A0F
:2022740077F8062A5F2A23571A777EE60F777EF5F8027EF80A77F8037EF80B77F13C18078A
:20229400F809CB3E2BCB1E3D20F6F80A2A5F56F8082A12137E12C31B24F80A3A2B77F80B16
:2022B4003A2B222A5F3A571A22131A77F8062A5F561A4F131A47F80A2A917E985678CB7FE4
:2022D4002807CB7A2008BF1805CB7A280137380CF8062A5F561AF80A22131A77F8082A5F41
:2022F4002A572A12137E12C31B24F80A3A2B77F80B3A2B222A5F3A571A22131A77F8062ADE
:202314005F561A4F131A47F80A799623789E7857CB7E2807CB7A2008BF1805CB7A28013798
:20233400380CF8062A5F561AF80A22131A77F8082A5F2A572A12137E12C31B24F8062A5F14
:202354002A571A22131A222A5F561AF80622131A322A4F2A472A5F56D5C51E0A210040CD2C
:20237400393BE8044F0600F80A2A666F792270C31B24F8062A5F561A4F131A5957CD10394D
:20239400F8062A666F792270C3E818F8062A5F561A4F131A47792F4F782F473A6E67792215
:2023B40070C3E818F8062A5F561A4F131A47AF914F9F90473A6E67792270C3E818F8062A12
:2023D4005F561AF80A22131A322A5F56D51E0A21CD7FCD393BE14F0600F8062A666F79223F
:2023F40070C3E818CD5A384B42F8062A5F561A6F131A6759504D44CD3B10F8062A666F79E8
:202414002270C3E8181815F8022A5F561A4F131A470B0B3A6E67792270C3E818E80CC93B85
:202434003BF80A2A4F46CB21CB10CB7E2811F8082A5F56210800192A666F094D441806214A
:202454003FC3094D44F80D7EE090EA0020F80C7EB7200D23232A5F561AF800223600180CB6
:20247400F80E2A5F561AF80022131A77F8002A02037E023333C9F8082AE090EA00202A6681
:202494006FE9F8062A666FE523233AE090EA00203A6E67E7D1E1732372C9424B1A6F131A38
:2024B40067131AE090EA00202AB7C8083DC3C5E526006F29292B112602193AE0953AE094DE
:2024D4003A474EE1F095CB3F30045623D533280856235E23D53D20F8545D213DC32A666FCF
:2024F4002B3A6E67E57B2272213DC32A666FE5E5F094E090EA00206069E7E1F93E01C93BE5
:20251400F090E096FA35C3B720112131C32277FA2DC3EA33C3FA2EC3EA34C32143D1360127
:202534002144D136102134C33AB6CA7226AFEA37C3FA33C32134C3666F111000193600FAC7
:2025540033C34F2134C346210F00097EB72015FA33C35F2134C356CDAE242133C34E2346F7
:20257400B7C21D26211100095E2135C37E9377210D00092A4F4678B1280C69602A666FCB6B
:20259400FC7D02037C022132C33AB628172A464F030303FA33C32134C3666F2323232A6648
:2025B40002037C02FA33C32134C3464F030303FA2DC32133C3962013FA2EC32134C396205B
:2025D4000A59501A212DC322131A77FA2FC30203FA30C302FA33C3EA2FC3FA34C3EA30C3C9
:2025F4002132C33AB628132A464F03030359501A2133C322131A77C33925FA2DC3EA33C333
:20261400FA2EC3EA34C3C33925FA37C3B7280DF096E090F096EA00203E03185C2110000964
:202634005D541AB72011FA44D1F800772144D135F8007EB7C23925FA35C3B720211A214335
:20265400D1A6772131C379227003030359501A2133C322131A772144D13610C33925F0968C
:1A267400E090F096EA0020212EC33AB6280AFA43D1B73E0120023E0233C9B6
:020000040001F9
:20000000E8FCF80A2A5F56210800194D4459501AF80022131A77D1D513137B02037A02F807
:200020000A7EF80277F80B7EF803322A5F561A4F131A47E1E5792270F8022A5F56F80C2A85
:2000400012137E12E804C9E8FCF80A2A5F562108001933335D54D51A4F131A470B0BE1E58A
:20006000792270F80A7EF80277F80B7EF8037769602A4F46F8022A666F792270F80C7EB7CC
:200080002817D1D51A4F131A475EAF6B672979954F789C47E1E5792270E804C9E8FAF80C72
:2000A0002A5F56210800194D4459501AF80022131A77D1D5131369607B2272F80C7EF802ED
:2000C00077F80D7EF803322A5F2A571A22131A32D1D52A12137E1259501AF80022131A774E
:2000E000D1D513137B02037A02F80C2A4F4603030AF80422AF32D1D53A2B1213AF122A5FEC
:2001000056F80F2A12133A2B127E02E806C9E8FCF80A2A5F562108001933335D54D51A4F29
:20012000131A470B0BE1E5792270F80A2A5F5613130A12D1D51A4F131A470B0BE1E5792247
:2001400070F80A7EF80277F80B7EF8037769602A4F46F8022A666F792270F80C7EB7281747
:20016000D1D51A4F131A475EAF6B672979954F789C47E1E5792270E804C9F8062A4F4621D8
:200180000800094D442A6E675C5513137B02037A025C55F8082A12137E12C93B3BF8082AF2
:2001A0004F46210800093333E5F80A7EB72818D1D51A4F131A475E16006B622979954F78F4
:2001C0009C47E1E5792270D1D51A6F131A672A4F4659503333C93B3BF8082A5F2A572A4F18
:2001E00046CB21CB10210800193333E5F80BCB7E280CD1D51A6F131A67094D441806213F0A
:20020000C3094D446960233A6EB52819F8082A5F56F80C2A12137E1269602A666F2B7D02C3
:20022000037C02181FF80E7EB72819D1D51A4F131A475E1600CB23CB1279934F789A47E133
:20024000E57922703333C9F8062A4F2A472A02037E02C9E8FCF80A2A5F56210800193333B2
:20026000E5F80C7EB7281CD1D51AF80222131A77F80D2A4F4669602A4F4603F8022A666F54
:20028000792270D1D51A4F131A4769602A666F2B7D02037C027CB5280FF80A2A5F56211063
:2002A000001936011E0018021E01E804C9E8F4F8127EF80077F8137EF80177F8182A4F4647
:2002C000CB21CB10D1D521080019E57DF80477E17CF80377F819CB7E280FF8022A5F561A47
:2002E0006F131A67094D7C1806213FC3097C4DF804712377D1D521050019E57DF80877E170
:200300007CF807322A5F2A571A22131A77F8152A4F46D1D521070019E57DF80C77E17CF861
:200320000B77F8087E912010237E90200BF80A2A5F561AF814962815F8062A666F792270BE
:20034000F80A2A5F56F8147E1216011802160021A3DA792270F8147EEAA5DA01A239F81257
:200360002A5F7EF5F8062A666FF1E5D53357D56960CDA93AE8057BB72836F8177EB7281FF9
:20038000F8022A5F561A4F131A47F8175EAF6B672979954F789C47F8022A666F792270F8DC
:2003A000062A666FAF2277F80A2A666F36001812C1C569602A66C6F95F7CCEFF577B020372
:2003C0007A02E80CC93B3BF80A2A4F46CB21CB10CB7E28172B2B2B2A5F5621080019333356
:2003E0005D54D51A6F131A67091804213FC3092AAFB62020F8082A4F4669602A66C6FD5F00
:200400007CCEFF577B02037A02F8082A5F562110001936013333C9F8082A4F46CB21CB102B
:20042000CB7E280FF8062A5F56210800192A666F091804213FC3097EF5331E04210A4ECDBF
:20044000393B33C9E8F9F80D2A5F2A23572A4F46CB21CB10210800193333E5F811CB7E288C
:2004600013D1D51A6F131A67095D541AF80222131A77180D213FC3095D541AF80222131AAD
:2004800077F8122A4F46CB21CB10CB7E280DD1D51A6F131A67092A4F461807213FC3092AD7
:2004A0004F46F80436003E06F80F96DA4045F8027E912007237E903E012801AFF80577F851
:2004C000022A917E985678CB7F2807CB7A2008BF1805CB7A2801373E0017F80677F80279D7
:2004E0009623789E7857CB7E2807CB7A2008BF1805CB7A2801373E00174FF80F5E160021B8
:20050000094519195E23666BE9404517451D4524452C4531453A45F8053A771823F8063AED
:200520002B77181C79EE01F804771814F80471180FF8063A2BEE01771806F8053AEE0177C6
:20054000F8047EB7280CF80D2A4F46F8142A02037E02F8167EB72817D1D51A4F131A475E54
:20056000AF6B672979954F789C47E1E5792270E807C9E8FBF80B2A5F2A23572A4F46CB21D2
:20058000CB10210800193333E5F80FCB7E280DD1D51A6F131A67092A4F461807213FC30998
:2005A0002A4F46F80236003E06F80D96DA4146F8107E912007237E903E012801AFF8037714
:2005C000F810799623789E7857CB7E2807CB7A2008BF1805CB7A2801373E0017F80477F8D6
:2005E000102A917E985678CB7F2807CB7A2008BF1805CB7A2801373E00174FF80D5E1600C8
:20060000210A4619195E23666BE9414618461E4625462D4632463B46F8033A771823F804F9
:200620003A2B77181C79EE01F802771814F80271180FF8043A2BEE01771806F8033AEE010A
:2006400077F8027EB7280CF80B2A4F46F8122A02037E02F8147EB72817D1D51A4F131A4742
:200660005EAF6B672979954F789C47E1E5792270E805C9E8FCF80A2A4F46210800093333F6
:200680005D54D51AF80222131A77F80C2A4F46CB21CB10CB7E280AF8022A666F094D44184A
:2006A00006213FC3094D4469602A4F46F8022A666F792270D1D51A4F131A470303E1E57923
:2006C0002270E804C9E8FCF80A2A5F2A572A4F46CB21CB102108001933335D54D51AF8021B
:2006E00022131A77F80DCB7E280AF8022A666F094D441806213FC3094D4469602A4F46F8C6
:200700000C792270CB21CB10CB7E280AF8022A666F094D441806213FC3094D4469602A4FD0
:2007200046F8022A666F792270D1D51A4F131A470303E1E5792270E804C9E8FCF80A2A4F01
:20074000462108000933335D54D51AF80222131A77F80DCB7E281CF8022A4F4679D63F4F33
:2007600078DEC347CB38CB19F80C2A5E814F7B88471805F80C2A4F46F8022A666F792270A8
:20078000D1D51A4F131A470303E1E5792270E804C93B3BF8082A4F46210800094D445950A9
:2007A0001AF80022131A77F80A7E5F079F57CB23CB12E1E5195D547B02037A023333C9E817
:2007C000FAF80C2A5F2A572A4F46CB21CB10210800193333E5F80FCB7E2819D1D51AF802B3
:2007E00022131A322A666F09E57DF80677E17CF80577180B213FC3094D7CF804712377F8B1
:20080000102A4F46CB21CB10CB7E280AD1D51A6F131A67091804213FC3092A4F46F8042ACE
:20082000666F792270E806C9F8082A4F46CB21CB10CB7E2811F8062A5F56210800192A666A
:200840006F094D441806213FC3094D44F80A2A02037E02C9E8FAF80E2A4F3A2B2B47CB2116
:20086000CB102A5F56210800193333E5F80FCB7E2819D1D51AF80222131A322A666F09E578
:200880007DF80677E17CF80577180B213FC3094D44F804792270F8102A4F46CB21CB10CB55
:2008A0007E280AD1D51A6F131A6709181CF80C2A5F56210A0019E57DF80477E17CF8033202
:2008C0002A5F561A6F131A67092A4F46F8042A666F792270E806C9F8087E0F3003CDBD014C
:2008E00040C9F8062A4F46211000093601C9F8082A4F46CB21CB10CB7E2810F8062A5F5614
:20090000210800192A666F094D1805213FC3094D692A4F46C5CD8538E1C9F8082A4F46CBFF
:2009200021CB10CB7E2811F8062A5F56210800192A666F095D541806213FC3095D54D5CDC4
:200940005A38D5F8104EF81146D1CD3B10D1F80A2A666F094D447912137812C9F80A2A4FCA
:2009600046CB21CB10CB7E2811F8062A5F56210800192A666F094D441806213FC3094D4455
:2009800069602A666FFAA3C0E521A4C056E1957A9CD680380DF8062A4F46F80C2A02037EDD
:2009A00002C9FAA3C021A4C0565FF8082A666F195D547B02037A02C9F8062A4F4621110058
:2009C00009342135C334C9F8062A4F46211100097EB7C83D772135C335C93B3BF80A7EEA24
:2009E00037C3F80B7EEA38C3F8082A4F46595013131AEA39C369602A665F54213AC37B2242
:200A00007259501AF80022131A77D1D5F80B6E2600195D547B02037A023333C9E8FAF80CCB
:200A20002A5F2A572A4F46CB21CB10210800193333E5F80FCB7E280AD1D51A6F131A67094B
:200A40001804213FC3092A664F44CB21CB10CB7C2819D1D51AF80222131A322A666F09E5B4
:200A60007DF80677E17CF80577180B213FC3094D7CF804712377F8102A4F46CB21CB10CB3B
:200A80007E280AD1D51A6F131A67091804213FC3092A4F46F8042A666F792270E806C9E82E
:200AA000FAF80C2A5F2A572A4F46CB21CB10210800193333E5F80FCB7E2819D1D51AF802D0
:200AC00022131A322A666F09E57DF80677E17CF80577180B213FC3094D7CF804712377F8CE
:200AE000102A4F46CB21CB10CB7E280AD1D51A6F131A67091804213FC3092A664F44CB21C2
:200B0000CB10CB7C280AD1D51A6F131A67091804213FC3092A4F46F8042A666F792270E8C0
:200B200006C9F8082A4F46CB21CB10CB7E280FF8062A5F56210800192A666F091804213F3D
:200B4000C309FA36C30E002271AFEA36C3C9F8082A4F46CB21CB10CB7E280FF8062A5F56F7
:200B6000210800192A666F091804213FC3095D54010000F80C7E912004237E90C8F80A2AD5
:200B800012137E12130318EBE8FAF8127EF80077F8137EF80132CB2623CB16F80C2A5F5622
:200BA000F8102A4F46CB21CB1021080019E57DF80477E17CF80377F811CB7E280FF8022A14
:200BC0005F561A6F131A67094D7C1806213FC3097C4DF804712377F80E2A4F46CB21CB10CB
:200BE000CB7E280DF8022A5F561A6F131A67091804213FC3095D54C1C5C5F8062A4F46CDAA
:200C0000E20FE806C9E8FDF8097EB7282211000ED5110000D5113FC3D5CDAA3AE806113025
:200C200001D5110000D511FDC1D5CDAA3AE806013FC9212FC33EFD2236C1AF212DC32277EC
:200C4000AFF8002277111AC3233610F8027EB728386B62232323E5F8027EE122E5F8037E7A
:200C6000E177210A0019792270210C0019E5F8047EE177218000094D443333D57BC6ED5FCD
:200C80007ACEFF57F8023518C2AFEA35C3EA36C3AF2131C32277FA2DC3EA33C3FA2EC3EA3D
:200CA00034C3E803C9E8F32130C33AB62006010000C3074EFA2FC34F2130C346F802792241
:200CC0007021030009E57DF80B77E17CF80A322A5F561A212FC322131A775950F8142A1247
:200CE000133A2B12595013137E1221080009E57DF80677E17CF80577210A00095D541AF83A
:200D00000B22131A77F8042A5F56F80B2A12137E12210D00095D54F8162A12137E123AB680
:200D2000280F2A5F56210C00096E26007D12137C12210F0009360021110009360021120090
:200D4000093600210700093600F8092A666FAF2277212EC33AB628252A4F46030303F80B8B
:200D6000792278322A5F561A4F131A47B120ECF80B2A5F56F8022A12137E121806212DC3CB
:200D8000792270F8187EB72879E5211A00395D54E16B6223E57DF80877E17CF80777F818CB
:200DA0007EF80C77F80C7EB72858F8042A5F561AF80822131A322A4F460303F8042A666F4B
:200DC000792270F8062A5F56210200193333E5F8007EF80677F8017EF80777D1D521020003
:200DE0007B955F7A9CF80B327B222B2A5F3A571A22131A77F8082A5F2A572A12132A1235AD
:200E000018A2F8022A4F46E80DC9FA2DC3EA3FD1FA2EC3EA40D12140D13AB628532A4F467B
:200E2000210C00095EF8067E932036210D00092A4F4678B1281B69602A666FCBFC7D020346
:200E40007C02FA3FD14F2140D146210D0009AF2277FA3FD12140D1666F110F00193E0177C4
:200E6000C903030359501A213FD122131A7718A6AFC9FA2DC3EA41D1FA2EC3EA42D121427F
:200E8000D13AB628272A4F46210C00095EF8067E93200A210D0009AF22773E01C903030326
:0E0EA00059501A2141D122131A7718D2AFC926
:020000040000FA
:20268E00E8FCF090F8007721ECD53AB6CA49272A4F46212600095D541AE0901AEA002021BE
:2026AE002700095D541AF80222131A776960232A666F2929297C2198D65E93F8025E23660E
:2026CE006B235E83EAE3D569602323232A666F2929297C219AD64E91F8025E23666B2323B1
:2026EE004E81EAE4D53E04E090EA002021EDD57ED60F30103EE5864F3E4ECE00470A21E470
:20270E00D54E8177F040CB57280511F44E180311004FFAE4D547FAE3D56FFAEFD54FFAEE33
:20272E00D5EAB1DA7BEAAFDA7AEAB0DAAFEAB2DA505D79CDA50F21EFD58677FAB9C0B7206D
:20274E0014FAEFC107380EFA3CDAB72008F04B473E07903803AF18023E01EAF9D52145D1E8
:20276E004E79E642C259282146D12A666F292929CB4128137CEAE3D52148D12A666F292977
:20278E00297CEAE4D5182CFA9CD64F7C91EAE3D52148D12A4F46CB38CB19CB38CB19CB386B
:2027AE00CB19CB38CB19CB38CB1979219ED64E91EAE4D521F9D5CB46283EFAE3D526006F1C
:2027CE0011080019F04B4F06007995789C3029FAE4D50E00C6F84779CEFF4FF04A6F260084
:2027EE0059547D907C99CB7B2807CB7A2008BF1805CB7A2801373853FA6BD1E090EA00205E
:20280E00216CD12A4F46FAE4D5F80177FAE3D5F80277FAEFD5F80377FA53D1EAB1DA6960BB
:20282E002323232A4F462154D16EAF6729092A4F4621AFDA792270AFEAB2DAF8012A472A39
:20284E005F507ECDA50F21EFD58677117BD11A21F7D522131A7721F8D53AB6CA88292A66C7
:20286E006F7EF803777EE642C26F29FAF7D521F8D5466F60234F0303032A666F2929297CB1
:20288E00E5F805CB46E12811EAE3D569602A666F2929297CEAE4D51819219CD65E93EAE397
:2028AE00D569602A666F292929FA9ED64F7C91EAE4D521F9D5CB46283EFAE3D526006F11C7
:2028CE00080019F04B4F06007995789C3029FAE4D50600C6F84F78CEFF47F04A6F26005845
:2028EE00547D917C98CB7B2807CB7A2008BF1805CB7A280137386AFAF7D54F21F8D54621E5
:20290E002600095D541AE0901AEA0020212700092A6E5F55FAE4D5F80177FAE3D5F8027738
:20292E00FAEFD5F80377210E00097EEAB1DA6B622323232A666F79C60F4F3001040A4F06C8
:20294E0000CB21CB10092A4E21AFDA2271AFEAB2DAF8012A472A5F507ECDA50F21EFD58612
:20296E0077FAF7D521F8D5666F113600195D541A21F7D522131A77C36428F8007EE0907EB8
:20298E00EA0020E804C9E8FBF8037323722B2B222A5F56211000194D440A57D5F8052A5F96
:2029AE005621110019D13333E5F8027E922008D1D51AF807962817F8032A5F56210F001963
:2029CE005D54F8027E127E02D1D5F8077E12E805E133E9210500194E21140019712116008C
:1329EE0019CB210600094D44030A47047EC533CD9429C910
:020000040001F9
:200EAE00AF21E1D52277AF21DDD52277AF21DFD52277AFEAE7D5EAE8D5AF21E9D52277AFFB
:200ECE0021EBD52277119804D5110000D51145D1D5CDAA3AE806C9020100FFFEFDFCFBFAD0
:200EEE00FBFCFDFEFF00080800070008020780000000080800070008020708F80107000813
:200F0E000307800000001145D1CDE1292145D17EE6B877CBDEC93B3B219CD62A4F46CB2844
:200F2E00CB19CB28CB19CB28CB19CB28CB1979C64021F0D5777EC610EAF2D5219ED62A4F4B
:200F4E0046CB28CB19CB28CB19CB28CB19CB28CB1979C64021F1D5777EC60FEAF3D5FABC49
:200F6E00C0EAF6D5FADFD54F21E0D54678B1CA7C500AE097211200097EFEFF282E21BCC0EB
:200F8E00A62028210F00095D541A3CF801777E12211100097EF801962011F097CB572805C6
:200FAE001A3D121806211000097E12F0975F213600093333E5CB432809D1D51A4F131A477F
:200FCE0018AAFAF6D55F21F6D5347BE603C272506960232A7ECB3FC643EAF4D569602323AC
:200FEE00232A7ECB3F5F16007BC643EAF5D5FAF4D521F0D596381BFAF2D521F4D596381244
:20100E00FAF5D521F1D5963809FAF3D521F5D5963047D1D51AF80022131A772135C37ED69B
:20102E00013E0017EE0120283E459120053ED1902806F097CB6728060ACBF7021816F097A5
:20104E00CB7728056960CBB67E5950CD7F5018040ACBF702C1C5C37A4FF097CB77280569AB
:20106E0060CBB67E213600092A4F46C37A4F3333C9E8FAF8047B227A322A5F561A4FCB6986
:20108E00CA9D51F8047ED6452007237ED6D1CA9D5179E6DF12F8042A5F56213400193333CF
:2010AE005D54D51A4F131A47F8042A5F5621360019E57DF80477E17CF8037778B128312B23
:2010CE002A5F561A6F131A67B5282511340019792270D1D51A4F131A47213600094D44F82F
:2010EE00022A5F561A6F131A677D02037C02183378B1281321360009AF2277D1D51A21DDCF
:20110E00D522131A77181CF8022A5F561A4F131A47B1280921340009AF22771806AF21DDE9
:20112E00D52277F8022A666FAF2277D1D5FAE1D51213FAE2D51221E2D53AB6280F2A46C67F
:20114E00364F300104F8042A02037E02F8047EEAE1D5F8057EEAE2D5F8042A5F56212F00BB
:20116E00192A4FCB7E200C79F5331E04210A4ECD393B33F8042A5F56213100192A666FCB9A
:20118E007C200C7DF5331E0421724ECD393B33E806C9F8062A5F56C37F50E8F84B42F801F1
:2011AE00792278322A5F2A571A77E660C28653E5F805CB46E1C251526960232A7ECB3FC6C3
:2011CE0043F8047769602323232A7ECB3FC643F80577219CD62A5F56CB2ACB1BCB2ACB1BC2
:2011EE00CB2ACB1BCB2ACB1B7BC640F80622C61077219ED62A5F56CB2ACB1BCB2ACB1BCB48
:20120E002ACB1BCB2ACB1B7BC64057C60F5FF8042A23963810237EF804963809237E9238C3
:20122E00047B96301E3E459120053ED1902809E5F805CB66E1CA8653F8033A2BCBF75E23FA
:20124E00666B77F8012A5F3A571ACBEF5E23666B77C55950CDE129C12134000933335D540D
:20126E00D51AF80622131A7721360009E57DF80477E17CF80377F8073AB6284BF8022A5FC4
:20128E00561A6F131A67B5283E113400195D54F8062A12133A12D1D51A22131A322A5F56EA
:2012AE0021360019E57DF80677E17CF805322B2B2A5F561AF80622131A77F8042A5F2A5734
:2012CE002A12137E12183BF8073AB628192A5F56213600195D54AF121312D1D51A21E1D521
:2012EE0022131A77181CF8022A5F561A6F131A67B5280911340019AF22771806AF21E1D5C0
:20130E002277F8022A666FAF2277D1D5FADDD51213FADED51221DED53AB6280A2A666F11A9
:20132E0036001979227021DDD5792270212F0009AF223680212C00097EF80577B72831210E
:20134E002F0009E57DF80877E17CF80777212D00092A6E5F55C5AFF533F8092A666FE5D5A2
:20136E00F80C7EF5331E0421A54CCD393BE806C121310009AF223680E808C9F8062A5F5619
:20138E00C3A851E8FDFAE1D54F21E2D546F8097EC617F8007778B12837213400095D541A05
:2013AE00F80122131A7769602323232A5EF80A7E9320166960232A5E7BF80996380B7BF821
:2013CE00009630055950CDA851F8012A4F4618C5E803C9E8FDFAE1D54F21E2D546F80A7EFA
:2013EE00C615F8007778B12837213400095D541AF80122131A776960232A5EF8097E93207F
:20140E001869602323232A5E7BF80A96380B7BF8009630055950CDA851F8012A4F4618C554
:20142E00E803C9FAE1D54F21E2D54678B1C8213400092A666F0AE6112807E55950CDA851FB
:20144E00E14D4418E63B3BF8082A4F46210F00093333E52110000956211100094E6A2600AC
:20146E0079954F9F9447F80A5EAFD557CDA510D17982E1E5773333C9F8062A4F46210F00A5
:20148E00095E211000097B96C9F8062A5F56210500197EC6044F211400197121160019CB36
:2014AE00210600094D44030A47047EC533CD9429C9F8062A5F56210500194D44F8082A0263
:2014CE007EB728202B7EC6044F211400197121160019CB210600094D44030A47047EC53356
:2014EE00CD9429C9F8084E2114001971211600197987854F3E008C4769602366240AE533B1
:20150E00CD9429C9E8FCFADDD54F21DED54678B12871F80C7EB720050ACB5F285D696023AC
:20152E002A7EF8017769602323232A5EF80B7E932813AF5713F80B7EF80222AF327E9320B4
:20154E0039AF922035F80A7EF801962839F8015E1600D56B6223D13333E5F80A7EF8022254
:20156E003600F8002A239620062B2A239628171BF8027E932004AF92280C213400092A4F43
:20158E0046188B010000E804C9E8F62146D12A4F463333C52148D12A4F46F802792270F8A8
:2015AE00104EAFCB218FCB218FCB218FCB218FCB218FF804712377FA4AD1F809773D200FA9
:2015CE00C1C5F8042A666F094D443333C51868F8097ED603201AF8002A474E5851F8042A1F
:2015EE00666F7B955F7A9C4F43F8007822711847F8097EB72013F8022A4F2A472A666F093A
:20160E004D44F802792270182EF8097ED6022027F8027EF80677F8037EF807322A5F56F8D4
:20162E00042A666F7B955F7A9CF80932737EF80277F8097EF803771145D1014BD1F8117EC3
:20164E00B72813D521020039E5C51E04213A5BCD393BE8061811D521020039E5C51E042161
:20166E00B059CD393BE806E80AC9E8F02146D12A4F463333C52148D12A4F46F80279227071
:20168E00F8164EAFCB218FCB218FCB218FCB218FCB218FF80C712377FA4AD1F80F773D20CB
:2016AE000FC1C5F80C2A666F094D443333C5185FF80F7ED603201AF8002A474E5851F80C4C
:2016CE002A666F7B955F7A9C4F43F800782271183EF80F7EB72014F8022A4F46F80C2A66D0
:2016EE006F094D44F8027922701824F80F7ED602201DF8022A4F46F80C2A5F2A2357799302
:20170E005F789A32737EF80277F80F7EF803770145D1F8007EF80E77F8017EF80F77214B54
:20172E00D12A565FF80E2A666F195D7CF804732377214DD12A565FF80E2A666F195D7CF8DE
:20174E0006732377F8027EF80E77F8037EF80F77214FD12A565FF80E2A666F195D7CF80865
:20176E007323772151D12A565FF80E2A666F195D7CF80A73237778B1CA5658212900095ED4
:20178E0021360009E57DF80E77E17CF80D777BB7200B2B2A5F561A4F131A4718D969602302
:2017AE005D541AF80E22131A77210600092A565FF80E2A666F195D54F8062A937E9A300C97
:2017CE00F80C2A5F561A4F131A4718AA210800092A6E5F55F80E2A666F195D54F8047B961F
:2017EE00237A9E300CF80C2A5F561A4F131A47188569602323235D541AF80E22131A77211D
:20180E000A00092A565FF80E2A666F195D54F80A2A937E9A300C232A5F561A4F131A47C344
:20182E008457210C00092A6E5F55F80E2A666F195D54F8087B96237A9E3010F80C2A5F56FF
:20184E001A4F131A47C38457010000E810C9E8F2F8153AB6280C2A4F46213600092A4F7E1C
:20186E001806217BD12A4F7EF8007123772146D12A4F46214BD12A666F095D7CF802732330
:20188E0077214DD12A666F094D7CF8047123772148D12A4F46214FD12A666F095D7CF80693
:2018AE007323772151D12A666F094D7CF808712377F8013AB6CAAA59D1D51A4FD1D521362C
:2018CE000019E57DF80C77E17CF80B77CB59200EF80A2A5F561AF80022131A7718D3C1C5B1
:2018EE000359501AF80C22131A77D1D5210600192A4F46F80C2A666F094D44F8042A917ED3
:20190E0098300EF80A2A5F561AF80022131A7718A0D1D5210800192A4F46F80C2A666F09BF
:20192E004D44F802799623789E300FF80A2A5F561AF80022131A77C3BF58C1C5030303590C
:20194E00501AF80C22131A77D1D5210A00192A4F46F80C2A666F094D44F8082A917E9830FE
:20196E000E232A5F561AF80022131A77C3BF58D1D5210C00192A4F46F80C2A666F094D444F
:20198E00F806799623789E300FF80A2A5F561AF80022131A77C3BF58C1C51803010000E897
:2019AE000EC9E8F40145D1F8142A5F561AF80A22131A77F8127EF80677F8137EF807322AA1
:2019CE005F561A6F131A5D57F80A2A666F195D7CF800732377F8062A666F23232A565FF8C8
:2019EE000A2A666F195D7CF802732377F8142A666F23235D541AF80822131A77F8062A5F6E
:201A0E005621040019E57DF80C77E17CF80B322A5F561A6F131A5D57F8082A666F195D7C7B
:201A2E00F8047323222A5F5621060019E57DF80C77E17CF80B322A5F561A6F131A5D57F815
:201A4E00082A666F195D7CF80673237778B1CA345B21360009E57DF80A77E17CF80977F8EA
:201A6E00167E912005237E9028050ACB5F200CF8082A5F561A4F131A4718D16960235D540E
:201A8E001AF80A22131A77210600092A565FF80A2A666F195D54F8022A937E9A300CF80871
:201AAE002A5F561A4F131A4718A2210800092A565FF80A2A666F195D54F8007B96237A9E82
:201ACE00300DF8082A5F561A4F131A47C35A5A69602323235D541AF80A22131A77210A0098
:201AEE00092A565FF80A2A666F195D54F8062A937E9A300C232A5F561A4F131A47C35A5AC0
:201B0E00210C00092A6E5F55F80A2A666F195D54F8047B96237A9E3010F8082A5F561A4F9A
:201B2E00131A47C35A5A010000E80CC9E8F2F80036452336D1F8162A5F561AF80C22131A1D
:201B4E0077F8142A4F4669602A665F54F80C2A666F195D7CF802732377696023232A6E5F27
:201B6E0055F80C2A666F195D7CF804732377F8162A666F23235D541AF80C22131A772104F7
:201B8E0000092A565FF80C2A666F195D7CF806732377210600092A4F46F80C2A666F094D07
:201BAE007CF808712377F8013AB6CAA75CD1D521360019E57DF80C77E17CF80B77F8007E9A
:201BCE00F818962016F8017EF81996200EF80A2A5F561AF80022131A7718CBC1C503595001
:201BEE001AF80C22131A77D1D5210600192A4F46F80C2A666F094D44F8042A917E98300EA6
:201C0E00F80A2A5F561AF80022131A771898D1D5210800192A4F46F80C2A666F094D44F811
:201C2E0002799623789E300FF80A2A5F561AF80022131A77C3B45BC1C503030359501AF838
:201C4E000C22131A77D1D5210A00192A4F46F80C2A666F094D44F8082A917E98300E232A02
:201C6E005F561AF80022131A77C3B45BD1D5210C00192A4F46F80C2A666F094D44F8067938
:201C8E009623789E300FF80A2A5F561AF80022131A77C3B45BC1C51803010000E80EC93B01
:201CAE003BFAE8D5B7207C21EAD53AB628752A666F113300195E7BE60F2870216ED14E797B
:201CCE00B728287BE60FF800223600216FD12A46D1D5D52601E533110000D55F50D579F5CC
:201CEE00331E0421A54CCD393BE808FAE9D55F21EAD556212900194678B72820212A00196D
:201D0E002A666F110000D53E01F533110000D5E5C5331E0421A54CCD393BE80821E8D5362D
:201D2E0014180821E8D57EB7280135AF21E9D522773333C90000000000000000000000009A
:201D4E000000000000000000000000000000000000000000000102030405060708090A0B33
:201D6E000C0D0E0F101112131415161718191A1B1C1D1E1F202122232425262728292A2BE5
:201D8E002C2D2E2F303132333435363738393A3B3C3D3E3F404142434445464748494A4BC5
:201DAE004C4D4E4F505152535455565758595A5B5C5D5E5F605F0C61626364653E6667683A
:201DCE00695F6A5F5F6B6C6D026E6F7071726773745F6A755F767778797A7B7C7D7E7F805B
:201DEE00815F82838485868788898A8B8C8D848E5F5F5F8F909192939495969798999A9BDB
:201E0E009C9D9E9FA0A1A2A3A4A5A658A7A8A9AAABACADAEAFB0B1B2B3B4B5B6B7B8B9BAA7
:201E2E009C9D9E9FBBBCBDBEBFC0C1C2C3C4C5C6C7C8C9CA000000000000000000000000F6
:201E4E00000000000000404040404040404000004040000000006C6C242448480000000044
:201E6E0000000000000024247E7E242424247E7E24240000101038385454505038381414CC
:201E8E005454383800000000242408081010242400000000000030304848505020205454E4
:201EAE0048483434000018180808101000000000000000000000080810101010101010102C
:201ECE00080800000000101008080808080808081010000000000000101054543838545484
:201EEE001010000000000000101010107C7C1010101000000000000000000000606020203C
:201F0E00404000000000000000007C7C00000000000000000000000000000000000000003B
:201F2E00404000000000020204040808101020204040000000003C3C626252524A4A464617
:201F4E003C3C00000000181828280808080808083C3C000000003C3C424202023C3C4040DB
:201F6E007E7E000000007C7C02020C0C020202027E7E000000004040404048487E7E0808A3
:201F8E000808000000007E7E40407C7C020202027C7C000000003C3C40407C7C42424242B7
:201FAE003C3C000000007E7E02020404080810102020000000003C3C42423C3C42424242A7
:201FCE003C3C000000003C3C424242423E3E02023C3C000000001818181800000000181873
:201FEE001818000000001818181800001818181808081010000000000C0C3030404030305B
:20200E000C0C00000000000000007C7C00007C7C0000000000000000606018180404181882
:20202E00606000000000303048480808303000002020000000001C1C22224D4D55555555C8
:20204E002E2E000000003C3C424242427E7E42424242000000007C7C42427C7C4242424216
:20206E007C7C000000003C3C42424040404042423C3C000000007C7C42424242424242425A
:20208E007C7C000000007E7E40407C7C404040407E7E000000007E7E404040407C7C404056
:2020AE004040000000003C3C424240404E4E42423E3E000000004242424242427E7E42426E
:2020CE004242000000007C7C10101010101010107C7C000000007C7C101010101010101086
:2020EE006060000000004444484850507070484844440000000040404040404040404040E2
:20210E007E7E00000000424266665A5A424242424242000000004242626252524A4A464619
:20212E004242000000003C3C42424242424242423C3C000000007C7C424242427C7C404095
:20214E004040000000003C3C424242424A4A44443A3A000000007C7C424242427C7C424265
:20216E004242000000003E3E40403C3C020242423C3C000000007C7C1010101010101010E1
:20218E00101000000000424242424242424242423C3C0000000044444444444428282828CD
:2021AE001010000000004242424242425A5A666642420000000042422424181818182424ED
:2021CE00424200000000444428281010101010101010000000007C7C0404080810102020A5
:2021EE007C7C00000000181810101010101010101818000000004040202010100808040401
:20220E0002020000000018180808080808080808181800000000101028280000000000009C
:20222E00000000000000000000000000000000003C3C0000000020201010000000000000B8
:20224E0000000000000000003C3C444444444C4C34340000000040407878444444444444E0
:20226E0078780000000000003C3C4040404040403C3C0000000004043C3C444444444444D8
:20228E003C3C000000000000383844447C7C40403C3C0000000038384040404078784040F0
:2022AE0040400000000000003838444444443C3C0404787800004040787844444444444498
:2022CE00444400000000101000001010101010101010000000000808000008080808080888
:2022EE00080830300000404044444848707048484444000000001010101010101010101030
:20230E0010100000000000006C6C54544444444444440000000000005858646444444444EF
:20232E00444400000000000038384444444444443838000000000000787844444444444407
:20234E0078784040000000003C3C4444444444443C3C0404000000005858646440404040F7
:20236E0040400000000000003C3C404038380404787800000000404040407878404040407F
:20238E0038380000000000004444444444444C4C3434000000000000444444442828282877
:2023AE00101000000000000044444444444454546C6C00000000000044442828101028288F
:2023CE004444000000000000444444444444282810106060000000007C7C08081010202037
:2023EE007C7C00000000080810101010202010101010080810101010101010101010101037
:20240E001010101000001010080808080404080808081010000000000000000032324C4CEA
:20242E00000000005555AAAA5555AAAA5555AAAA5555AAAA00003838404070707070404066
:20244E0038380000000000000C0C1010383810106060000000000000000000006C6C242456
:20246E00484800000000000000000000000000005454000000000000202070702020202076
:20248E000000000000000000202070702020707020200000000000004848101020204A4A2A
:2024AE0000000000282810103C3C40403838040478780000000000000808101020201010AE
:2024CE000808000000003E3E48484E4E484848483E3E0000282810107C7C080810102020C2
:2024EE007C7C0000000006060404020200000000000000000000606020204040000000003E
:20250E00000000000000363624241212000000000000000000000000000018183C3C3C3CB5
:20252E00181800000000000000000000383800000000000000000000000000007C7C0000F5
:20254E000000000000000000141428280000000000000000000000007A7A2E2E2A2A000051
:20256E0000000000000000002020101008081010202000000000000000003C3C4A4A4C4CD9
:20258E003E3E00000000282800004444282810101010101000004040000040404040404029
:2025AE0040400000000010103C3C5050505050503C3C10100000383844444040F0F04040A5
:2025CE007C7C0000000000004444383828283838444400004444282810107C7C10107C7CAD
:2025EE0010100000101010101010000000001010101010101C1C202078784444383808087D
:20260E0070700000000024240000000000000000000000003C3C42429999A1A1A1A19999A0
:20262E0042423C3C38384848585868680000000000000000000000001414282850502828A8
:20264E001414000000000000000000003C3C0404000000003C3C4242B9B9A5A5B9B9A5A550
:20266E0042423C3C0000000000007878000000000000000000003030484848483030000080
:20268E000000000000000000101038381010000038380000303048481010202078780000CC
:2026AE000000000070700808383808087070000000000000040408080000000000000000A4
:2026CE00000000000000404048484848484874744040000000003A3A7A7A7A7A3A3A0A0A70
:2026EE000A0A00000000000000001818181800000000000000000000000000000000080848
:20270E00040408080000606020202020707000000000000000000000282814140A0A1414BF
:20272E0028280000000010100000303040404848303000002020101000003C3C42427E7EF3
:20274E00424200000404080800003C3C42427E7E424200001818242400003C3C42427E7EE3
:20276E00424200001414282800003C3C42427E7E424200000000242400003C3C42427E7E93
:20278E00424200001818181800003C3C42427E7E4242000000001E1E181828283E3E484803
:2027AE004E4E000000003C3C42424040404042423C3C08082020101000007E7E40407C7C93
:2027CE0040407E7E0404080800007E7E40407C7C40407E7E1414282800007E7E40407C7C7B
:2027EE0040407E7E0000242400007E7E40407C7C40407E7E20201010000010101010101057
:20280E001010101008081010000010101010101010101010101028280000101010101010CA
:20282E00101010100000282800001010101010101010101000007C7C42424242F2F24242F2
:20284E007C7C0000141428280000626252524A4A464600002020101000003C3C4242424292
:20286E003C3C00000404080800003C3C424242423C3C00001818242400003C3C42424242CA
:20288E003C3C00001414282800003C3C424242423C3C00000000242400003C3C424242427A
:2028AE003C3C000000003E3E46464A4A525262627C7C000020201010424242424242424226
:2028CE003C3C00000404080842424242424242423C3C0000181824240000424242424242CE
:2028EE003C3C00000000242400004242424242423C3C0000040408084444282810101010D6
:20290E00101000000000404070704848484870704040000000007878444448484444444491
:20292E00585800002020101000003C3C44444C4C343400000404080800003C3C44444C4CC9
:20294E00343400001818242400003C3C44444C4C343400001414282800003C3C44444C4C79
:20296E00343400000000242400003C3C44444C4C343400001818181800003C3C44444C4CA1
:20298E00343400000000000000003C3C4A4A5C5C2E2E0000000000003C3C404040404040A9
:2029AE003C3C0808202010100000383844447C7C40403C3C040408080000383844447C7C31
:2029CE0040403C3C181824240000383844447C7C40403C3C000024240000383844447C7C59
:2029EE0040403C3C00000A0A04043A3A444444443838000014142828000058586464444449
:202A0E00444400002020101000003838444444443838000008081010000038384444444420
:202A2E003838000010102828000038384444444438380000141428280000383844444444C0
:202A4E00383800000000282800003838444444443838000000000000101000007C7C0000A0
:202A6E0010100000000000003C3C4C4C5454646478780000202010100000444444444C4CB0
:202A8E0034340000080810100000444444444C4C34340000101028280000444444444C4C68
:202AAE0034340000000028280000444444444C4C34340000080810100000444444442828B0
:202ACE00101060600000404060605050505060604040000000002828000044444444282898
:202AEE001010606001FF425D0000425E9633963396339633963396339633963396339633CF
:202B0E00963396339633963396339633065A00005A00005A00005A00005A00005A00005A75
:202B2E0000005A000018B0005A00005A00005A00005A00005A00005A00005A000018B00027
:202B4E005A00005A00005A00005A00005A00005A00005A000018B0005A00005A00005A001B
:202B6E00005A00005A00005A00005A000018B0005A00005A00005A00005A00005A00005AFB
:202B8E0000005A000018B0005A00005A00005A00005A00005A00005A00005A000018B000C7
:202BAE005A00005A00005A00005A00005A00005A00005A000018B0005A00005A00005A00BB
:202BCE00005A00005A00005A00005A00005A00005A00005A00005A00005A00005A00005A09
:202BEE0000005A00005A00005A00005A00005A00005A00005A00005A00005A00005A000043
:202C0E005A00005A00005A00005A00005A00005A00005A00005A00005A00005A00005A00C8
:202C2E00005A00005A00005A00005A00005A00005A00005A00005A00005A00005A00005AA8
:202C4E0000005A00005A00005A00005A00005A00005A00005A00005A00005A00005A0000E2
:202C6E005A00005A00005A00005A00005A00005A00005A00005A00005A00005A00005A0068
:202C8E00005A00005A00005A00005A00005A00005A00005A00005A00005A00005A00005A48
:202CAE0000005A000024B0005A00005A00005A00005A00005A00005A00005A00005A000008
:202CCE005A00005A00005A00005A00005A00005A00005A000018B0005A00005A00005A009A
:202CEE00005A00005A00005A00005A00005A00005A00005A00005A00005A00005A00005AE8
:202D0E0000005A00000CB0005A00005A00005A00005A00005A00005A00005A00005A0000BF
:202D2E005A00005A00005A00005A00005A00005A00005A00005A00005A00005A00005A00A7
:202D4E00005A00005A00005A00005A000018C0005A00005A00005A00005A00000F40005A14
:202D6E00000009600018C0000960005A00005A00005A00000F40005A00005A000018C000B2
:202D8E005A00005A00005A00005A00000F40000F400009600018C0000960005A00005A00C1
:202DAE00005A00005A00005A00005A000018C0005A00005A00005A00005A00005A00005AA9
:202DCE00000009600018C0005A00005A00005A00001040005A00005A00005A000018C00060
:202DEE005A00005A00005A00001040005A00005A000009600018C0000960005A00005A0055
:202E0E00001040001040005A00005A00000CE0005A00005A00005A00005A00005A00005A48
:202E2E0000005A000007E0005A00005A00005A00005A00005A00005A00005A00005A000073
:202E4E005A00005A00005A00005A00005A00005A00005A00000CE0005A00005A00005A00F4
:202E6E00005A00005A00005A00005A000007E0005A00005A00005A00005A00005A00005AD9
:202E8E0000005A00005A00005A00005A00005A00005A00005A00005A00005A00000CE0000E
:202EAE005A00005A00005A00005A00005A00005A00005A000007E0005A00005A00005A0099
:202ECE00000FE0005A00005A00005A000018C0005A00005A00005A000007A0005A00005AA6
:202EEE0000005A000018C0005A000007A0005A00005A00005A00005A00005A000018C000F7
:202F0E005A00005A00005A000007A0005A00005A00005A000018C0005A000007A0005A00AD
:202F2E00005A00005A00005A00005A000018C0005A00005A000007A0005A00005A00005ADA
:202F4E0000005A000018C0005A000007A0005A00005A00005A00005A00005A000018C00096
:202F6E005A00005A00005A000007A0005A00005A00005A000018C0005A000007A0005A004D
:202F8E00005A00005A00005A00005A00005A00005A00005A00005A00005A00005A00005A45
:202FAE0000005A00005A00005A00005A00005A00005A00005A00005A00005A00000CE000ED
:202FCE005A00005A00005A00005A00005A00005A00005A000007E0005A00005A00005A0078
:202FEE00005A00005A00005A00005A00005A00005A00005A00005A00005A00005A00005AE5
:20300E0000005A00000CE0005A00005A00005A00005A00005A00005A00005A000007E000FF
:20302E005A00005A00005A00005A00005A00005A00005A00000CE0005A00000AE0005A0082
:20304E000008E0005A000006E0005A00005A01015A01015A01015A01015A02015A02015A5C
:20306E0002015A12015A00005A00005A00005A00005A00005A00005A00005A00005A0000A8
:20308E005A00005A00005A00005A00005A00005A00005A00005A00005A00005A00005A0044
:2030AE00005A00005A00005A00005A10004400004420005A00005A00005A00005A00005A20
:2030CE0000005A00005A00005A00005A00005A00005A00005A00005A00005A00005A00005E
:2030EE005A00005A00005A00005A00005A00005A00005A00005A00005A00005A00005A00E4
:20310E00005A00005A00005A00005A10004300004320005A00005A00005A00005A00005AC1
:20312E0000005A00005A00005A00005A00005A00005A00005A00005A00005A00005A0000FD
:20314E005A00005A00005A00005A00005A00005A00005A00005A00005A00005A00005A0083
:20316E00005A00005A00005A00005A10004200004100004000004040005A00005A00005A78
:20318E0000005A00005A00005A00005A00005A00005A00005A00005A00005A00005A00009D
:2031AE005A00005A00005A00005A00005A00005A00005A00005A00005A00005A00005A0023
:2031CE00005A00005A00005A00005A10004400004420005A00005A00005A00005A00005AFF
:2031EE0000005A00005A00005A00005A00005A00005A00005A00005A00005A00005A00003D
:20320E005A00005A00005A00005A00005A00005A00005A00005A00005A00005A00005A00C2
:20322E00005A00005A00005A00005A10003C00003C20005A00005A00005A00005A00005AAE
:20324E0000005A00005A00005A00005A00005A00005A00005A00005A00005A00005A0000DC
:20326E005A00005A00005A00005A00005A00005A00005A00005A00005A00005A00005A0062
:20328E00005A00005A00005A00005A10003400003420005A00005A00005A00005A00005A5E
:2032AE0000005A00005A00005A00005A00005A00005A00005A00005A00005A00005A00007C
:2032CE005A00005A00005A00005A00005A00005A00005A00005A00005A00005A00005A0002
:2032EE00005A00005A00005A00005A10003C00003C20005A00005A00005A00005A00005AEE
:20330E0000005A00005A00005A00005A00005A00005A00005A00005A00005A00005A00001B
:20332E005A00005A00005A00005A00005A00005A00005A00005A00005A00005A00005A00A1
:20334E00005A00005A00005A00005A10003C00003C20005A00005A00005A00005A00005A8D
:20336E0000005A00005A00005A00005A00005A00005A00005A00005A00005A00005A0000BB
:20338E005A00005A00005A00005A00005A00005A00005A00005A00005A00005A00005A0041
:2033AE00005A00005A00005A00005A10003400003320005A00005A00005A00005A00005A3E
:2033CE0000005A00005A00005A00005A00005A00005A00005A00005A00005A00005A00005B
:2033EE005A00005A00005A00005A00005A00005A00005A00005A00005A00005A00005A00E1
:20340E00005A00005A00005A00005A10004400004420005A00005A00005A00005A00005ABC
:20342E0000005A00005A00005A00005A00005A00005A00005A00005A00005A00005A0000FA
:20344E005A00005A00005A00005A00005A00005A00005A00005A00005A00005A00005A0080
:20346E00005A00005A00005A00005A10003400003320005A00005A00005A00005A00005A7D
:20348E0000005A00005A00005A00005A00005A00005A00005A00005A00005A00005A00009A
:2034AE005A00005A00005A00005A00005A00005A00005A00005A00005A00005A00005A0020
:2034CE00005A00005A00005A00005A10003F00003200003500002200002400002460005A9C
:2034EE0000005A00005A00005A00005A00005A00005A00005A00005A00005A00005A00003A
:20350E005A00005A00005A00005A00005A00005A00005A00005A00005A00005A00005A00BF
:20352E00005A00005A00005A00005A10003100002F00002D00002B00002B00002B60005A3D
:20354E0000005A00005A00005A00005A00005A00005A00005A00005A00005A00005A0000D9
:20356E005A00005A00005A00005A00005A00005A00005A00005A00005A00005A00005A005F
:20358E00005A00005A00005A00005A10002C00002B00002A00002900002800002860005AF1
:2035AE0000005A00005A00005A00005A00005A00005A00005A00005A00005A00005A000079
:2035CE005A00005A00005A00005A00005A00005A00005A00005A00005A00005A00005A00FF
:2035EE00005A00005A00005A00005A10002400002400002400002400002400002460005AB3
:20360E0000005A00005A00005A00005A00005A00005A00005A00005A00005A00005A000018
:20362E005A00005A00005A00005A00005A00005A00005A00005A00005A00005A00005A009E
:20364E00005A00005A00005A00005A10001B6BDB6BDB6BDB6BDB6BDB6B9B6C1B6E9B6F5B0B
:20366E006DDB6EDB6E0040B50000C00080B50000800000090000C00030B00000C00070B04A
:20368E000000C000B0B00000C00000B00000800040B00000800080B000008000C0B05B70B1
:2036AE00801C80B20000C01980B50000804700B70000801560B70000C000800000008080B6
:2036CE0020010000C08020020000C08020030000C08020040000C08020050000C0802006C7
:2036EE000000C000200700008000200800008000200900008000200A00008000200B00002F
:20370E008000200C00008000200D00008000200E00008000200F00008091BB7070000091A8
:20372E001B71600000917B7100000092DB71000000943B72000000949B72000000B1FB7234
:20374E00000000B15B73800000B1BB73800000911B74800000B27B74400000B1DB74560026
:20376E0000B73B75000000B79B7580000000FB750000008888888888888888888888888835
:20378E00888888FFFF0000000000000000000000000000FFFFFFFF00000000000000000089
:2037AE00000000FFFFFFFFFF0000000000000000000000FFFFFFFFFFFF0000000000000006
:2037CE00000000FFFFFFFFFFFFFF000000000000000000FFFFFFFFFFFFFFFF0000000000EA
:2037EE00000000CCCCCCCCCCCCCCCC3333333333333333AAAAAAAAAAAAAAAA5555555555CA
:20380E0055555588888888888888887777777777777777FFFFCCCCFFFFCCCC000033330011
:20382E00003333FEDCBA98765432100123456789ABCDEFFFFFBA98A987321034564567BC68
:20384E00DECDEFFFEEDDCCBBAA99887766554433221100FFFEFDFCFBFAF9F8E7D6C5B4A313
:20386E0092817000000000000000000000000000000000061A6B5B76617667766D767376DB
:08388E00CD762777FA6A8177F5
:20400000BF0000FFFF00FFFFFF00FF00FF00DF201F2000FFFF00FFFFFF00FF00FF005180E0
:20402000708002FDFE01FEFDFE01FE01FE017E81FE01F807FB04F904F804F804F904F906AD
:20404000FF0003FC0B048700E70037001B04738CFF00807FB04098408E4083409140976869
:20406000FF003FC0BF407F007F007F00BF403FC0FF00C08080FFC080DF80DF80A0DFFFFF8F
:2040800000FF000000FF0000FF00FF0000FFFFFF00FF040704FF0C07F70CF40F04FFFFFC03
:2040A00003FCBE41BE413EC1FE013EC13EC1FE01FF0000FFC201610039000D0046015CA35A
:2040C000FF00E01FEC10E610E310E010E410E51AFF000FF02F101F009F00DF006F10CF30C2
:2040E000FF00FE01FE01FE01FE01FE01FE01FE01FF00780478047A047A047F007F007F0058
:204100007A04C70077001B048B04FF00FF00FF008B04FB00F800F800FA00FF00FF00FF00C7
:20412000FA000708D7087F001F00FF00FF00FF003F00EE00E300D020D020FF00FF00FF000F
:20414000D0201F205F20DF205F20FF00FF00FF00DF2018800E8043805180FF00FF00FF0080
:204160005180FE01FE01FE017E81FE01FE01FE017E81FF00FF00C03FD820CC20C720C120CD
:20418000C820FF00FF001FE05F203F003F00BF00DF20FF00FF00FC03FD02FC02FC02FC0289
:2041A000FC02FF00FF0001FE8502C30073001B008D0200FF3FC07F807F807F807F807F80A4
:2041C0007F8000FFFF00807FCF004080B0008C00860000FFFF007F807F80FF00FF00FF0099
:2041E000FF0000FFFF0000FFF700C000E8009A00860000FFFF00FF00FF00FE01FF00FF000B
:20420000FF0000FFFF0001FEDF008100610015000D0000FFFF00FE01FF00FD02FD02FE00C7
:20422000FE0000FFFF0001FEA5020300710039000B0003FCF807F807F807F807FB04F8072B
:20424000F807FF003FC0BF40BF403FC0FF003FC03FC0FF00FF00F00FF608F308F108F00880
:20426000F208FF00FF0007F817080F00CF006F003708FF00FF0000FF618030801C800680EC
:204280002380FF00FF007F807F80FF00FF00FF007F807A047B04780478047A047A047F0013
:2042A0007F009B048700C70077001B048B04FF00FF00F208FE00FB00F800F800FA00FF0093
:2042C000FF003F0097080708D7087F001F00FF00FF00D420D820EE00E300D020D020FF00DB
:2042E000FF00DF201F201F205F20DF205F20FF00FF005180708018800E8043805180FF00CD
:20430000FF007E81FE01FE01FE01FE017E81FE01FE01FF00FF00FF00FF00F807FB04F904AF
:20432000F804CB34FF00FF00FF0003FC0B048700E7009F60FF00FF00FF00FF00FF00FF0010
:20434000FF00FC03FF00FF00FF00807FB04098408E40B946FF00FF00FF003FC0BF407F0054
:204360007F007F807F807F807F807F807F807F807F80A300FF00FF00FF001EE16180F00056
:204380009C007F80FF00FF00FF007F807F80FF00FF008300FF00FF00FF002ED1D100F00049
:2043A0009900FF00FF00FF00FF00FE01FE01FF00FF000601FF00FF00FF007C838300610085
:2043C0003100FC02FC03FF00FF00FE01FD02FD02FE008700FF00FF00FF0079868700C300E9
:2043E0007100FB04FB04FB04F807F807F807F807FB04FF00FF00FF003FC0BE41BE413EC15B
:20440000FE01F20DFF00FF00FF0000FFC20161003900E718FF00FF00FF00FF00FF00FF004C
:20442000FF00FF00FF00FF00FF00E01FEC10E610E3102ED1FF00FF00FF000FF02F101F0044
:204440009F007F80FF00FF00FF00FE01FE01FE01FE017F007A047A047B04780478047A0455
:204460007A04FF008B049B048700C70077001B048B04FF00FA00F208FE00FB00F800F80042
:20448000FA00FF003F003F0097080708D7087F001F00FF00D020D420D820EE00E300D020DE
:2044A000D020FF00DF20DF201F201F205F20DF205F20FF005180518070801F800F8F6F90C7
:2044C000709FFE017E817E81FE01FE01BEC1DE215EA1F804F904F906FF00FF00FF00FF0061
:2044E000FF0037001B04738CFF00FF00FF00FF00FF00834091409768FF00FF00FF00FF00DE
:20450000FF007F00BF403FC0FF00FF00FF00FF00FF008600A1007F80FF00C000C000C000BF
:20452000C000FF00FF007F80FF0000000000000000008E008300FF00FF00000000000000B0
:204540000000FF00FF00FE01FF0000000000000000000D004700FE01FF00FF00FF00FF0010
:20456000FF00FE00FE00FD02FF00FF00FF00FF00FF001F008700FF00FF00FF00FF00FF00A5
:20458000FF00F807F807FB04FB04FB04F807F807F8073EC13EC1FE01FF00FF003FC0BF402B
:2045A000BF400D0046015CA3FF00FF00FF00FF00FF00E010E410E51AFF00FF00FF00FF00CF
:2045C000FF00DF006F10CF30FF00FF00FF00FF00FF00FE01FE01FE01FF00FF00FF00FF008B
:2045E000FF007F007F007F007A047804790479067F00FF00FF00FF008B0437000B047B84F9
:20460000FF00FF00FF00FF00FA00F800F800F50AFF00FF00FF00FF003F00E7083F00EF104D
:20462000FF00FF00FF00FF00D020E100E800CF30FF00FF00FF00FF00DF209F20DF209F600E
:20464000FF00FF7FDD3FDB3F5B8D0F8F27862FD0FF003ED196E9DEE9DEE9BEE97EA97EA965
:20466000FE29FF00FF00FF00FF00F000FF0FF00FF00FFF00FF00FF00FF000000FFFF00FF22
:20468000DF00FF00FF00FF00FF000000FFFF00FFEF00FF00FF00FF00FF000F00FFF00FF05A
:2046A0008F70C000C000C000C000C000C000C000C10000000000000000002000400080001A
:2046C000000000000000000000000800100020004000000000000000000002000400080054
:2046E0001000FF00FF00FF00FF000000FFFF00FFFE01FF00FF00FF00FF003F00FFC03FC0B9
:204700003FC0F807FB04F807F807FB04FB04FB04F8073FC0FF003FC03FC0FF00FF00FF00A9
:204720003FC07F007F007F007C007D027C027C027C02FF00FF00FF0000000000000000008B
:204740001800FF00FF00FF0000000000000000000600FF00FF00FF00000000000000000041
:204760000000FF00FF00FF001F005F201F201F20DF20FF00FF00FF00FF00C000FF3FC03F28
:20478000C33CFF00FF00FF00FF000000FFFF00FFF807FE29FE29FE29FE29FE29FE29FE2911
:2047A000FE29F00FF00FFFFFFF00FF00FF00EFD7EFD73800B700E4F0E410EF18FC00F8C7D4
:2047C0006EB37A00B200B000B000B5006D0000FF00FF8F708F708F70BF708F708F7000FFE3
:2047E00008FFFF00FF00FF00FF00FF00FF0000FF00FF7F807F807F807F807F807F807F80C1
:2048000000FF0000030003000300FF0000FFFF0000FF3000F000F000F000FF0000FFFF0097
:2048200000FF2A018A0182010201960100FF00FF00FFF807F807F807FB04F807F80703FCB0
:2048400003FCFF00FF00FF01FE03FE06FF0C0BFC13F8FF00FF00FFFEE301000130007E7C2F
:20486000767B7C027C027C027D037C037F0000FF00FFDE00DE00DE00FFFF00FFFF0000FFBC
:2048800000FFDF20DF20DF20DFE01FE0FF0000FF00FFA807280708070B07580700FF00FF05
:2048A00000FF6FD77DD7EBD7EF10FFFFF80740BF4CB3000080C0FC7EFF06FB07FF03FF03DE
:2048C0008383000000000300F804F8F8F4F8F2FFF1F1747D757D7C7DFC010500050005003C
:2048E000FF00101088CC87C780000000E700E7E0B8F8000000000000FF00FFFFFFFFFFFF20
:20490000FEFF000000000000FF00FFFF9F7F1F8FA74F1FFF1DFE1FFF57FF0FFF18E740BF22
:2049200040BFFFFFFFFFFFFF7FFFFFFF3FDF0FFF0FFFFEFFFFFFFFFFFFFFFFFFFFFFFFFFD7
:20494000FFFFFFFEF0FFF0FFF0FFF0FFF0FFF0FFF0FFFB0701FF1CFF00FF00FF00FF00FFBA
:2049600000FF40BF7C83FFFF0F0000000000000008000FFF0F0FFFFFFFFFFFFFFFFFFFFF03
:20498000FFFF00FF00FF3F7F3F7FFFFFFFFFFFFFFFFFFFEFFFEFFFEFFFEFFFEFE7EFC7EF75
:2049A000B7CFFFFFFF0004F804F9F5F975B9D5F9D5F9FFFFFFFFFF3F5FBFBFDFD7EF7FF395
:2049C0007F31FFFFE7FF8AE7BD02CF1000FFE0FF40FFB7CFB7CFB7CFB7CFB7CFB7CFB7CF6D
:2049E000B7CFF4F9FC001CF804F804F8FF00FFFF3F3F3E01000000011F009F80E0E07FFF05
:204A0000BF7FFFFFFFFFFEFFFDFE8F74FF047E8100FFFFFFFFFFFFFFFFFFFF7F7FBF7F9F8E
:204A20007F8F00FF00FF00FF00FF00FF00FF3F7F7F7F0000000000000000000001000300AE
:204A40000100807F00FF00FF00FF00FF00FF18E700FF00FF00FF807FC03F40BF40BF00FF64
:204A600000FF0000000000000000000000000000E00000000000000000000006A11FA85792
:204A800080FF00000000000000000101000000000000C03FF00F700F300F310E780768179C
:204AA000007F00FF10EF10EF00FF00FF00FF00FF00FF03FC00FF00FF00FF00FF00FFF00F86
:204AC00018E70000000000000000000000000001E8073E0180FF0EFF04FF00FF00FF00FF1C
:204AE00000FFA04010F0C0F080F000F000F000F000F0007F403F403F007F007F00FF40BF7E
:204B0000007F00FF00FF00FF807F807F00FF00FF00FF18E718E7F807807F00FF00FF00FF25
:204B200000FF0D020F020F00203F033F013F003F003F30C030C0E81004FC70FC20FC00FC8C
:204B400000FC00FF00FF01FF0101000000000000000006000403000302010201020100013F
:204B6000010006F903FC00FF00FF00FF906F00FF00FF00FF00FF30CF30CFE01F807F00FF43
:204B800000FF01FE01FE01FE01FE01FE03FC03FC02FC00FF00FF00FF00FF00FF0000000024
:204BA0000000817E061903000100000000000000000000FF00FF00FF00FF00FF00FF00FFDA
:204BC000E01F00FF00FF00FF00FF10EF0DF200E0C020060000000000000000000000000016
:204BE0000000609E6F916F8FA6C49BE3FC7C00000000BF00FFFFFFFFFFFFFFFFFFFFFFFFA6
:204C0000FFFFFFFFFF00FF00FF00FF00FF00FF00FF00FF00FF0FFF0FFF0FFF0FFF0FFF0F4C
:204C2000FF0FFF0FFF0FFF0FFFFFFFFFFFFFFFFFFFFFFFFFFF00FF00FFF0FFF0FFF0FFF08E
:204C4000FFF0FFF0FF00FF00FF00FF00FF00FF00E11EF90EFFFFFFFFFFFFFFFFF0FFF7F8A0
:204C6000F7F8F7F8FFFFFFFFFFFFFFFF00FFFF00FF00FF00FFFFFFFFFFFFFFFF3FFFBF7FEE
:204C8000BF7FBF7FFFF0FFF0FFF0FFF0FFFFFFFFFFFFFFFFFF00FF00FF00FF00FFFCFFFCF2
:204CA000FFFCFFFCFF0CFF0CF70CF30CFFFFFFFFFFFFFFFFFFC0FFC0FFC0FFC0FFFFFFFFF6
:204CC000FFFFFFFFF7F8F7F8F7F8F7F8F7F8F7F8F7F8F7F8FF00FF00FF00FF00FF00FF0066
:204CE000FE01FF00FF00FF00FF00FF00FF00FF00EF10FF00BF7FBF7FBF7FBF7FBF7FBF7F4A
:204D0000BF7FBF7FFFFCFFFCFFFCFFFCFFFCFFFCFFFCFFFCFFC0FFC0FFC0FFC0FFC0FFC0C5
:204D2000FFC0FFC0FF00FF00FF00FF00FF00FF00FF00FC03FF00DB24F7088F704FB0FF0003
:204D4000FF00FF00FF00FD02FF00F807F40BFF00FF00CF30FF00BF407F80FF00FF00FF0063
:204D6000FF00FF00F7F8F7F8F7F8F7F8F0FFF0FFF7F8F7F8FF00FF00FF00FF0000FF00FFC3
:204D8000FF00FF00BF7FBF7FBF7FBF7F3FFF3FFFBF7FBF7FFF00FF00FE01FF00FF00DB242B
:204DA000F7088F70FF00FF00FF00FF00FF00FD02FF00F807FF00FF00EF10FF00FF00BF4003
:204DC0007F80FF00FFFFF0FFFFFFFFFFFFFFFFFFFFFFFFFFFFFFFFFF00FF00FFFFFFFFFFFE
:204DE000FFFFFFFFFFFFFFFFC0FF07FFFFFFFFFFFFFFFFFFFFFFFFFF00FFFFFFFFFFFFFF09
:204E0000FFFFFFFFFFFFF0FF00FF7FFFFFFFFFFFFFFFFFFFFFFFFFFFFFFF00FFFFFFFFFF3F
:204E2000FFFFFFFFF7F8F7F8F7F877F837F8B7F887F8F7F8FF00FF00FF00FC03FF00FF00F4
:204E4000FF00FF004FB0FF00FF00FF00FF00FF00FF00FF00F40BFF00FF00CF30FF00FF0062
:204E6000FF00FF00F7F8F7F8F7F8F7F8F7F8F0FFFFFFFFFFFF00FF00FF00FF00FF0000FFA4
:204E8000FFFFFFFFFF00FF00FF00FF00FF0000FFFFFCFCFFFF00FF00FF00FF00FF0000FF2C
:204EA000FF0000FFBF7FBF7FBF7FBF7FBF7F3FFFFF3F3FFFFFFF00FFFFFFFFFFFFFFFFFF0F
:204EC000FFFFFFFFFFFFFFFFFFFFFFFFFFFFF8F0FCF3FDF2FFFFFFFFFFFFFFFFFFFF030819
:204EE00003F8F308FFFFFFFFFFFFFFFFFFFFE810F00FF708FFFFFFFFFFFFFFFFFFFF0000DA
:204F000000FFFF00FCFFFCFFFCFFFFFCFCFF7C3FBF3CBF3CFF00FF0000FFFF0000FF00FF01
:204F2000FF00FF00BF7FBF7F3FFFFF3F3FFF3FFFFF3FFF3F00FFFF00FF0000000000000086
:204F40000000000000FFFC03FF0004030403040304030403FDF2FDF2FDF2FDF2FDF2FDF297
:204F6000FDF2F5F200080609040B040B040B000F00000000180008F018F018F018F008F0E8
:204F80000000000001000100010001000100010001000100BF3CBC3FBC3FBC3FBC3FBF3C27
:204FA000BC3FBC3FFF0000FFFF00FF0000FFFF0000FF00FFFFFFFFFFFFFFFFFFFFFFFFFF0F
:204FC000FFFFFF80FFFFFFFFFFFFFFFFFFFFFFFFFFFFFF0000000000000000000400180047
:204FE000300031400000000000000000000000008C000C90000000000000000000000100E7
:2050000023004324000000000000000040008000080011080F000100010019003000E000EB
:20502000C200C402C080C09FCF90C890C890C890C890C890000000FFDF207F006F006000E6
:20504000700F700F000000FF7F800040004000C000C000C0000000FFFF0000000000000096
:20506000000000001C0308F0E01F1C031B001B001B001B00FF00000000FF00FFFF00FF0094
:20508000E01FE710FF00000000FF00FFFF00FF0003FC1B04FE01000000FF00FFFF00FF0006
:2050A000FF00FF00A704572437E474E7B467B467B467B764FF00FF00FF0000FFFF00FF00F0
:2050C00000FFFF00FF3FFF3FFF3F0FF0BF40887008F0C830FFFFFFFFFFFFFF00FF0000003A
:2050E00000000000FFFFFFFFFFFEFF00FF00000000000000C0BFC03F807FF00FFC03130C1F
:20510000100F130C00FF00FF00FF00FF00FFFF0000FFFF00FF00FF00FF00FF00FF00FF005F
:20512000C03FD820FF00FF00FF00FF00FF00FF001FE05F20FF00FF00FF00FF00FF00FF0006
:20514000FC03FD02FF00FF00FF00FF00FF00FF0001FE8502C890C890C890C890C890C890C1
:20516000C890C890700F403F2E1F110E0000110E3F007F0000C04080800000000000000038
:2051800080004000000000000000000000000000000000001B001B001B001B001B001B00AD
:2051A0001B001B00EB10E510E01FFF00FF00FF00FF00FF008B04CB0403FCFF00FF00FF0075
:2051C000FF00FF00B467B467B764B764B764B467B467B46700FF00FFFF00FF00FF0000FFFF
:2051E000FF00FF0008F008F0C830F800C00000C081408640000000000000000000000000CA
:20520000100060000000000000000000000000000100060000000000000000000000000017
:2052200000000300130F100F3C03040304036601C2018300FFFF1FE010EF30CF609FC03F37
:20524000807FFF00FFFFFF0000FF00FF00FF00FF00FFFF00FFFFF80708F704FB04FB02FD60
:2052600002FDFE01CC20C720C120C820CB34FF00FF00FF003F003F00BF00DF209F60FF005E
:20528000FF00FF00FC02FC02FC02FC02FC03FF00FF00FF00C30073001B008D02B946FF003E
:2052A000FF00FF00C890C890C890C890C890C890C890C7986F006000700F700F700F403F5E
:2052C0003F1FC03F004000C000C000C000C0408080007F80000000000000000000000000F2
:2052E0000000FF001C03170F08070403000000000000FF0000FFFFFF00FF00FF000000005A
:205300000000FF0074E7F7E434E714E7170417041704F40700FFFF0000FF00FFFF00FF00FC
:20532000FF0000FF2CC0EC103FC03FC0FF00FF00FF003FC023004324FF00FF00FF00FF0007
:20534000FF00FF0008001009FF00FF00FF00FF00FF00FF00C200C402FF00FF00FF00FF00B0
:20536000FF00FF0030003140FF00FF00FF00FF00FF00FF008C000C90FF00FF00FF00FF0070
:20538000FF00FF0023004720FF00FF00FF00FF00FF00FF000B001308FF00FF00FF00FF0069
:2053A000FF00FF0000FFFF00FFFFFF007F007F007A047B0400FFFF00FFFFFF00FF00FF0000
:2053C0009B04870000FFFF00FFFFFF00FF00FF00F208FE0000FFFF00FFFFFF00FF00FF00BD
:2053E0003F00970800FFFF00FFFFFF00FF00FF00D420D820C300CF00CF00CF00FF00C03FBC
:20540000FF0000FFC000C000C000C000FF0000FFFF0000FFF00FF00FF00FF00FF00FF00F98
:2054200008FF08FF3FC03FC03FC0FFC03FC03FC000FF20FFBF40BF403FC0FF003FC03FC08C
:20544000C03FC03FFF00FF00FFFFBF40010001007C7D5C6DF00FF00FF00FF00FF08FB0CF95
:20546000487F283F780078007800FFFF00FFFF0000FF00FF310033003300FFFF00FFFF0009
:2054800000FF00FFC03CC23CC23CC03CC23CC03F20FF20FFFE29FE29FE29FE29FE29FE29F5
:2054A00038EFB8EFFEF1DBFCFBFCFF00BFC0BF403FEE3BDF000000000000FF00FFFFFFFFA2
:2054C000FFFFFFFF0B30D3A0438003000200C2387AFCEFFE7F7F5D7F3F7F7D0000000300E5
:2054E0000000FD030000000080C07F407F7FFF7FFF7F7F7F000000000000FF00FFFFE7FFD2
:205500008AE7BD02382838283828FF28FFEFFFEFFFEFFFEF8D7B8FFFC7FF62FFF1FF00FFB0
:2055200000FF00FFB7EFFFFFFFFFFFFFFFFFFFFFFFFFFFFFDFBFFFFFFFFFFFFFFFFFFFFF41
:20554000FFFFFFFFCF1000FFE0FF00FF00FF00FF00FF00FFFFEFFFEFFFEFFFEFFFEFFFEF03
:20556000FFEFFFEF38FFEEFEB7EF7FFF3F3F3F3F3F3F3F3FF2FFF4FBFCF9FAFCFFFFFFFF49
:20558000FFFFFFFF04FF02FD8BF58BC7FFFFFFFFFFFFFFFF371F7F78FCF3C8F7F987C907F8
:2055A00089070907FFFFFE01070003F1F3F9D9ECFCFE76FFFFFFFFFFFFFFFEFFFFFEF0FF50
:2055C000F0FFF0FFFFFF9F7F1F8FA74FFB0701FF1CFF08FF09070F00080708E7E8F7BFF856
:2055E0000FFFF308FFFF0000000000000303CE0FF9FEF7F8FFFFFFFFFFFFEEF1FF00E31C04
:20560000807F807FFFFFFFFF3FFFF51AFF00F80710EF00FFF0FFF0FFF0FFF0FFF2FFF0FFAB
:20562000F8FDFEFC00FF00FF00FF00FF04FF00FF89F7CFC77F004C337807C03FC639807FED
:20564000807F807F00FF00FF03FC1FE018E718E700FF00FF3CC01CE018E01EE01EE00EF06A
:2056600006F807F8000000000000000000000300350B3F0800000000000000000000800023
:20568000C000C00008440844E29C1EFEFFFF00000000000000FF00FF00FF00FF807F00FF60
:2056A00000FF00FF00FF00FF00FF00FF00FF00FF01FE00FFF00000F008F008F000F81CE030
:2056C00008F402FC000000000000000000000000008060C0FF0000FF01FF00FF00FF00FF35
:2056E00000FF00FF0000000000000000000000000001020100FF00FF00FF03FC03FC04FBAE
:2057000006F906F900FF00FF00FF00FF00FF00FF00FF00FF0EF007F803FC07F803FC01FE9A
:2057200001FE01FE6AD5E03FBF4000FF80FF00FF00FF00FF20FF007F0C3F0C0C0000000092
:205740000000000040F000E080C080800000000000000000807F00FF00FF00FF00FF807FFF
:2057600000FF807F00FFDE217E810CF30DF207F806F900FF03FC03FC07F80EF100FF00FF39
:2057800000FF00FF003F003F083F001F030F03030000000000FC00FC10FC00F860F0606003
:2057A0000000000000FF00FF906F807F003F300F18071F0000FF00FF00FF00FF00FF10EF37
:2057C00000FF00FF00FE44BA00FC50A800E0000000000000403FEE71DBED733D4F76FDFCE7
:2057E00000000000BA00FFFFFFFFFFFFFFFFFFFFFFFFFFFFFFFF3FFF3FFFFFFFFFFFF3FF95
:20580000F3FFFFFFFFFFFFFFFFFFFCFFFCFFF3FFF3FFFFFFFFFF33FF33FFCCFFCCFF30FF9F
:2058200030FFCCFFCCFF03FF03FF00FF00FF33FF33FF00FF00FF03FF03FF00FF00FF00FF3E
:2058400000FF0CFF0CFF03FF03FF00FF00FF30FF30FF00FF00FF00FF00FF00FF00FF0CF3DA
:205860000CF300FF00FF00FF00FF00FF00FFC03FC03F00FF00FFC03FC03F00FF00FF0CF338
:205880000CF300FF00FFCC33CC3300FF00FFCC33CC3300FF00FFC03FC03F00FF00FFCC3318
:2058A000CC3300FF00FFCC33CC3330CF30CFCC33CC3303FC03FCCC33CC3300FF00FFCC33F8
:2058C000CC3333CC33CCCC33CC3333CC33CCCC33CC3333CC33CCCC33CC3333CC33CCCC33D8
:2058E000CC3303FC03FCCC33CC33FF00FF00CC33CC33F30CF30CCC33CC33F30CF30CCC33B8
:20590000CC33FF00FF00CC33CC3333CC33CCCF30CF303FC03FC0FF00FF00FF00FF00FF0097
:20592000FF00FF00FF00FF00FF00FF00FF00F300F300FF00FF003F003F00FF00FF00FF000F
:20594000FF00FF00FF003F003F00FF00FF00FF00FF00FC00FC0033FF33FFFFFFFFFF33FF46
:2059600033FFFFFFFFFFFFFFFFFFFFFFFFFF33FF33FFCFFFCFFFFFFFFFFFFFFFFFFF3FFFCB
:205980003FFFFFFFFFFF3CFF3CFFCCFFCCFF33FF33FFCCFFCCFF00FF00FF00FF00FF00FFCC
:2059A00000FF00FF00FFCC33CC3330CF30CF0CF30CF330CF30CFC03FC03F00FF00FFCC33F7
:2059C000CC330FF00FF0C03FC03F33CC33CC0CF30CF303FC03FCCC33CC3330CF30CFCC33D7
:2059E000CC3333CC33CCCC33CC3333CC33CCCC33CC330FF00FF0CC33CC33F30CF30CCC33B7
:205A0000CC3333CC33CCCC33CC33F30CF30CCF30CF303FC03FC0FF00FF00F30CF30CFF0096
:205A2000FF00FF00FF003F003F00FF00FF0033003300FF00FF003F003F00CF00CF0033003A
:205A40003300FC00FC003F003F00CF00CF0033003300FF00FF00FF00FF00CC00CC003300D2
:205A60003300CC00CC00FFFFFFFFFCFFFCFFFFFFFFFFFFFFFFFF33FF33FFCCFFCCFF33FF45
:205A800033FFFCFFFCFFFFFFFFFFFFFFFFFF33FF33FFFFFFFFFFFFFFFFFFCFFFCFFF3FFFB0
:205AA0003FFFFFFFFFFF30FF30FFCCFFCCFF30FF30FFFCFFFCFF03FF03FF00FF00FF00FF63
:205AC00000FF00FF00FF00FF00FF00FF00FF3CF33CF300FF00FFC03FC03F30CF30CFCC3376
:205AE000CC3300FF00FFCC33CC3300FF00FFCC33CC3303FC03FCC03FC03F00FF00FFCC33B6
:205B0000CC3303FC03FCFC03FC033FC03FC0CF30CF30FF00FF00CF30CF30FF00FF00FF0095
:205B2000FF00FF00FF003F003F00FF00FF0033003300CF00CF003F003F00CF00CF00F300D9
:205B4000F300FF00FF003F003F00FF00FF0033003300FC00FC0033003300CC00CC0030004C
:205B60003000CC00CC003FFF3FFFFFFFFFFFFFFFFFFFFFFFFFFFF3FFF3FFFCFFFCFF33FFE1
:205B800033FFFFFFFFFF33FF33FFCFFFCFFF33FF33FFCCFFCCFFF3FFF3FFFCFFFCFF33FFD1
:205BA00033FFFCFFFCFF33FF33FFCCFFCCFF30FF30FFF0FFF0FFC33FC33F00FF00FF0CF386
:205BC0000CF300FF00FFCC33CC3300FF00FF0CF30CF300FF00FFCC33CC3330CF30CFCC33D5
:205BE000CC333FC03FC0FC03FC03F30CF30CFC03FC033FC03FC0CC33CC33FF00FF00CC33B5
:205C0000CC33FF00FF0033003300FF00FF00F300F300FF00FF0033003300CF00CF00330008
:205C20003300FC00FC003F003F00CF00CF0033003300CC00CC003F003F00CF00CF00F30010
:205C4000F300CC00CC0033003300CF00CF0033003300CC00CC00FFFFFFFFFFFFFFFFFFFFC1
:205C6000FFFFFCFFFCFFF3FFF3FFCCFFCCFF30FF30FFCCFFCCFF33FF33FFCCFFCCFF33FF96
:205C800033FFCCFFCCFFF3FFF3FFCCFFCCFF30FF30FFFCFFFCFF30FF30FFCCFFCCFF30FF4B
:205CA00030FFCCFFCCFFC03FC03F00FF00FF0CF30CF303FC03FCCC33CC3300FF00FF0CF32C
:205CC0000CF303FC03FCCC33CC3333CC33CCCC33CC333FC03FC0CC33CC3333CC33CCCF30D4
:205CE000CF30FF00FF00FC03FC0333CC33CCCC33CC3333CC33CCFC03FC0333CC33CCCC33B4
:205D0000CC333FC03FC0FC03FC03F30CF30CFF00FF003FC03FC0FC03FC03FF00FF00FF0093
:205D2000FF003FC03FC033003300CF00CF00F300F300FC00FC003F003F00CC00CC0033003B
:205D40003300CC00CC0033003300CC00CC0033003300CC00CC00FFFFFFFFFFFFFFFF3FFF46
:205D60003FFFCFFFCFFF33FF33FFCFFFCFFF33FF33FFC0FFC0FF3FFF3FFFCCFFCCFF30FF26
:205D800030FFFCFFFCFF33FF33FFCFFFCFFF33FF33FFCFFFCFFF30FF30FFCCFFCCFF00FFEB
:205DA00000FFCCFFCCFFC03FC03F00FF00FFC03FC03F00FF00FF0CF30CF300FF00FF00FF5B
:205DC00000FF00FF00FFC03FC03F00FF00FF00FF00FF00FF00FFCC33CC3330CF30CF0CF3D3
:205DE0000CF300FF00FFCC33CC3330CF30CFCC33CC330FF00FF0CC33CC33F30CF30CCF30B3
:205E0000CF30FF00FF00FC03FC0330CF30CFCF30CF303FC03FC0CC33CC33F30CF30CCC3392
:205E2000CC3303FC03FCCC33CC33F30CF30CCC33CC333FC03FC0FC03FC03FF00FF00FF0072
:205E4000FF00FF00FF00FF00FF00F30CF30CCF30CF303FC03FC0FF00FF00FF00FF00CF3052
:205E6000CF30FF00FF0033003300CF00CF0033003300FF00FF0033003300CC00CC0033008C
:205E80003300FC00FC0030003000CC00CC0030003000CC00CC003FFF3FFFFFFFFFFF3FFF31
:205EA0003FFFFFFFFFFFFFFFFFFFFFFFFFFFF3FFF3FFFFFFFFFF33FF33FFCCFFCCFF30FFA7
:205EC00030FFFCFFFCFF03FF03FFCCFFCCFF03FF03FFCCFFCCFF30FF30FFC0FFC0FF00FF8E
:205EE00000FFCCFFCCFF0CF30CF300FF00FF0CF30CF300FF00FFCC33CC33F30CF30CCF301A
:205F0000CF30F30CF30CFF00FF00F30CF30CCC33CC333FC03FC0FF00FF00F30CF30CCF3091
:205F2000CF30FF00FF003F003F00FF00FF003F003F00FF00FF003F003F00CC00CC00330023
:205F40003300FC00FC003FFF3FFFCFFFCFFF33FF33FFCCFFCCFF33FF33FFCCFFCCFF30FFDB
:205F600030FFC0FFC0FF33FF33FFCCFFCCFF33FF33FF0CFF0CFF03FF03FFFCFFFCFF33FFD4
:205F800033FFF0FFF0FF30FF30FF0CFF0CFF30FF30FF0CFF0CFFCC33CC3330CF30CFCC330E
:205FA000CC3300FF00FFCC33CC33F00FF00FCC33CC333FC03FC0CC33CC3333CC33CCCC33F1
:205FC000CC33FF00FF00FC03FC03FF00FF00CF30CF303FC03FC03F003F00FF00FF00F3005D
:205FE000F300FC00FC00330033000C000C00030003000000000033FF33FF3FFF3FFF33FF20
:2060000033FF0FFF0FFF03FF03FFC0FFC0FF30FF30FF00FF00FF3FFF3FFFCCFFCCFF33FF10
:2060200033FFC0FFC0FFCC33CC3330CF30CFCC33CC3330CF30CF00000000C000C000F00048
:20604000F000C000C000CF30CF30FF00FF00F300F300FF00FF0000000000CC00CC00300028
:206060003000CC00CC00FFFFFFFFFFFFFFFFFFFFFFFFCFFFCFFF30FF30FFC0FFC0FF00FFED
:2060800000FF00FF00FFCC33CC33F00FF00FCC33CC33FF00FF00F000F000C000C000F000BB
:2060A000F000C000C0003F003F00CF00CF00F300F300FC00FC003C033C03FF00FF00CC33FB
:2060C000CC33FF00FF0003FF03FFCCFFCCFF33FF33FFC0FFC0FFCC33CC3300FF00FFC03F4C
:2060E000C03F00FF00FFF000F00000C000C0F000F00030C030C033FF33FFCFFFCFFF33FF51
:2061000033FFFFFFFFFF33FF33FFFCFFFCFF33FF33FFCCFFCCFF33FF33FF0CFF0CFF33FF51
:2061200033FFC0FFC0FFCF33CF33FC03FC03CC33CC33FC03FC0300030003030003000300A2
:2061400003000300030033003300FF00FF0033003300FF00FF0030FF30FFFFFFFFFF33FFE2
:2061600033FFC0FFC0FF30FF30FF0CFF0CFF00FF00FF00FF00FFCC33CC33F00FF00FCC3304
:20618000CC33F30CF30C03F003F03CC03CC003F003F0FFC0FFC0FC03FC03F30CF30CCF30C5
:2061A000CF303FC03FC033FF33FFFFFFFFFF33FF33FFC0FFC0FFC03FC03F03FC03FCCC33A5
:2061C000CC3303FC03FC0CF30CF3C0FFC0FF30FF30FFC0FFC0FFFC03FC03FF00FF00CC336F
:2061E000CC33FF00FF003F003F00FF00FF00CF30CF30FF00FF0003FF03FFCCFFCCFF33FF5E
:2062000033FF0CFF0CFFC03FC03F00FF00FFFC33FC3300FF00FFCC33CC3303FC03FCCC33E3
:20622000CC3300FF00FFCC33CC3330CF30CFCC33CC333CC33CC3F000F0003CC03CC0CF3092
:20624000CF3003FC03FCCC33CC33F30CF30CCF30CF3033CC33CC33FF33FFCCFFCCFFFFFF51
:20626000FFFFFFFFFFFF33FF33FFFFFFFFFF33FF33FFCCFFCCFF00FF00FF0CFF0CFF30FF87
:2062800030FF00FF00FF0FF00FF0CFFCCFFC03FF03FF00FF00FFFF00FF00F30CF30CCC3340
:2062A000CC33FF00FF00FFFFFFFFFFFFFFFFF3FFF3FFFCFFFCFF33FF33FFCFFFCFFF33FFDD
:2062C00033FFFCFFFCFF03FF03FF00FF00FF0CF30CF300FF00FFF3FFF3FFFCFFFCFFF3FFCC
:2062E000F3FFFFFFFFFFCF30CF3033CC33CCCC33CC3333CC33CCCC33CC3333CC33CCCC33BD
:20630000CC33F30CF30C03FF03FFCFFFCFFF33FF33FFF3FFF3FF33FF33FFCCFFCCFF33FF6C
:2063200033FFC0FFC0FF03FF03FF0CFF0CFF00FF00FF00FF00FFC03FC03F30CF30CF0CF39C
:206340000CF303FC03FCCC33CC33F3CCF3CC0CF30CF30FF00FF0FC03FC03FF00FF00CC33CD
:20636000CC3333CC33CCCC33CC33F30CF30CCC33CC33F30CF30CFF00FF0033CC33CCCF302D
:20638000CF3033CC33CCB9003FFF3FFF0FFF0FFF33FF33FFFFFFFFFFF3FFF3FFFFFFFFFF6F
:2063A000FFFFFFFFFCFFFCFF3FFF3FFFCCFFCCFF33FF33FF00FF00FF03FF03FFCFFFCFFFD7
:2063C00003FF03FFCCFFCCFF30FF30FFCCFFCCFF30FF30FFC0FFC0FFCC33CC3300FF00FF57
:2063E000CC33CC333FC03FC0CC30CC303CCC3CCCCF3FCF3F0CFF0CFF0CF30CF3330C330CEB
:206400000C330C3333CC33CCFC03FC03F30CF30CCF30CF30F30CF30CFF00FF00FF00FF000C
:20642000FF00FF003FC03FC0FC03FC03F30CF30CFF00FF00FF00FF00FC03FC03FF00FF006C
:20644000CF30CF30FF00FF003F003F00FF00FF00F300F300FF00FF0033FF33FFFCFFFCFF86
:2064600033FF33FF3CFF3CFFFFFFFFFFFCFFFCFFF3FFF3FFF0FFF0FFF3FFF3FFCCFFCCFF14
:2064800033FF33FFCCFFCCFF30FF30FFCCFFCCFF33FF33FFC0FFC0FF30FF30FFC0FFC0FF50
:2064A00030FF30FF00FF00FFC03FC03F30CF30CFC03FC03F00FF00FF0CF30CF300FF00FF8C
:2064C000CC33CC3303FC03FCF33FF33FCCFFCCFFCF30CF30FF00FF00C030C030CCFCCCFC5A
:2064E000FC3CFC3CFC0CFC0CFC03FC03FF00FF000C330C333F003F00CC33CC33F30CF30C28
:20650000FF00FF00FF00FF00CC33CC33FF00FF00CF30CF30FF00FF00FC03FC03F30CF30C8B
:20652000CF30CF30FF00FF003FFF3FFFFCFFFCFF33FF33FF0FFF0FFFFFFFFFFFCFFFCFFFD5
:2065400033FF33FF00FF00FFF3FFF3FF0CFF0CFF33FF33FF00FF00FF00FF00FFCCFFCCFFE9
:2065600030FF30FF00FF00FF00FF00FF0CFF0CFF00FF00FF03FC03FCC03FC03F30CF30CFB3
:20658000CC33CC3303FC03FCCC33CC33F00FF00FCC33CC3333CC33CCCC30CC30F00CF00C17
:2065A000CF30CF30FC00FC000F300F303F003F003F003F003F003F00FC03FC03F30CF30CF1
:2065C000CC33CC33FF00FF0033003300FF00FF0033003300FC00FC0033003300CC00CC00FF
:2065E0003300330000000000330033000C000C0000000000000000003FFF3FFFCFFFCFFF9F
:2066000033FF33FFCFFFCFFF3FFF3FFFCFFFCFFFF3FFF3FFCCFFCCFF3FFF3FFFCCFFCCFFD6
:2066200033FF33FFCCFFCCFF33FF33FF0CFF0CFF30FF30FFCCFFCCFF00FF00FF0CFF0CFFDE
:2066400000FF00FF00FF00FFC03FC03F00FF00FF0CF30CF330CF30CF00FF00FF00FF00FF4A
:20666000CC33CC3300FF00FFCC33CC333FC03FC0CC33CC3333CC33CCCF30CF30F00CF00C30
:20668000CC33CC33FF00FF000C300C30303C303C3C303C30F0FCF0FC3F003F000F000F0062
:2066A0000F000F000F000F003C033C03F30CF30CFF00FF00FF00FF00FC03FC03F30CF30C2A
:2066C000FC03FC03FF00FF00330033000C000C00330033000C000C0033003300000000005C
:2066E0000000000000000000000000000000000000000000000000003FFF3FFFFFFFFFFF22
:2067000033FF33FF3FFF3FFFF3FFF3FFFCFFFCFFF3FFF3FFCCFFCCFF33FF33FF30FF30FF83
:2067200000FF00FF00FF00FF3FFF3FFF0CFF0CFFF3FFF3FF00FF00FF30FF30FFCCFFCCFFF5
:2067400033FF33FFCCFFCCFF00FF00FF00FF00FF30FF30FF00FF00FFC03FC03F33CC33CCEB
:20676000CC33CC3333CC33CCCC33CC33F00FF00FC03FC03FCFF0CFF0F33CF33CF00CF00C4F
:20678000C33CC33CF00CF00C0F000F000F000F000F000F000F000F00330033000C000C000D
:2067A00030003000CC00CC00000000000000000030003000C000C0003FFF3FFFFFFFFFFF89
:2067C00033FF33FF3CFF3CFF33FF33FFCCFFCCFFF3FFF3FFFCFFFCFF33FF33FF0CFF0CFF91
:2067E00033FF33FF00FF00FF30FF30FFCCFFCCFF30FF30FF00FF00FF00FF00FF0CFF0CFFD3
:2068000000FF00FFC0FFC0FFCC30CC303FCF3FCFFF3FFF3F3FFF3FFF3C033C03F3FCF3FC94
:206820003FFF3FFFFFFFFFFFC33CC33CFF0CFF0CF30CF30CF30CF30C030003000F000F00AC
:2068400003000300030003003F003F00FF00FF00FC03FC03FF00FF00FF00FF00FF00FF00B8
:20686000FC03FC03FF00FF00FF00FF00FF00FF00F300F300FC00FC0033003300FF00FF00DE
:2068800033003300CC00CC00330033000C000C0033003300C000C000300030000000000036
:2068A00030003000000000003FFF3FFFFFFFFFFF33FF33FF0CFF0CFFFFFFFFFFCFFFCFFFEE
:2068C000F3FFF3FFCCFFCCFF33FF33FF00FF00FF30FF30FF00FF00FF33FF33FFCFFFCFFF80
:2068E00033FF33FF00FF00FFFFFFFFFFCCFFCCFF33FF33FF00FF00FF00FF00FF00FF00FF46
:2069000000FF00FF03FC03FCFF3FFF3F3CFF3CFFCF3FCF3F3FC03FC0F3FFF3FFCCFFCCFFF5
:2069200033FC33FC3FC03FC0F00FF00FFF0CFF0CF00FF00FF30CF30C0300030003000300DF
:206940000300030003000300330033000C000C003000300000000000030003000000000047
:206960003000300000000000000000000000000030003000000000003FFF3FFFFCFFFCFFE5
:20698000F3FFF3FF30FF30FFF33FF33F00FF00FF33FF33FF00FF00FF3FFF3FFF0CFF0CFF5F
:2069A00030FF30FF00FF00FFF0FFF0FFCCFFCCFF03FF03FF00FF00FF00FF00FF0CFF0CFFF1
:2069C0000CF30CF300FF00FF00FF00FF30CF30CF0CF30CF303FC03FCCC33CC3333CC33CCC7
:2069E000CC33CC3300FF00FFCC33CC33F30CF30CCC33CC330FF00FF0F00FF00FFC0FFC0F8F
:206A0000C33CC33CF00FF00F03000300000000000000000000000000CC33CC333FC03FC078
:206A2000CC33CC33FF00FF0033003300FC00FC0033003300CC00CC0033003300CC00CC0000
:206A400030003000C000C000030003000000000030003000C000C00033FF33FF3FFF3FFF90
:206A60003FFF3FFFCCFFCCFF00FF00FF00FF00FF3FF33FF300FF00FF33FF33FFCCFFCCFFAC
:206A800030FF30FF00FF00FF00FF00FF00FF00FF00FF00FFC0FFC0FFCC33CC33FF00FF0026
:206AA000FC03FC03FF00FF00C03FC03FF00FF00FCC33CC33F00FF00FFC03FC03FF00FF00E6
:206AC000FC03FC03FF00FF00330033000C000C0033003300CC00CC00330033000C000C00C0
:206AE000330033000000000033FF33FF0FFF0FFF3FFF3FFF0FFF0FFFF3FFF3FFFCFFFCFF3E
:206B0000FCFFFCFFCCFFCCFF33FF33FFC0FFC0FF33FF33FF00FF00FF3FFF3FFFCCFFCCFF93
:206B200030FF30FF00FF00FF00FF00FFC0FFC0FF00FF00FFC0FFC0FF00FF00FF30CF30CF05
:206B4000CC33CC3300FF00FFF00FF00FF00FF00FCF33CF33FC03FC0300000000C000C000BB
:206B600000000000C000C0003F003F003F003F00330033003F003F003F003F00CF00CF0099
:206B8000FF00FF00FC00FC0030003000CC00CC00300030000C000C0033FF33FFFCFFFCFF35
:206BA00033FF33FFFCFFFCFF33FF33FF0CFF0CFF03FF03FF00FF00FF0CF30CF300FF00FF03
:206BC000CC33CC3300FF00FFFF03FF03F00FF00FCF33CF33FC03FC033C033C033F003F00B9
:206BE0003F003F000F000F0033003300CF00CF00FF00FF00FF00FF003FFF3FFFFFFFFFFF81
:206C00003FFF3FFFCFFFCFFF33FF33FF00FF00FF33FF33FF00FF00FFCC33CC333CC33CC39C
:206C2000CC33CC3303FC03FCCF33CF33FC03FC03CF33CF33FC03FC0333003300CF00CF0050
:206C40003F003F00FF00FF003F003F00CF00CF003F003F00FF00FF0033FF33FFCFFFCFFF20
:206C60003FFF3FFFCFFFCFFF30FF30FF00FF00FF30FF30FF00FF00FFCF33CF33FC03FC0342
:206C8000CF33CF333CC33CC33C033C03FF00FF00FF00FF00FF00FF0033FF33FFFFFFFFFF1A
:206CA000F3FFF3FFFCFFFCFF33FF33FFC0FFC0FF00FF00FF00FF00FFCC33CC3300FF00FF20
:206CC000CC33CC3330CF30CFF000F00030C030C000F000F030C030C0FF00FF00FF00FF003C
:206CE000CF30CF303FC03FC0F3FFF3FFFFFFFFFF33FF33FFFCFFFCFF00FF00FF00FF00FF62
:206D000030FF30FF0CFF0CFFFC03FC03F30CF30CCC33CC333FC03FC0FC03FC0330CF30CF0B
:206D2000CC33CC33FC03FC033C033C03030C030C3F003F000F000F003FFF3FFFCFFFCFFF07
:206D4000F3FFF3FFFCFFFCFF03FF03FFCCFFCCFF33FF33FF00FF00FFFF03FF0330CF30CF5B
:206D6000CC33CC333CC33CC3C003C00330C030C0F000F00030C030C0FF00FF00FF00FF00F5
:206D8000CC33CC33FF00FF0033FF33FFFCFFFCFF33FF33FFFFFFFFFF03FF03FFCCFFCCFFA3
:206DA00030FF30FFC0FFC0FF00FF00FF00FF00FF0CF30CF303FC03FCCC33CC33F00FF00F03
:206DC000CC33CC330FF00FF030FF30FFC0FFC0FFF0FFF0FFC0FFC0FFFC03FC0333CC33CC83
:206DE000FC03FC03FF00FF00FF00FF00F30CF30CCF30CF3033CC33CC3FFF3FFFFFFFFFFF27
:206E000033FF33FFCFFFCFFF33FF33FFFFFFFFFF3CFF3CFFCCFFCCFFF3FFF3FFCCFFCCFF8C
:206E2000F3FFF3FFFCFFFCFFFC03FC033FC03FC0CC33CC3333CC33CCFF00FF0033CC33CC84
:206E4000CF30CF303FC03FC033FF33FFCFFFCFFFF3FFF3FFFFFFFFFF30FF30FF0CFF0CFFE2
:206E600030FF30FF00FF00FFFC03FC0330CF30CFCC33CC3333CC33CC00FF00FFC3FCC3FC42
:206E800030FF30FFFCFFFCFFFC03FC0333CC33CCCF30CF3033CC33CCFF00FF00FF00FF00AA
:206EA000CC33CC3333CC33CC03FF03FFFFFFFFFF33FF33FFCFFFCFFF30FF30FF00FF00FF7A
:206EC00030FF30FFCCFFCCFF30FF30FF00FF00FF00FF00FF00FF00FFF3FFF3FF00FF00FF84
:206EE000F0FFF0FFF0FFF0FFFC03FC03F30CF30CCC33CC3333CC33CCFC03FC033FC03FC0E2
:206F0000CC33CC333FC03FC0FC03FC03F30CF30CCF30CF3033CC33CCA5003E339F9B9F9DF1
:206F2000474663636361616171712FF31FE71EFE3AFAB6A686868E8EDCDCCFFF86FF83FF0D
:206F4000C3FF737F7E7E7068F0D0070707070D8D0C0C383878787E7E3E3E03028380878430
:206F60003F007907E11FC73B9F673FFF3FFC7FB87FBBFFFFFFFFFFF8FFF9FE07FE27FCC788
:206F8000FCC7FCC3FC83FC03FC03F8EF78EF78FF31FF13FF17FF1FFFFFFE7FFE7FFCFBFCCB
:206FA000F7F8EFF1FFE1DFE3FF43C13FC37F87FFAFF7FFE7FFE7FBE7FCF3C0FFC0FF80FF16
:206FC00087FFFFFFFFFFFEFF00FF3EFF7EFFF8FFF8FFE0FFC0FF03FFF70F07FF07FF07FFD3
:206FE00003FF00FF00FF0EFF1EFFFBFFDFFFFFFFFFFFFCFF00FF00FF00FFFFE7FFE7FFF1DF
:20700000FFF9FEF9FEF57EF57EF1EFFFE7FFE7FFE3FFF1FFF1FF74FB76F9FF1EFF82FFC3F2
:20702000FFE1FFF9FFFFFFFF7FFFE19EC1FEC3FCC7FCC7FDFFC6FFC7FFE7C7CFCFCFFFFFD7
:20704000FFFFFFFFFF3FFF1FFFCF7F7FCCCCCFCFEFEFEFEFFFFFFFFFFFFF31313E3E3E3EC6
:207060007878F9F9FFFFC7C78787D9D9737363636766EFECFFF8BFB0BFB1F0B0F030E030E8
:20708000F070C0C08181838383833E3E3F3F3F3F3D3D3838C0C0E0E0ECEC9D7DEBFBD3D3E2
:2070A000C7E7FFE7FFCFFFCEFF8EFFF8FFF8FDFAFFFBFF77FF77FF7E7FBCFE1BFF9FFF1FBC
:2070C000FFFFFFFFFFBFFF3FFF7FFFFEFFFCFFF8FFF1DFE3FF8FFF1FFD7FB74B8F739FE7E7
:2070E000B7CF8FFFDFFFFFFFFFEEFCF3FDF2FFE0FBE4FBE5FBC7F3CFF3CF07F93FC3FF27C9
:20710000EF7FFFFFFFFFFFFFFFFFF78FE7FFC7FF8FFF0FFF1EFFFEFFFEFF38FF30FF70FF4F
:2071200078FF3CFF3CFF0EFF0FF900FF00FF00FF00FF00FF01FF03FF3FFF7EF1FEF1FCF3C5
:20714000F9DEFFD0FF90FF93FB2776CD778CF38CF39CFFB8FCBFFEFFFFFF3FFF8F7FC73F33
:20716000E71FF30FFF017F807F82FDE5FDF5FFF5FFF7FFF7BFB3BFA3FF43FFCFFFDF7F5EB4
:20718000FFFFFFE7FFE7FBE3FBE3FFFF8F8F8E8E87871F9FE7E7E7E7F2F29F9F9F9F97973B
:2071A000F7F7F7F7FCFCCFCE1F1F3F333F237F677F5FFFDFFDFDFCFCFCFC8787878783839E
:2071C0008383C3C3E3E3E7E76767FDFDFBFBFBFFD7D7FFFFFFFFFFFFFFFFFF8EFE8FBECD8C
:2071E000FCDFFC9FF9BEF97EF8F77FF07FE07FC0FB44F847F966FC63FCE3FE7FFD7FFF7765
:20720000FF71FF33E7184FB01FE0FFFFFFFFFFFFFFFCFFC0FFC0FF00FF3FFFCDFF89FF814B
:20722000FF1BFF1BFF3FFFFFFFFFF3DFE7FFC7FF8FF71BE737CFEF7FFFFFFBFFE0FFE0FFB0
:20724000E0FFC0FFC0FF80FF80FFF8FF00FF00FF00FF00FF00FF00FF00FF07FC07FC03FFDB
:2072600000FF1FFF1CFF07FF03FFFF7EFF08FF00FF00FFFCFDFF7FFFFFFFFF3FFD7FDFFF41
:20728000BFCFFB0FFBFFF7FFE3FFF3EFF3EDF3EDE73FFF0FFF07FFFFFEFFFFC1BFC19BE5ED
:2072A000F3EDE3FFC7FECFF8FFFFFF03FFBBFF3BFF3BFF38FF7CFFFF9FF9FFFFFFFFFFFF10
:2072C000FDFDFCFCF131F111FFF7F8F8DCFCFEFEEFEF2527041F041FF7EF0F0CEFED4B4FF7
:2072E000BFBFFEFF407F407FFFFEFEBEFFBFFFBF7FBF7FBF7FFF7F9F7F8777777F7FFFFF58
:20730000FFFFFFFFFDFDFFF0FFE7FFFFFFFEFFFCFFF8F1FEF3CEFF00FFFBFEF1E47BC47B7F
:207320008D73FF10FF30FF1CDEFDFCE3E0FFF0FFF8FFFF3FFF3B799FF93F3FC33ECF7F9F80
:20734000FF1FE73FC0FF70FFF8FFFFFFFFFFFFFFFFFFFFFF7FFF00FF00FFFFFFFFFFFFFF58
:20736000FFFFFFFFFFFF3EFF00FFFFFFFEFFFCFFF8FFF0FFC0FF00FF00FF00FF00FF00FF41
:2073800000FF00FF00FF00FF00FFFFFF73FF37FF3EFF00FF00FF00FF00FFE0FFC0FF00FF76
:2073A00000FF01FF01FF01FF03FF3CFF6DFE6FFFCFFF8FFF8FFC07FC07FC5FFFFF03FF80EC
:2073C000FCFFFFFFF7FFFF00FF00FFFFFFFFFF0F7F80FDFEFFFF807FF50EFFFFFFFFFFFFC2
:2073E000FF17FF00FFFE7FFF8F70FFFFFCFFE8FFF8FFF81F987FF8FFF81FF7F733F233F2B3
:207400001FD61D9D1FB71FBF9FBF0FF023FC83FC1FFCFFFF3F383919F9F9FFE7FF7EFF7E5A
:207420009F1F9F9F3F0F3F3FFFFFFF01FF01FF30FFFFFFFFFF9DFFFFFFFFCFBD0FF11FE335
:20744000FF8FFF1FFEFF9FFC7FFCF8FFFCF3FCF3EE916FF8FFECFFCCFF8E7CFF3ECF1FEBDD
:20746000F778FF7CFF7EE07FE07F00FF60FFC0FFE0FFF87FFF7FBF7F0FFF00FF00FF00FFAD
:2074800000FF40FFE0FFC0FF80FF02FF06FF06FF04FF04FF04FF0CFF0CFF07FC05FE05FE5E
:2074A00005FE05FE07FE07FE07FFF708FF00FF00FF00FF00FF007F817F81FF0CBF4EFF1E87
:2074C000FF3EFF76FFE6FFC6FFC6DF20FF00FF00FF01FF01FF07FF0FFF03F81FF81FF81F33
:2074E000F8DFF8FFF8FFF87FF87F9FBF9FBE8FBE9FBF97B7DEFE1FDF1FDCFF87FF03FF03C6
:20750000FF03FFE1FFFF9F9FFF1FFFFFF9F9D9D98F8FDFDF7F7F3F3F8F8FFFFFF393F3F3AD
:20752000FFF39F9B8F8FC7C7E3E3FFFCFF1CFF1CFF18FF18FE19FE19FE19FF8EFF8EFF8E62
:20754000EF9E8FFE8FFC8FFD8F9FE07FE07FE07FE07FE07FE0FFE0FFE0FF00FF00FF00FF57
:2075600000FF00FF01FF01FD01FD00FF00FF00FF00FF00FF00FF00FF80FF07FF03FF03FF8F
:2075800002FF03FE03FE03FE03FE5FA1BF819F81CFC1FF635F435F477C46FFC6FFE7FFF3ED
:2075A000FFFFFFDFFB0D87017F7DFF03FF03FF07FFE7FFE7FFCFFFCEFFCCF83FD83FF81FC2
:2075C000FC1FFF1FFF1FEF0FFF03DFF8DFD8DFD8DFF8FFF9FFF9FFF9FFF8FF07FF00FF0055
:2075E000FFFCFFFEFFCFFFC3FFC3C7C7E3E3F1F1F0F0F8F8FCFCFFFFFFBFF3F3FDFDF3F3C1
:20760000F1F139393F3F1F1F80808087C0A7D3B3D3F3F9FBF9FBF9F966608FBF4F7F4F7F16
:20762000CFFFCFFFCFFFAFFFAFFFE0FFE0FFE0FFE0FFC0FFC0FFC0FFC8FF01FD00FE00FF09
:2076400000FF00FF00FF00FF00FF80FF003F407F60FF30FF30FF30FF10DF00FF00FF00FFDA
:2076600000FF00FF00FF01FF07FF03FE03FE03FE03FF01FF03FFFFFBC0C0FFCDD3CBEFC766
:20768000CFCE8F8EBFBE7F7CFFFFFFF9FFC1FF01FF01FF01FF01FF03FF03FF8CFF0CFF0C5D
:2076A000FF0CFF0CFF0DFF0DFF1DFF03FF0BFF13FF53FFF6FFC4FF84FF8CFFF8FFF0FFB0B5
:2076C000FF30FF10FF10FF10FF10FFE1FFF1FFEFFF7FFF7FFF7FFF77FF63F3F3E9E1E9E1B5
:2076E000CFC3CFC3DF43FFC3FF83C0C0F0F0F8F8FCFC9F1F8F0FFF3DFF0F666062606260C8
:20770000EFECEFEEEFEEC7C7C7C70FFFCCFFC8FF083F487ED8FED9FF99FD00FF00FF00FFCA
:2077200000FF00FF00FFF0FF7C7F00FF00FF00FF00FF00FF00FF00FFC0CF1EFE78F876F6E2
:207740001FDFFFFF3F3FBFBFFEFEBF9F3F0FC706FDFCCFCF11019D80FFE0FF1DFF1FFF8F4F
:20776000FF8FFF8FF788FF00FF80FF08FF08FF08FF08FF00FF00FF00FF00FF83FF83FF8352
:20778000FB87FB86FBC6FBE6FBA6FFFF7DFD6F6FBFBFF3F3DFDFB9B97B7B80FE80FF00FFC7
:2077A00000FF00FF00FF0CFF1CFF5FFF7FFFFFFFFCFCECECC7C7EFEFFFFF00FF00FF00FF95
:2077C00002FC04F800FC00FE00FCFCFCFCFCF3F3F3F3E7E7CFCF8F8F9F9F60608080E08015
:2077E000F780F798FEEF7FE73FE3FFC0FFC0FFC0FFC0FF40FF00FF00BE41FF00FF00FF00D9
:20780000FF00FF00FF00FF00FF00FBE6FBE6FBE6FBE6F7CFF78FF393F7B7FEFEFFFFFCFC77
:20782000F8F8F8F8CECE8E8E1F1F3F3F3B3B80FF80FF00FF00FF00FF00FFBFBFDFDFE3E382
:20784000717178787CFC7EFE7FFF00FF80FFFCFFCCCFC1F9E1FFF0FFF8FF08F003FB0EF656
:207860000CFE1CFE38DE20CE10CEFFFFFEFEFBFBE7E70687181F007F00FF3FFB1FFF1FFF8C
:207880000FFF0FFF07FF07FF07FFFF00FF80FFE03FFE07FF00FF00FF00FFFF00FF00FF0020
:2078A000EF10F30CFE01FF80FEE1F7B737377575F5F5FDBDFC3CF737E7277F7F7F7FF8F863
:2078C000FFFFE3E2EFE0EFE62F2C3FFF1FFF1BFB09E900CC10DC30BE30BFF8FF787F30339C
:2078E00030333637F6F7F7F7F7F7108F00FF00FF00FF00FF00FF00FF00FF0EFF00FF00FF4C
:2079000000FF00FF00FF00FF00FFFC8FFCFF78FF00FF00FF00FF00FF00FFDD2EFFFC1FFE51
:207920000BFF08FF00FF00FF00FFFDFDE3E31D1FC0FF00FF80FFC0FF407F901F909F203F45
:20794000E0FFC0FFC0FFC0FF00FF60FFC0FF80BF003F00FF00FF00FF00FFF3FBE3E3FFFFC2
:0A79600000FF00FF00FF00FF00FF22
:20800000A5001FFF1FFF7FFF7BFF1FFD0FFC07FC07FC00FFC0FFE0FFE0FFE0FFE1FEE1FE41
:20802000E0FFFD1EFD1EFD1EDC3FDF3C9F7C1FF81FF8FF30EF30FF30FF78D778FB75FF617E
:208040007FE3DE3FFC3FFC3FF87FF8FFF3FC8FF09CE307F907F907F90FF11DE3F90701FFD0
:2080600003FFFFFFE79FF78FFFC3FEC3FEC3FFC3FCC3E0FFF1FFF9FFF9FF7FFF7FFF3FFF36
:208080009FFF807F88FFD8BFF0BFF0BFF9BFFDBFFF3D33FF73FD61FE41FE00FF00FF20DFDA
:2080A00030CF3EFF9FFF8F7FCF3FE71FE7DFF7EE73EFF1FFF0FFE0FFE0FFFAFFFFFFFF3FE5
:2080C000FF1FC0BFC0FFE1DE77EE7FFFFFFFFFFFFCFC76B9FC33BE71F778FBFCFDFEFFFFC2
:2080E0000F0F03FC1BFC1FF81FF89D7ADC3BFCBFFEBF7CFB7EF97EFDBF7E9F7FCF3FE31FA4
:208100003BC77E9F3EDF3CCF1CFF1CFF9CFFDCFFFCFF33CC2FD02FD03FC03EC13EC11EE178
:208120001EE1EF30EF30FFF0FFF0FFD0FFD8FED9FED9FE61FE617CC37CC378D77897788737
:2081400078E70FFC0FFE0BFC0FF85FB95DBB5DBB5DBBE0FFE0FFC1FFC3FFC3FFC3FFC3FFB4
:20816000C3FF3FF87FF0FCF7F9E7FBE7DBE69FE0DFE07FC77FCFEF9FEF9FEF1FEF1EEF1E0B
:20818000FF1FBFC7BFCF7F9FFD3FF83FFF78F778FFF08FFFFFFFFFFFFFFC03FC837C9F60C5
:2081A000817EFE03FE01EF11FF03FF03FF07E71CFF38CFFFCFFFCFFFCFFEFFEEFFE63FE64E
:2081C0003FF6FB3DFB7DFB7DFB3DFF39FE3FFC7FF17F10EF39E739E73FEF7FBF3FFF7FFF43
:2081E000FFF7F2EDF7C8FFCCFFD9FFFFFFFFFFFFFF7FFF9FFFDFFFDFFBCFFCCCF41CF43CA4
:20820000F67EF0F0E0E080800000000000010307070F000000000F0F1F1F6363C7C6878E65
:208220000F0CFFFFFFFFC6FF07DF866FE606E616E4161DE3EFF5F7FFBFFEFFFE7F7E3F3C99
:208240001F1DFCFFFC9FBCDFBECD9FE69FE39FF39FF11EE51FEC1FEC1FEC1FEC9F6C9F67BD
:20826000DFA7FED9FEC9FCCFFCCFFCCFEC9FFC8FFC8F78E778E778EF78EF38EF38EF38EFD7
:2082800038EF5DBB7F9937D837D831DE13FC1BF41BF4C3FFF1FFFCFFFF7FBF7FEF1FF70FB0
:2082A000FD03FFE0FFF0FFFCF3FFFBFFF9FFFCFFFCFFFF1FFF1FFE3FFC3FE09FB0CFFDC2AA
:2082C0007DE2FCE3F8E738C7738CF10EF00FF10F986703FC7689EE11FC03FD03BB47FFFF8A
:2082E000FFFE7DFA7DF2FDE2FFFFFF1FFF0FFF0FFF0FBF76FF37E73FC7FFEFFFFECE3CCC5D
:2083000036D683FF8FFFFFFFFCFCC1C90F0F0F4F0B0FFFFFF0F07070FFFFDCEFDCEFDCAF4E
:20832000DEAFDFDE1F1E1F1EFFFE1FFE3FFC3FFC7FFCF4FCFCFCFCFCFFFFFFFFFCFEFEFE9C
:20834000FEFE1C1C38386060C0C00000000000000000030C131C3738203F3F3F090900009D
:208360000000E416C4369C6C3CCCF898F0F0707060E03B3F3C3C3C3C68687070707070708F
:20838000F0F09FF9DEF9DEF9DCFBDCFB9CF3BEF1BEF1DFA7FF86FFC6FFC4FD46FF447FE4A0
:2083A0007FECBC4FBC4FBC4FBC4F2DDE2DDE2FDC4FBC7C8F7C8F7C8F7C8FFC0F3CCF3CCFAD
:2083C0003ECF19F61DF21EF11FF09778FF10FF30FF30F807E916FD323CF39C7B9C7BEF1C43
:2083E000FF0CFCFFFEFF7EFFFE7FFF7FFF3FFF1FFF0F7FE03FE03FE03DE23FE07F90EF9C23
:20840000EF9D33CF679ECF3DCF3D1BFD19FF33FD07FBBF5EFF9EFFBFBFF39FE7BFC7B7CF93
:20842000EFDFFF1FFF3FFF3FFFFFFFC7FFEFFFFFFFFF668607C707C76F8F7C8D3EC19EE119
:2084400083BB1F1F171F9F9F3F3FAFBFE7FFFFFFFCBCDEAFDFFF9FEF9FEFFFCFFE6EF8707B
:208460007070FFF9FFEFFFCFC3CF838F020E110D710DE3E3F1F1FDFEFDFEFDFFFDFFFDFF86
:20848000FFFE000000008000C000C600C086C8C6C8E60000010103030206040C0C0C181CEB
:2084A0001F1FC0C080800101030303032323FFFFFFFFF0F4F8F8F8F8397919591F1F3E3F0B
:2084C000FCFFBEF1BEF1BEE1BEE13CE33CE739CE7BDC5EAD7E8D7C9B3CD3FC337CB3FC23AC
:2084E000FC634FB84FB8CF309C73BC733CE37CE3D8FF3ECF3ECF7E8F6E9F6E9F7E9FFC1F04
:20850000DC3FFF307F90FF1CFF1EFF1EFF1BFF0BFD0FEF1EF70FF33FF93FF917FC03FC03F2
:20852000FE81FF0FDF27CB37F887FCF3FCFF7EFD7E9FFF9FFFBFEFBF2FDF3FDF3FFF37FFFB
:2085400027DD87FB87F9C7F9E7FBF7FFFFBFF9BFF89FFFC1FFC1FFC3FBF7FAFFFFFEFFFE49
:20856000FFDFF9FFE0DFF8CF38CE30CE30C030D0F0108F8F7FFF13D607E7070707031F1FE2
:208580002F0EF898FB8BFF03E787FFCDED0DFDDDFFDD7372FFF7FFF73FF73FF73FFF3FEFF3
:2085A0007EE6C13DC3BFC3AFD3AFC3FF87FFFEFFFDFFFFFDFFF9FEF8FCF8FCFCF8F8F2F2F8
:2085C000FEFF8A800A00070917091F011709130D1B053F7FFFFFFFFFFFFFCFCF878FFFC7A8
:2085E000DFE7FFFFFFFFFFF3FFF3FFF3CFC9C7C087E0FCFFFCFFFCFFFCFFFDFFFDFFF7FF83
:20860000FF7F7EDD7EF9FCFBF9F6FBF4F7E9EFF1DFE37EE37FE7FF47FFC7F1CEE19E83FC23
:2086200003FCF9FEEFFCDFFE9FFEBF7E877ECF369F63DC3FBC7F9C7F18FF38FF38FFF07F31
:20864000F0FF7F8D7F873FC23FC01FE08FF0CFF0E7F8FF90FF98FF8FFFC7E35CF36CFF786E
:20866000FF3C3FDFBF4F9F67FBE7FBF7FF31FD3BFF1D23DDA3DDEBD4FBC4E3FCF3FCFBF47A
:20868000FBF4FC9FFC9FFCCFFECFFFE7FFE7FFE7EFF7FEDFFDCEFFE0FFE1FFE6F7EFF7EF6D
:2086A000F7CFF030F030E0E0F0F0989898988C8D8C8C270666476666F6D6F3D3F3D3F898F5
:2086C0007989FE9F7EBF7FBF7FFFFCFF647F635F3F0F7FF77FF7FFFFFFFFFFFFFFFC07FC30
:2086E0000FF9FFFFFFFFFFFFDFF6FC98F939F1F3FBFFFEFEBE3EFC6CF8F8F8D8F3B3E3E373
:20870000C7C71F011D070C0304030403070403000302DFE38FF3CFF0CFF0E77BF77B3BFF87
:208720003FFF87F407E407E4CFCCCFCCFFF9FFF1FFC3FF7FFF7DFF73FFF7FFFCFEF9FEF97F
:20874000FCEFFECFFCFFF0CFC33F07FF0FFF1FFF3FFF07F80FF01FE09EE1BCC3FF80F609BC
:20876000C03F9F633FC73FC77F877CAFF87FF0FFE0FFE0FFC1FFC3FF03FF07FF0FFF0FFFF1
:208780001FFFFBFCFCFFFCFF3EFF1EFF0FFF0FFF07FFFF1E3FCFFFFFFFFFFFFFFFFFFFFF31
:2087A0007FFF3FCC1FEE9FE7FFE7FBF7FFFBFFFFFFCFFBFCFBFCFFFCFF7CFFFEFFBEFFFEE4
:2087C000FFFFEFF7E7FEEFF6EFFEEE7FFE7FFE7FFE3FF3CFFB47F35FE15FF679F649F74CD3
:2087E000F5CE8C8C8C8C888919193333E3E3E7E7E7E770C060E0F0F0F8FCFEFE7EFEF9F9CD
:20880000FEFEB0FF60FF606F4067007381F981F980FC10DF30FF30FF30FF30FF20EF60EFEC
:2088200047EF00FF00FF00FF00FF07FF04F80CEC0CCC3F1F7E7E070787878E8F98991F1F32
:208840000707FF03FF03FF03EF07C7C7C7C79F07FF07FF8CFF8CFF0CFF0CFF0CFF0CFF0CF9
:20886000FF0CFF63FF63FF61FF61FF61FF61FF61FF60FF01FE01FF00FF0FFB19F531FF376E
:20888000FF3F99FD93F3FFFFFCFFF0FFD0DFF0FFF0FF0E0F01D101FD01FF01FF01FF00FE1E
:2088A000C1FFF0F738FF8CFFC8FBFCFFF8FBCCCFC6C71B9B33B3A3234343C7C7C7C74F4FD4
:2088C0004F4F3C3C393880818887808F808FE0DFC0DFFF03EF13FF00FF00FF00FF008FF006
:2088E000F7F8FF0CFF0CFF0CFF0CBF4CFF0C7F8C3FCCFF60FF79FF7FFF7FFF7FFF7FFF7FE4
:20890000FF7FFC3CE727AF2FDFDFBFBFFFFFFFFFFFFF707FF0FEF1F97F7F787FF8FFF0FFDD
:20892000C0FFFFFF8F8F03FF00FE00FF00FF00FF00FFE3E3FBFBFDFDFEFEFBFB7D7D3E3E42
:208940001F1F00FF00FF00FF00FF80FF80FFE0FF60FFE0E0E3C37F7F7F7FFFFFFEFE4040C5
:208960000100C0DF706FF06F60EFF06F60FF30FF18FF3FFC87FFF0FFFCFFE407E487F627A8
:20898000FE2FDF2CFF00FF00FE01DFE0FFFC0FFF00FFFF7FFF77FE7EFC60F901F303E70731
:2089A000EF0EFEFEDCDCBCBC7979E3E3D7D7FFFFFFFF003F003F80FFE0FFE0FFF07FB03F13
:2089C000901F8F8FC0C0E0E0F8F8FEFE7F7F1F1F179710D710F300F100F900FF00FF00FFE3
:2089E00000FF880700FF00FF00FF00FF00FF00FF00FF03FF01FF00FF00FF00FF00FF00FFF3
:208A000000FF0FFF00FF00FF00FF00FF00FF00FF00FFE727F737D818FBFBFFFF1FFD1FFCF9
:208A20000EFCFFFCBFBF199958D81FFF1FFF0CFF0CFF00FF00FF01FF01FF00F800FB00FF8F
:128A400000FF1EFE07FF00FF00FF00FF00FF00FF00FF09
:020000040000FA
:202A0100E8FD4B425FF090F800777BE09021002073210500095D541AF80122131A77210775
:202A210000092A4F46F8052A5E87CB136F63092A4F46CB21CB10F8012A666F094D44F807F1
:192A41002A5F56211000E5CDE20FF8007EE0907EEA0020E803E1E804E9BA
:020000040001F9
:208A5200AFEA11D6EA13D62156D636162336D6C90C66503BF8097EB720062B3AB6CA364B61
:208A7200F8072A5F2A574B42D57E5950CDC111D1131379D68078DE00301779B7CA364BF8DD
:208A92000966E533D5672E00E5CD3911E805C3364BC5D5F80D7EF533D5210080E5CD3911EF
:208AB200E805D1C179C6804F78CEFF47210008195D5479D68078DE00303CF8007977D64108
:208AD200301B7EB7285E3EC096F80966E533D5F80366E533F533CD3911E8051847F8007E1C
:208AF200B72841F8097EF533D5F803662E80E5CD3911E805182EC5D5F80D7EF533D52180CF
:208B120080E5CD3911E805D1C179C6804F7AC6085779B7280FF80966E533D5672E00E5CD99
:208B32005311E80533C9E8F2F8142A4F2A477EF533110E00D5210300395D54CDD911F808A7
:208B52007EEAFDD5F8092A4F7E21FED5712377F80B7EEA00D6F80C2A4F7E2101D671237793
:208B7200F8007EEA06D6F8017EEA07D6FA06D66F26002929295D542108D67B2272FA08D6EC
:208B9200EA0CD6FA09D6EA0DD63E05210CD6CB2623CB163D20F5FA07D66F26002929295D80
:208BB20054210AD67B2272FA0AD6EA0ED6FA0BD6EA0FD63E05210ED6CB2623CB163D20F55E
:208BD200F8022A472A4F7EC53347C51E0621654ACD393BE803FAB9C0B72820F8062A4F46CE
:208BF20078B128172B2B3E01E04F7EF533C51E0621654ACD393BE803AFE04FE80EC9E8F433
:208C1200F8132A5F56211100194D44F8157EF533210100395D54CDA111F8002A4F2A477EDE
:208C32005857F8127EF808327922237B227A322B7EF80B7779B720077AB320034F182AF85F
:208C5200092A5F56F8077ECDC11179B7281BF8095E23561313C5F80966E533D5F533F81143
:208C72007EF533CD5311E805C1F80371FAB9C0B7CA3E4DF8132A5F56211400194D44F8159C
:208C92007EF533210100395D54CDA111F8012A4F4678B1CA3E4D2B2B3E01E04F7EF80922F6
:208CB200792278322B7EF80477F80A7EF80577F80B7EF80622233A22237EB7200B23233A2A
:208CD200B620052336001856F8057EF80A77F8067EF80B77F8047EF80A5E2356CDC111F80C
:208CF2000A792270F80A3A2B772A327EB7282A2B2B2B2A5F5621020019E57DF80C77E17CB6
:208D1200F80B77F8047EF533F80B2A5F56D5F80B3A575ED5CD5311E805F8092A2377AFE035
:208D32004FF8037EF80B9630037E1803F8037EE80CC9F8062A4F46210900094D44F8092A12
:208D52005F3A2B577EF533210800E5CDD911C9E8FAF80E2A5F2A574B42D57E5950CDC11198
:208D7200D1F80079221313137B227A2271F80C7EF80477F80D7EF80577F8037EB72848E529
:208D9200CB46E12829F8012A4F2A23472A5F56F8107EF533210800E5CDD911F8012A5F564E
:208DB20021080019E57DF80377E17CF80277F8037ECB3F222A5F5621080019E57DF8067720
:208DD200E17CF8057718B2F8007EE806C9E8AFF8572A4F2A47C57EF533114300D52105002F
:208DF200395D54CDD911C111FAD5F8597E1221FBD5792270F8027EEA14D6F8034E69AF672E
:208E1200237DD6157CDE0030030C18020E152111D671F8047EFE1F38023E1FEA26D9F80552
:208E32007EFE0538023E05EA12D6F8067EFE4038023E40EA10D6F80E7EEA03D6F80F2A4F47
:208E52007E2104D67123771E0121C040CD393BF80B2A472A4F7EC53347C51E0621384BCDF7
:208E7200393BE803F8112A472A4F7E5957C5D5C533D521A0DFE51E0621614DCD393BE80553
:208E9200D1C11378CDC11121B2D971F8142A472A4F7E5957C5D5C533D521B5D9E51E062183
:208EB200614DCD393BE805D1C11378CDC1117921B3D92270111200D5213300394D44112702
:208ED200DACDE20FF8327EB7200F2114D6CB463E022801AFEA15D618052115D63601F829D0
:208EF2002A4F7E21A0D6712377F82B2A4F7E21A4D6712377F82D2A4F7E21A2D6712377F84F
:208F12002F2A4F7E21A6D67123772114D6CB46286A110300D5210A00394D44116BD1CDE2E9
:208F32000FF8082A472A4F7E59572153D13600C533D5AFF5331E0621104CCD393BE8044FBC
:208F5200F80746789138014821EED571F8082A472A4F56215BD1E5210000E57859CD012A9A
:208F7200F8082A472A4F7E114BD1D5C53347C51E0621444DCD393BE80518282153D13E6842
:208F9200EAEED53668110300D501624A116BD1CDE20F111000D5110000D5115BD1D5CDAA6E
:208FB2003AE806FA10D6B72872F81E2A4F7EF84E7123223600FA10D6F85096285EF8507EFD
:208FD200D6402857F81D7EF84E4E2346F533214400395D54CDA1111158D6F8506E26001930
:208FF2004D44FAEED502F8432A472A4F7EC53347C5FAEED5F5331E0621104CCD393BE804B5
:2090120021EED58677F84E2A5F5621030019E57DF85077E17CF84F2234189AF85A7EB7CADD
:209032007552AFEA3BD9EA3AD9110300D5211C00394D44116ED1CDE20FAFEAE7D521DDD587
:209052002277AF21E1D522772145D1CBAE21DFD53E45223ED1322A666F11360019AF227734
:20907200FADFD521E0D5666F11340019FAE1D522FAE2D57721E2D53AB6280F2A666F1136E8
:209092000019FADFD522FAE0D577FADFD5EAE1D5FAE0D5EAE2D51145D1D51E04218953CD29
:2090B200393BE1FA11D6B7CAE252F82046FA11D66F26002B5D5429192919292929E57DF8AA
:2090D2005177E17CF85077F8212A4F7EC533F8505E2356D547117DD1CDD911FA11D63DF82B
:2090F2004E22367D2336D1F84E7EB7CAE252232A5F56211500194D440AF84D77F84F2A5F20
:2091120056210E0019E57DF84877E17CF84777F84F2A5F5621260019E57DF84A77E17CF87D
:209132004977F84F2A5F5621270019E57DF84C77E17CF84B22237EB72842F8462A5F2A57ED
:20915200FAEED5122A5F561AF84D322B2B2A5F561A6F131A5DC5F84F66E53357D5FAEED503
:20917200F5331E0621104CCD393BE8045FC10A4F933801597B21EED586771842F84F2A5FC3
:209192005621260019E57DF84E77E17CF84D77F81D2A472A4F56F84C2A666FE5FA10D6F57D
:2091B200337859CD2A124F2110D69630092158D60600097E1801AFF8465E23666B77F84F79
:2091D2002A5F56211600194D44F8482A5F561AF84D322B2B2A5F561A6F131A5D57C50100A8
:2091F20000C5F8517ECD012AF84F2A4F3A470ACBAF022A5F56213600194D44AF020302F884
:209212004F2A5F56213400194D44FAE1D50203FAE2D50221E2D53AB628257EF84A77FAE27F
:20923200D5F84B322A5F5621360019E57DF84E77E17CF84D322A5F2A23572A12137E12F88C
:209252004F7EEAE1D5F8507EEAE2D5F84E35232A5F5621380019E57DF85177E17CF85077FB
:20927200C3F9502111D67EB7284A017DD17E3DF85077F8507EB7283C211500097EB72829B2
:20929200212600097EF84F77212700092A6E5F55210E00097EC5F85166E533D5F5331E0630
:2092B20021104CCD393BE804C1F85035213800094D4418BEFADDD54F21DED54678B1281075
:2092D200C55950CDE129C1213400092A4F4618EC1E0821796ECD393BFA12D6B7CAAC53F88C
:2092F200267EF84E772112D64E060069602909290929294D44F8277EF84F77F8287EF8504D
:20931200322B1185D72AF533C52A4F46CDD911FA12D6F84E223E852236D7F84E7EB7287A8B
:20933200232A5F56210900194D44F81D7EF84D77F81E2A665F54C5FA10D6F533F8507ECD3D
:209352002A12F84D77F84F2A5F56210D0019E57DF84C77E17CF84B22237E2110D696301A2F
:20937200F84D5E16002158D619E57DF84E77E17CF84D322A5F561A771801AFF84A5E236666
:209392006B77F84E35232A5F56211C0019E57DF85177E17CF85077C32C53FA26D9B7282B83
:2093B200F8237EF84E77FA26D96F26002929294D44F8247EF84F77F8257EF850322B2AF5F4
:2093D20033C52A4F46112ED8CDD9111E08217967CD393B1E0A210043CD393BAF21EBD5220F
:2093F20077F85A7EB7282BF8182A4F4678B128222B2B66AFF533110000D5C5E5331E04212F
:20941200A54CCD393BE80678B1D6013E0017EE011801AFE851C9FAA6054F21A7054621469E
:20943200D1792270FAA8054F21A905462148D179227822FAAA0577FAAE052158D132FAAFD2
:2094520005772154D136002155D136002156D136020145D10ACB87022178D136010ACBDF3B
:2094720002C9F8083A2BF5332A5F56D53E04F533FAEED5F533CD5311E805C9A200000000F6
:2094920000000000000000000000000000241864186C105C204C30502060000100000000BD
:2094B2000000000000010007007F00FE01010003000700FF00FF00FF009F603CC0F50AE72B
:2094D20018E718EE10F800C00080000000BE40F800F0000000000000000000000000000047
:2094F2000000000000000000000300100F00000000000000000F00780700FF03FC000001AB
:20951200000807E61F30FF03FC7E8080004F3EC43F00FF07F87C80F8004000C7008C738E63
:2095320071FF00CF00000003001C03C73F7080E000C0008000FE00817EF9FEE1FE000000CF
:209552000000000000000003000C03710F0000000007001807601FBF7FFEFFFCFF07007F06
:20957200008F7002FDC0FF43FC0CF010E0F609E718EC107880C000000000000000E8000057
:20959200000000000000000000000000000000000000000000000007007907947F0000001F
:2095B2000000000C03720FBC7F81FE718E03001E01E61F03FC0CF0C00000000100EE1F015F
:2095D200FE3EC0C000000007007F070FFF3CC0800000000201F9071FFFFFFFFFFF03000680
:2095F20001730F1FFFFFFFFFFFFFFFFFFFF8073FFFFDFFFFFFFFFFFFFFFFFFFFFFFCFFFC9A
:20961200FFFFFFFFFFFFFFFFFFFFFFFFFFC1FE61FEF9FEFDFEFDFEFDFEE1FEE1FE00000081
:20963200000000010000000300000100000000000000CC241020102310B60020949F7F7FA9
:20965200FFFFFFFFFFFEFFFCFFF0FFE1FEFCFFF8FFC0FF3FC07F807F80EB04FB0400E000BB
:20967200E020C0A040A0408060A040A04000000000000000000000000000000700000000B1
:20969200000000000001000807E81F66F8000000000F00300F87780AF0800007000807F472
:2096B2000F77F8788080000601F30F3FFF0FF0608000000700300F0FFFFFFFFFFF89061489
:2096D2000FF70F7FFFFFFFFFFFFFFFFFFFA01F1FFFFFFFFFFFFFFFFFFFFFFFFFFFFFFFFF1F
:2096F200FFFFFFFFFFFFFFFFFFFFFFFFFFFFFFFFFFFFFFFFFFFFFFFFFFF8FFCFF0FFFFFFBE
:20971200FFFFFFFFFFFFFFC1FE70808000FFFFFFFFFCFFF9FE7E80800000000000FFFFE0C5
:20973200FF0FF0F0000000000000000000E3FC38C0C0000000000000000000000000000092
:2097520001000000000000000000000000805183080004030000000000000000000600335A
:209772004800848700000000000000000004280442008000000000000000000000CFF0DFF4
:20979200E0CFF0E7F827F80FF087F813FCFB040F000D000400040085008300C100A040E0E1
:2097B20000E000C000C000C000C000C0000E07110E0A040B041B07130F1B07130F788080A6
:2097D200007E01DF3FFFFFFFFFFFFFFFFF0B07877F7FFFFFFFFFFFFFFFFFFFFFFFFFFFFF59
:2097F200FFFFFFFFFFFFFFFDFE82FC4080FFFFFFFFFFFFFFFFE0FFFE0104030403FCFFF056
:20981200FFEEF1B3C06280428040808000F9FE46B8800000000000000000000000F000009C
:20983200000000000000000000000000000000000000000300030001000300050200000005
:209852000000000001020000000600010200000000000000984820402046206C007BFCFA47
:20987200FCFAFCF7F8FBFCFAFCF4F8FAFC300038001D00DF009F001E011E01F807C000C066
:2098920000C000C000C00000FF00FF00FF170F170F170F170F100F609F00FF00FFFFFFFFC8
:2098B200FFFFFFF9FF60FF00FF00FF00FFFFFFFFFFFFFFFFFF03FF00FF00FF00FFFEFFFF52
:2098D200FEFDFEF1FEF1FEF0FEE2FCE2FC800000000000000000000000000000000807095D
:2098F200060B043F0077087708330C3B048000800080008000800080008000800000000086
:2099120000000003000300030001020003000000006F00FF009F609D620FF0B840000000C3
:2099320000000000000000000000000F0000000000000007000F0018073807E51A00000093
:20995200001F00E01F817E0FF01EE10FF01906F10EE916C13EC13E21DE11EE49B6000001C2
:2099720000010200000000000000000000000100A206100009070000000000000040280C95
:2099920000669000090E0000000000000000000850088400000000000000000000F7F8FFD6
:2099B200F8F4FBF4FBF0FFF0FFF0FFE8F7D00FC03F00FF00FF00FF00FF00FF00FF00FF003C
:2099D200FF00FF00FF00FF00FF00FF00FF00FF00FF00FF03FC04F804F808F000F100FF00A0
:2099F200FF00FFE01F1C0302010100F80082FC6C804080408000C020C020C0B0403F003F65
:209A120000330C130C3B0426196E117F00F100D3209360926112E112E112E19360C502F409
:209A320003F807E01FC03FE11EC03FCC3F20C0A04020C021C0E9003EC19E611CE3F8078025
:209A52007F02FF00FF34CB609FC03FC43B00FF00FF00FF04FF807F00FF18E73FC006F9037B
:209A7200FC03FC37F80FF016E9C0FFFF0005FA0DF2F906F10EF906F9064E808000000000A6
:209A9200000001020000000600010200010000000000984820402046206C004028E8F7E846
:209AB200F7E8F7F8E7F0EFE0FFF0EFF0EF00FF00FF00FF07F80CF010E020C0608000FF00BC
:209AD200FF00FF807F807F807F403F403F01F109F108F004F804F804F804F804F8F800B8FB
:209AF200C0C83008100810081010206000906090609F60807F88778F709060906000001FE9
:209B120000F70807F80FF008F0000000007F00FF00FF00FF00FF000000000000009060D003
:209B320020F000E000E000000000000000E11E0F000000000000001C0000007F0008F7C0DB
:209B52003F700000000000000078008778FF00608000000000000000000000C000FE000030
:209B720000000007001807271F271F3F1F000000000000F80008F0D0E0D0E0C0F0000000C3
:209B9200000000030001000300070003000100010200000000000000000000000000A206F6
:209BB200100009070000000000000000000C00669000090E000000000000000000085008FA
:209BD20084000000000000000000000000F0EFF0EFE0FFE0FFE0FFE0FFE0FFE0FF4280072E
:209BF20080970007908F108F100F900F90003F403F403F403F403F403F403F403F04F80471
:209C1200F804F80FF000FF00FF00FF00FF000002010807E01F00FF00FF00FF01FFA0402035
:209C3200C010E020F000F000F080F080F000000000000000007F00807FFF7FFF7F00000018
:209C52000000000000FF0001FEC3FCC7F800000C00180008008000800080009800403F5F54
:209C72003F5F3F7E3F3E7F3E7F7F3F7E3FFFFFFFFFEFFF37CF17EF2FFF7FFF3FFF0600DC81
:209C9200C0FC00FC00F000C0000000000038001C009FC01FC0FF00FF00FF004BFCC000C0F4
:209CB20000C000F000FF00BFE037080403C000FC00FF007F803F6007180A0700013E403EB8
:209CD200407E407F407F403F403E40BC40003F201F100F000F0807040300030201FCFFFC3E
:209CF200FFFCFFFCFFFCFFFCFFFEFFFEFF3E407E003E407E407E407E403E40DE60C000C07D
:209D1200004080C080E080F080F08070800F040F040F040F040F048F04870C070C00000069
:209D320000800001010103050203020302759E05020702010301010001000000000101004E
:209D5200000000000000000000C00000C10000000000000000000006030D0A2778BC40BCF9
:209D7200407C40BC405C601C603E403F40000100010001000180018001C201800300FF0059
:209D9200FF80FF80FFC0FFE0FFE0FFF0FF000000000000000000000000030000FF06000040
:209DB200000000000080003FC000FF00FF800000000000000000000100300F807FC0000095
:209DD2000000000100020104030807E01FA2636200130003020203020300000000E418E8EB
:209DF20010E06080800000000000000100FA04F018E030C1E080000000270000FFFE00F8AD
:209E120000E000000000000700F80700FF02FC04F804F800F808F009F011E031C000FF008B
:209E3200FF00FFC0FFFFFFFFFFFFFFFFFF00FF00FF00FF00FFFCFFFFFFFFFFFFFF00FF006B
:209E5200FF00FF00FF00FFFFFFFFFFFFFFFC0300FF00FF02FFFFFFFFFFFFFFFFFF0201F011
:209E72000F00FF00FF00FFFFFFFFFFFFFF00FF00FF00FF00FF00FF00FF7180D0E000FF0030
:209E9200FF00FF01FE38C0000000000000D1001300130019001100310013001300A100643E
:209EB20080A0C0E080A0C0C0804080408040803F1F3F1F3F1F3F1F3F1F3F1F3F1F3F1FE0A0
:209ED200F0E9F0F8F0E8F0FFF0F7F8F6F8F4F86300F100B300030003000300030003000019
:209EF2000000000000000000000000020102040003040000000C000204000200440C2100BB
:209F120030904080408C40D80080501800CC2100000000000000000000000010A01008E04E
:209F3200FFE0FFE0FFE0FFE0FFE0FFE0FFE0FF0F900F900F900F908F108F109F108F1040AF
:209F52003F007F007F007F807F807F8C70600000FF00FF00FF00FF00FF00FF1C03020103BA
:209F7200FF03FF03FF07FF07FF0FFF0FFF0FFFC0F0E0F0E0F0C0F0D0E0F0E0E0F0D0E0BFD7
:209F92007FBF7FBF7FBF7FBF7FFF7FFF7FFF7FE3FCF3FCF0FFF0FFF8FFF0FFF0FFF1FE98B6
:209FB2000098009800980098009800980018007E3F3E7FBE7F3E7FBE7F3E7F3E7FBF7F3F3F
:209FD200FF1FFF1FFF0FFF0FFF0FFF1FFF3FFF408040800080008000804080408000803F6F
:209FF2001F3F1F1F3F5F3F5F3F5F3F5F3F5F3FF4F8F4F8FCF0FCF0FCF0ECF0FEF0FFF00306
:20A01200000300C3004300030003000300E30000120E000000000000000000000000060013
:20A03200121C00000000000000000000000060E0FFE0FFE0FFE0FFE0FFC0FFD0EFC0FF8F59
:20A05200108F108F108F101B8F0380608020C000001F00FF00FF00C3FFFF0000000F000126
:20A0720000F000F800F00031F8C1007C0300FF0FFF0FFF0FFF0FFF0FFF0FFF1FFF1FFFD12D
:20A09200E0D1E0D1E0D1E0C1E0C1E0C1E0C1E07FFF7FFF7FFF78FF1BFC7CF874F870F8F9EE
:20A0B200FEF9FEFDFE718E890603060306070208001800180018001800180018001800FF46
:20A0D2007FFE7FFC7FFC7FFD7EFD7EFD7EFD7E9FFFFFFF07FFF30FFB07F30F877F877F00DC
:20A0F2008000800080088008800880008004807F3F5F3F5F3F7F3F5F3F7F3F3F7F207FEFD2
:20A11200F0E1F0E0F0E0F0E0F0E0F0E8F068907380E300C300030003000300C300C3000034
:20A1320000000000000000000004023408300009000100190005080104008819420024203F
:20A152008000801880B00000A030019842002400000000000000000000204020100000E066
:20A17200FFF0FFF0FFF0FFF0FFF0FFF0FFF0FF3FC000FF00FF00FF00FF00FF00FF00FF80CD
:20A192007F00FF00FF00FF00FF00FF00FF00FF00FF00FF00FF01FF0AF71AE71AE70BF71F14
:20A1B200FF0FFF0FFF0FFF0FFF0FFF00FF8FF0C1E0C1E0C0E1C0E1C0E1C0E100E1E001D072
:20A1D200F8D0F8D0F8F0F8F0F8F0F8F0F8F0F8050205020B060B06010E010E050E050E18D1
:20A1F200001800180000000000000000000000FC7FFD7EFC7FFC7FFD7EFE7FFF7FFF7FF746
:20A212000F877FE71FF30FFB07F70F37CFFFFF0E80048004800C800C800E801C801C80256A
:20A232007A2877277F3F7F3F7F3F7F3F7F3F7FE810E8102EF0E7F0EEF1EDF2E0FFE0FF83B3
:20A2520000C300C300F300F300B300FF003FC000000000F800D02020000000000000001CAB
:20A2720000000000000000000000000000000038000000000000000000000000000000F0A4
:20A29200FFF0FFF0FFF0FFF0FFF0FFF0FFF0FF00FF00FF00FF00FF00FF01FE01FE01FE002C
:20A2B200FF00FF00FF18E78100000010003F1000FF00FF00FF00FF807F601F201F100F23B5
:20A2D200FF3FFF3FFF1FFF1FFF0FFF0FFF07FF88F088F028D04FB010FFE0FFE0FFE0FF20E0
:20A2F200010001000100010CF300FF00FF00FFF0F8F4F8FCF8FBFC3FFF0FFF03FF00FF1729
:20A312000E170E170EEF1EFFFEA0FF80FF00FF0000000001000201100F00FF00FF00FFFF8D
:20A332007FFF7FFF7F07FF00FF00FF00FF00FFFFFFFFFFFFFFFFFF1FFF03FF00FF00FF1E5A
:20A35200801C8008801C801C801E807F800DF23F7F3F7F3F7F3F7F3F7FBF7F07FF01FFEF8A
:20A37200F0EBF0E0FFFFFFFFFFFFFFFFFFFFFFF300830046B8FEFCFEFCF0FFC0FFC0FF0155
:20A39200000001000F100FC03F00FF00FF00FF0CF300FF00FF00FF00FF00FF00FF3AC54048
:20A3B2008000E010E000F000F008F000F804F8F0FFF0FFF0FFF8FFF8FFF8FFF8FFF8FF01CE
:20A3D200FE00FE00FE00FE02FC02FC00FC04F83F101E1C08000000000000000000003010AE
:20A3F2000F000F000F02010000000000007E0004FF00FF00FF00FE621C3C000000000000E4
:20A41200FF00FFFF000000000006000E001F0000FF30CFC4030100000000000F040F04000E
:20A43200FF00FF00FFFF0000000000FF00FF0000FF00FF00FFFF0000000000FE00FF000017
:20A45200FF00FF00FFFF00000000000000030400FF00FF00FFFF000000000000008000006B
:20A47200FF00FF00FFFF00000000000000000000FF00FF00FFE01F1F0000000000000000B3
:20A49200FF00FF00FF00FF807F601F100F090600FF00FF00FF00FF00FF03FC30C000000018
:20A4B200FF00FF00FF01FE18E000000000780001FE04F818E0E000000001000F001F00C15B
:20A4D20000000008003C00FF00FF00FE00FE008478007C423C023C023C023C201E221CF808
:20A4F200FFF8FFF8FFF8FFF8FF78FF38FF7CFF04F800F800F800F800F804F804F800FC7EF8
:20A51200407E407E407E407E407E407E407E407F001F602F303F181F080F080B0C030C009F
:20A5320000C000E300E300FF00FF00FF00BF403F007F00FF00FF00FF10DF008F000F000F30
:20A55200040B040F040B040B04070407040704FF00FF00E000E040E040A040A0408060FFC7
:20A5720000DF000F0003000300030001000700050605060506050603040F040B0C0F08C096
:20A5920000C000E000F000E000F000F800F80000000000000000000000030003000F08003C
:20A5B2000000003F007F00FF00FF00FF00E00000000000E000F800F000F100E70007000344
:20A5D2000007001F007F00FF00C000C000C000F800F800F800E00000000000000000003F7E
:20A5F200003F007E007E007E007E007C00FE00FC00C00000000000000000000000000000DC
:20A612003E413E017E807F807F807F807F403F00000000000000008000800080008000FC75
:20A63200FFFCFFFCFFFEFFFEFFFCFFFCFFFCFF00FC00FC00FC00FC00FC00FC00FC00FC7ECA
:20A65200407E403E403E40BE403E403E403E4007040704070405060106050205020302CF61
:20A67200309A048000800080008000C000C0000F000708070807080B040304030403040713
:20A69200040F040F040F040704070407040F048060DF3FFF00FF00FF00FF00FE0080000EB1
:20A6B20009140B0F191F101F102F102F307C230F0813081F081F00860183008000C00007D4
:20A6D200000502020100000000F000F800F800000000000000C000F000F800F800BCC0045E
:20A6F200000E001E00FE00FA000000000000008000408020C020C000E010E000F000F00272
:20A71200FC02FC02FC02FC00FE01FE01FE01FE020300030101010001000000000000000723
:20A73200040704070407040704030403040502C00080008000800080008000800080001D65
:20A752006678C438C07080E000E000C000C000E000E000F000F0007080F080B1C0A1C1F852
:20A77200007880F8405C403C403C407C80FC007C003C001C201E201E20BEC0FE00FC020021
:20A792000000000000000001000F003F00FF0008F00CF004F804F802FC02FC02FC02FC7CF9
:20A7B2003E8C1E80000080408010E003FC00FFE0F0E000000000001F00601F00FF00FF079E
:20A7D2000C0F04000000000000000080003FC003020102000000000000800030C007F80052
:20A7F200000000F00000F008F004F802FC01FEC427E738FF003CC37C88000000000000BFAB
:20A8120040FF00FF00FA05BA7F58000000FE017F40FFC0FF807D83FFFE0000FF0000FF045D
:20A83200030403000F201F403F807F00FF00FFF0FFF8FFFCFFFFFFFFFFFFFFFFFFFFFF005B
:20A85200FF00FF00FF00FFFFFFFFFFFFFFFFFF00FF00FF00FF00FF00FF00FFFFFFFFFF00FC
:20A87200FF00FF00FF00FF01FFFFFFFFFFFFFF20C01FE000FF00FFF0FFFFFFFFFFFFFF000A
:20A89200FF00FF00FF00FF00FF80FFFFFFFFFF00FF00FF00FF00FF00FF10E0000000000045
:0FA8B200FF02FC18E000000000000000000000A2
:020000040000FA
:207636008E0001FE00FF08F700FFFEFF03FC2304230448B700FF02FD00FFB1FF16F9F0189D
:20765600B75840BF00FF21FFE6FFFFFFC63901000F0018EF00FF6BFF81FFFFFFC73F3707C3
:207676002B0700FF1AE547F081F0E1F0EFF0E0F0E0F021DED629C00003000000990008006A
:207696004D0040BFB54A1800E00000000C000B00EA004DBF8F773F071F0707070707EF0700
:2076B6004F07E3E0E1E0E0E0EFE0FFE0F3ECEFF0FFE0F100C1000000FF00807F3FC0FF0021
:2076D600FF00FF0004000100FF003FC0FF00FF00FF0003002F00FF00FF00FF00FF00FF0069
:2076F600FF008F708F70D9208F70D9208E708478C438FF00FF00FF00FF00FF00F000F000B5
:207716004000FF00FF00FF00E0008000400000000000FF00FF00FF00010000000000000078
:207736000000FF00FF00FF00800000003F003F000000FF00FF00FF0000000000800080003B
:207756000000FF7EBF7E2B7E3C7E287E783E397E2B7EE01CF00CF408F40834082C10EC10D6
:20777600EC100304042300206000102010080004000450BF5F307E306E30287028707E3031
:207796005E3007F89800000002000200000000000000350727072B073F070F070D070F0788
:2077B6000B07E0F0EFF0E4F0E4F0E0F0AFF0E0F0E4F04000E10010001C006D0080000000FD
:2077D60037000800E00080008400F00040004000E40047070707170777073F071F070707AA
:2077F6000707FFE0FFE0FFE0FFE0FFE0FFE0F8E0FFE0F0000000000000008000000078008C
:20781600FF007F00FF00FF000000000000000000FF00FF00FE008000000000000700FF0054
:20783600FF008C70D4288F708478D5288F70D920AF50000000000F00FF00FF00FF00FF0041
:20785600FE0000001F00FF00FF00FF00FF00800000000000FF00FF00FF00FF00E00000009D
:2078760000000000FF00FF00FF000F000F000F000F007F00FF00FF00F80080008000000044
:207896008100FD7EA97E887E287E2A7E6F7EEB7EF17EEC10E418041814081408E418EE1050
:2078B600EE10000400040640064086408640864086405E305F305F300F38003F231C071878
:2078D60007180100BF00840301FEFF00FF00FF00FF003F072F073D072F072B0737070F07B5
:2078F6000F07E0F0E7F0E0F0E7F0E2F0E2F0E7F0E1F02800A8002800870001001100C00071
:207916000300030012001000F800040004001800E000EF074F0747070707170777073F07A7
:207936001F07FFE0FFE0F0E0F0E0F0E0F0E0F0E0E0E0FF00FF00F00000000000000000008F
:20795600C000FF00FF003F000F000000000000000000FF00FF00FF00FF00F8000000000011
:2079760000008778D528CC30D8208C708478D5288E70F800E0000000010001001E00F7001F
:207996000F0000000E003F00E0009F003F00FF00FE0103000700F8001C00FF00FF00FC039E
:2079B60000FFFF00C10013007F00FF00F80730CF0FF0FF00FF00FF00FF00C03F03FC7F806B
:2079D600FF00FB7EAA7FFE7F6BFE7FFEBF7EAB7EFF7E0EF00EF027D8EF10E618E618EC10B8
:2079F600EC1006C06680E000A04001C2028101806100031C330C3F063107011281128013CD
:207A16000291FF00FF00FF00FF00FF80FF00FF40FF400F070B0737072F073F072F072F0777
:207A36003F07E1F0EFF0E0F0E0F0E0F0EFF0E4F0E4F00000990008004D004000E100100024
:207A56001C0000000C000B00EA000800E0008000840007070707EF074F0747070707170725
:207A76007707E0E0E0E0E0E0E0E0E0E0E0E0E0E0E0E0400000000000000000001F003800DB
:207A960010000000010007001F000000C000C000F80000008F00C7000700070007001F0097
:207AB600FF00D4288F708778C5388F7096698E7186797F00FF00F00FC03F00FF00FF0BF445
:207AD600FF00F00F807F00FF03FC0FF03FC0FC03F00F01FE0FF07F80FE01F00F857A13ECA0
:207AF6002BD4FC03E01F817E0FF03FC0FF00FF00DF2000FF00FFFF00FF00FF00FF00FF0080
:207B1600FF007AFF7EFFFF7EFB7EFF7EFF7EFF7EFE7F0CF00CF0CC30DF201EE11AE53CC380
:207B36007A8562010061A04100C30B841B84A3042A01009118811881008920C5A144E205CB
:207B560024C3C07F40FFDF207FA06F903FD037D82FD807FF07FFFF07FF07FF07DF27FF073E
:207B7600FF07F0FFF0FFEFF0EFF0EFF0EFF0E7F8EFF000FF00FFFF00FF00FE01FF00FF00D8
:207B9600FE0107FF07FFF70FF70FF70FF70FF70FF70FE0E0E0E0E0E0E0E0E1E0FFE0FFE021
:207BB600FCE31F001F001F00FF00F807F807C03F00FFFF00FE01E01F00FF02FD3FC03FC07F
:207BD600FF00FE0100FF00FF03FCFF00FF00FF00FF0005F803FC23FC837CAB7CAB7C837C31
:207BF60023FCFF00FF00FF00FF00FF00FF00FF00FF00E11EC738C03FC03FCF30CF30CF305F
:207C1600CF30FF00FF0000FF00FFFF00FF00FF00FF007F80FF0000FF00FFFF00FF00FF005E
:207C3600FF00FE7FFE7F7EFF7EFFFF7EFF7EFF7EFF7E7884F70000FF00FFFF00FF00FF0059
:207C5600FF0008007F0000FF00FFFF00FF00FF00FF000403FF0000FF00FFFF00FF00FF008D
:207C7600FF001EE703FC00FF00FFFF00FF00FF00FF007F877FC707FF07FFFF07FF07FF0787
:207C9600FF07EFF0EFF0F0FFF0FFEFF0EFF0EFF0EFF0F708F70800FF00FFFF00FF00FF00B7
:207CB600FF00F70FF70F07FF07FFFF07FF07FF07FF07E0FFE0FFE0FFE3FCFFFFE0FFE0FF47
:207CD600E0FF07F81FE07F80FF00FFFF00FF00FF00FFFF00FF00FF00FF00FFFF00FF00FFC0
:207CF60000FF43FC6BFC2BFC837CA9FF60FFE8FFEAFDCF30CF30CF30CF30FFFF00FF00FFD6
:207D160000FFFF7EFF7EFF7EFF7EFFFF7EFF7EFF7EFFFF07FF07FF07FF07FFFF07FF07FFC3
:207D360007FFEFF0EFF0EFF0EFF0FFFFF0FFF1FFF3FFFF00FF00FF00FF00FFFFFFFF81FE65
:207D56007F80FF00FF00FF00FF00FFFFFFFFC33CFF00FF07FF07FF07FF07FFFFFFFF07FFFE
:207D7600FF07E0FFE0FFE0FFE0FFE0FFE0FFE0FFE0FF00FF00FF00FF00FF00FF00FF00FFF6
:207D960000FF72FDEAFD7CFFFCFFFCFFFCFFEAFDFCFF7EFF7EFF7EFF7EFF7EFF7EFF7EFFBF
:207DB6007EFF07FF07FF07FF07FF07FF07FF07FF07FFF3FEFDFEFBFCF6F9FFF2EDF6CBFC93
:207DD600FFF8E000C0000000800086018F07870F9F0F0000000000000000FFFFFFFF5DBFFD
:207DF600ED1F370707070707071F0F3F1F3F1F3F1F3FFCFFF8FFFCFFFCFFFCFFFCFFFCFFA0
:207E1600FCFF00FF00FF00FF00FF00FF00FF00FF03FC00FF00FF00FF03FF3FFF3EFF20E0DF
:207E3600FBE0F3F8FBF0E3F0E3F0E3F0E3F0E3F0E3F00DFF651F051FE5BFFFFFFFFFFE0037
:207E56000000E0FFE0FFE0FFE0FFE0FFE0FFFFFFFFFFFCFFFCFFFCFFFCFFFEFFFCFFFEFFF5
:207E7600FEFF00FF00FF00FF00FF00FF00FF7FFF7FFF00FF00FF00FF00FF00FF00FF00FF00
:207E9600FFFF9B00808080808080FF00FF00000100FFE3F0E3F0E3F0E3F0F3F8F3FCF2FD20
:207EB600F0FF0000000000000000000000001CE300FFF7FFFFFFFFFFFFFFFFFFFFFFFFFFD5
:207ED600FFFF7EFFFFFF7FFF7FFF7FFF7FFF7FFF7FFFFFFFFFFFFEFFFFFFFFFFFFFFFFFF2E
:207EF600FFFFFEFFFFFFFDFFFEFFFFFFFFFFFFFFFFFF7FFF7FFF7FFF7FFFFFFFFFFFFFFF90
:027F1600FFFF6B
:020000040001F9
:20A8C1008E00FFFFFFFFFFFFEFFFFFFFEBFFB8FFFBFFFEFFFFFFFFFFDAFFE2FF01FE01FEB7
:20A8E10001FED6FF6BFFFFFFD6FF00FF29D68C738D72B4FF18FF80FF8AF500FF4BB4BF4085
:20A90100F40021FF00FF00FF52AD29D6FF00F20000000BFF01FF01FF906F8877F40B170017
:20A92100000042FF8FFF9FFF1AFF00FFA15ED02F5827D6FF7BFFFFFFD6FF1BFF00FF00FFDA
:20A9410000FFBFFFFFFFFFFFBFFFFFFFB5FF1EFF3FFFEFFFFFFFFFFFEFFFFFFFAFFF26FFC9
:20A96100BFFFFBFFFDFFFFFFFFFFFFFFEBFFBFFFFFFFDFFFFFFFFFFF5EFFFFFFDAFF54AF71
:20A9810004FFF7FFFFFFFFFFFFFFFFFFF6FF6BFF7FFFFDFFFFFFFFFFB5FFFFFFB5FFD8FFB3
:20A9A100FDFFFFFFFFFFFFFFFFFFFFFFEFFF17FFBFFFFFFFFFFFFFFFFFFFFFFFFFFFFFFFF0
:20A9C100FFFFEAFFE0FFE0FFE7F8E5FAE0FFE3FCE3FC2DD200FF00FF807F8C730CF3807F7D
:20A9E1007B846B9400FF00FF06F93EC130CF0CF3FF00A4003EC11EE10CF37C83609F18E7C1
:20AA0100FC03000000FF00FFF00FB14E01FE708F6F90000000FF00FF00FF8778867901FE43
:20AA21007F807D0202FD01FEE11EE01F20DFB04FE01F639CE0FFF8079C630EF30DF30FF0C2
:20AA4100708F25FF80FF70FF00FF00FFC1FE78FFCC3F39FF0FF00FF00CFF04FF807FB807A3
:20AA610000FF68FFB0FFF86780FFE0FF60FF00FF18E743FF00FF00FF00FF50AF08F700FF6A
:20AA810000FF14FF06F90EF1FE01FC0300FF00FF00FFE2FD06F907FB38C7B00F00FF00FF0E
:20AAA10002FF2DFF10FFE0FF20DF609F708F00FF07FCFFFF609F3FC008F700FF00FF01FF82
:20AAC1000FFF5EFFCE3F887F00FF00FF03FF80C07C80DEFF00FF36D84BB028F049A038009C
:20AAE1003D00A3FF01001800E00000000C000B00EA003FFF07073F071F0707070707EF07B2
:20AB01004F07E0FFE0FFFEE1F8E7E0FFE0FFE6F9EFF00FF007F80FF07B84718EF00FFE01ED
:20AB2100FE01837C827DDD22807F1CE300FF00FF03FC04FB04FBBB4403FCFF00F00F10EF24
:20AB410010EF01FE00FFC13ECF30FC030EF11EE11EE1708F00FF9B6400FF7E81708F708F04
:20AB6100788700FF00FF807F30CF3CC33FC03DC23BC4708F78877A8530CF00FF10EFD02FE4
:20AB8100C03F3AC73FC303FC00FF00FF609F3CC300FF00FF38FF837F1DE300FF00FF00FF83
:20ABA100F00F1CE300FF00FF00FF08FF1CE31CE318E703FC00FF09FC72FD728C32CC32CC29
:20ABC100E21CE21DAC4323DD4C800100014628476B04669BE09F3EF9AE713EA167B827F8A3
:20ABE100A778A8FF1CE338C738C718E700FF00FFC03F009F008000800000000000000000F6
:20AC0100000085000500000000003700010001001F00A000A10020000400CF0F08080B08EB
:20AC210099080800E00080008400FFFF0000020000004707070717077707FFFF0707070774
:20AC41000707EFF0E6F9E0FFE0FFE0FFE8F7FFE0FCE37E811EE107F803FC03FC00FFF00FF4
:20AC610010EF07F804FB807F807F8F700CF30CF31CE318E710EF10EF30CF00FF00FF00FFE3
:20AC8100FE01CC33C43BE01FE01F807F00FF07F800FF7887708F609F639C738C0EF100FFC3
:20ACA10000FF3BC43FC07E81F807906F10EF11EE39C6C03F807F07F808F7E01FE01FE31CA3
:20ACC100E31C00FF00FFF807F8071CE304FB01FE807FC03F31CE38C738C730CF00FFF80783
:20ACE100788700FF807F40BF18E71CE31CE318E748B7E618669832CC36C836C87788778868
:20AD010067986B044B041E410E010C83058204824285A37C23FC41BE601F007F203F203FAB
:20AD2100243BF807F00FF00FF00F00FF40BF00FF00FF3000200030002000200030000000CB
:20AD410000002000200020001F000400040037000100080848084808E80818081808C80883
:20AD61000B08200070002000000000000000000002004707E707470707070707070707074B
:20AD81000707E0FFE0FFE0FFE0FFF9E6E6F9E6F9F8E700FF00FF20DF31CEE01F00FF00FFB3
:20ADA10006F918E730CFF00FC13E01FE07F808F700FF837C837C807F807F8C738E718C73A2
:20ADC100F807E01FE01F609F18E700FF07F80FF00FF000FF00FF1CE30FF004FB00FFC03F82
:20ADE100C03F01FE00FF00FFF80738C730CF30CF20DFE11E00FF00FFDC233CC37C83788762
:20AE010030CF807F708F788700FF0EF10EF10EF10EF100FF00FF00FF00FF0FF000FF00FF41
:20AE210000FF00FF00FF4EB19F60C03F00FF00FF19E601FC04F904F935C831CC30CC30CC31
:20AE4100F40880428142E10261826390A354037443B4243B2C334E312E312C333E213EA119
:20AE61009E610FF00FF07F807887788700FF00FF00FF00000000300020003000200020001A
:20AE8100300001001F002000200020001F000400040009089808080848084808E808180F62
:20AEA1001F0F02002000700020000000000000FFFFFF07074707E70747070707070707FFFA
:20AEC100FFFFF8E7F9E6E0FFE0FFE0FFFBE4FFE06BFF8C73FC0300FF00FF00FFFF00FF00F7
:20AEE10000FF00FF00FF00FF00FF00FFE31CFF006E9030CF37C807F807F803FCFF00C000A1
:20AF0100800007F8E01FE01FE01FE01FFF0000000000F00F00FF00FF00FF00FFFF000100BB
:20AF21000000C03F40BF40BF7F8020DF7F80FF005C0301FE00FFF7086F907F80FF00FF00BF
:20AF410000FFE01F00FFFF00FF00FF00FF00FF0000FF00FF00FFFC03FE01FF00FF00ED1200
:20AF610000FF1FE04FB00CF30CF31FE09F609B6404FFF409807CF00CF00CF20CF20C33CCE9
:20AF810040FF47B06790639453A001F241A2CC3370FFBF60D72877A8F728B768C03FCE7F8E
:20AFA10006FFFF00FF00FF00F80700FF00FF1CFF1EFF0000000000000000300020006B940A
:20AFC1008DFF00000F000000240020003700FF008CFF60008300000039002800AD00FF00E0
:20AFE10000FF1800E00000000C000B00EA00FF0000FF3F071F0707070707EF074F07FF0780
:20B001000FFF6BFF6BFF6EFBA8F0F0E0F0E0F0E0F3E005FA00FF25DA00FF60003800300045
:20B02100F0002AD49768F70020C00000200024001F00A500FF008100000000000000E700DC
:20B0410003002900FF00FF00FD025820D4288870D8204A00F7004B00FC000000F300630084
:20B0610070005D02FF00DD02F80702002000FF00F8076B94FF00E916C03F3E000100EF00D9
:20B081004FB04AB5857A4AB500FF0100FF00FF00FF0052AD20DF52AD06FFC300FF00FF00F3
:20B0A100807F807F00FF807F00FFAF7F2E7F3DFE6AFF847B00FF00FF00FF5AFFA15EC10CF4
:20B0C10000FC07FF07FF1FFFFFFFBFC7FF070F07FF078F1E9E1EBE1FBF3FFF7FFF7FFF0064
:20B0E10000001F27073F1737173F1F3F1F3F073F3F0700FF00FF00FF00FF00FF00FFFFFFDF
:20B10100FFFF00FF00FF00FF00FF00FF00FFFCFFFEFF7EFF7EFF7EFF7EFF7EFF7EFFFEFF53
:20B12100FFFF03FC03FF03FF03FF03FC03FC00FCFCFFFF070F070F07271F877F9F7F1FFF5C
:20B141007FFF000000000000000000000000936C00FF07070747074707470747074717EFD8
:20B1610007FFFCFFFEFFFFFFFEFFFFFFFDFFFEFFFFFFFF7F7FFF7FFF7FFF7FFF7FFF7FFF6E
:20B181007FFFFFFFFFFFFFFFFEFFFFFFFFFFFFFFFFFFFFFFFFFF7FFFFFFFFFFFFFFFFFFFCF
:20B1A100FFFF8A0040FF36FF56FF16FF00FF56FF56FF04FF84FF84FF7BFF7AFF38FF31FF1C
:20B1C100D9FFC2FF67FF17FFD2FF65FF40FF88FF22FF82FF05FF20FF60FF60FF18FFD1FFF4
:20B1E100C9FF48FF04FFE5FFE9FFA2FF02FF0CFFCCFFD9FFB0FF20FF00FFE0FFE0FFE0FFB6
:20B2010000FF80FF00FF00FF00FF00FF00FF00FF00FF00FF06FF06FF02FF00FF02FF02FFAB
:20B2210000FF02FF0EFFA6FF22FF08FFC8FFC0FFC4FF00FFC0FF36FFD6FF96FF00FF10FF7F
:20B2410010FF04FF84FF84FF7BFF7AFF20FF01FF50FF82FF67FF17FFD2FF65FF40FF08FFFC
:20B2610022FF00FF05FF20FF60FF60FF18FF11FF49FF08FF60FF60FF0DFF5CFF44FE00FCF3
:20B2810001F931FB02FFA0FF04C7C5DF001F3EFF3EFF22FF14FF54FF00FF1FFF1FFFD1FF4D
:20B2A100CAFF91FF06FF96FF04FF61FF6DFF6DFF00FFD3EFD1FF05FF30FF11FFC1FF16FFB6
:20B2C10016FF44FFB0FFB0FF10FF10FF00FFD0FFD0FF40FF00FF00FF00C000C000C000C0BF
:20B2E10000C000C000FF00FF00000000000000000000000000FF00FF0003000300030003C5
:20B301000003000302FF01FF03FF00FF00FF01FF01FF04FF00FFC0FFD8FF58FF00FF40FFF8
:20B3210060FF62FF60FF60FC00F800F000C080C000C000C402FF007F143F051F000F00011E
:20B341000001000104FF04FF00FF05FF08FF00FFC2FF90FF06FF96FF04FF21FF6DFF6DFFF6
:20B3610000FF13EF30F720F348FB40FB40F836FF56FF16FF38FF8BFF93FF23FF041F84DF41
:20B381005BDF42C311FFEDFFECFFE9FF67FF17FFD2FF65FFC3FFDBFF19FF40FF05FF20FFD7
:20B3A10060FF60FF50FF03FF6BFF63FF04FFE5FFE9FFA2FF10FF90FF90FF80FFB0FF20FFC7
:20B3C10000FFE0FF00C000C000C000C000C000C000C000C00000000000000000000000008E
:20B3E100000000000003000300030003000300030003000304FF03FF03FF03FF06FF06FF21
:20B4010002FF00FF03FFC7FFC2FFC0FF04FFA4FF20FF00FF40C400C400C440FE40FE00FE19
:20B4210002FE82FE103000300030203E043E043F181F081F103F213F081F090F020F000F9C
:20B44100C0FF01FF83FF9BFF19FF00FF05FF20FF60FF60FF00FF56FF56FF04FF60FF60FFAE
:20B4610000E05CFF38F931FDD8FCC2FE02FEA0FE0000C5DF40FF88FF22FF82FF14FF54FF8D
:20B48100FFFF1FFF18FFD1FFC9FF48FF06FF96FFFFFF61FF02FF0CFFCCFFD9FFD1FF05FF1E
:20B4A100F0FF11FFE0FFE0FF00FF80FFB0FFB0FF10FF10FF02FF02FF00FF02FF02FF01FFD1
:20B4C10003FF00FFC8FFC0FFC4FE00FE00FEC0FED8FC58FC00C010DF101F04FF40C040C05F
:20B4E100000000070000011F101F021F00010000000080F0407F000720F900FD04FD047D05
:20B50100003C050F18FF11FF49FF08FF06FF96FF041F01DF44FF03FF03FF31FF20E308C87D
:20B521004CDF40DF80DF1EDF1EDF02C730F7031793D703D71FFFD1F7828799BF19BF8587EE
:20B54100E4F7E1F76DFFEDFF1EFFD3EFC3FFDBFF19FF40FFDDFF17FF16FFC4FFFFFF03FF43
:20B561006BFF63FF00FFD0FFD0FFC0FF90FF90FF90FF80FF00C000C000C000C000FF00FF78
:20B5810000FF00FF000000000000000000FF00FF00FF00FF000300030003000300FF00FFA6
:20B5A10000FF00FF00FF01FF01FF04FF04FF03FF03FF03FF00FC40FC60FC60FC00FCC0FCD9
:20B5C100C0FCC0FC00070007025F207F207F207F087F003F80FC1CFE04FF00FF10FF02FF38
:20B5E10002FF21FF080F00078287808700C301C300C3E1E34DDF0D9F00BF13AF83BF1B7FB8
:20B60100197F007F001F16DF56DF06CF00EF56F752F300FB84C784FF7BFF7AFF38FF31FF50
:20B62100D9FFC2FF60F017FFD2FF65FF40FF88FF22FF82FF057F20FF60FFE0FF98FFF1FF05
:20B64100FDFF4AFF00C000C000C000C000C000C000C018C0000003001E013F0F2F1F370F88
:20B66100700FF8070000F8000EF0F9FEFEFFFFFF1CFF00FF00000703070307034783478397
:20B68100478345831F00FFFFFFFFFFFFF8FFE7F8CFF0DFE0FF00FFFFFFFFFFFF0FFF837FA1
:20B6A100E01FF00FFF00FFFFFFFFFFFFFFFFFFFF2FDF669FE003D0E3D0E3D0E3D0E3F0E301
:20B6C100F8E318E3C4FCA4FC20FE00FEC8FFC0FFC4FF00FF0B3F00070207020700C600C7DF
:20B6E10000C000C004FF04FF18FF68FC010101F10000000020E000C38083010300870A8F6A
:20B70100020F000F057F20FF60FF60FF18FF31FF49FF08FF60FD60FD0CFC5CFF44FF03FFAF
:20B7210003FF31FF02FFA0FF1018C1DB80C33EFF3EFF22FF14FF54FF007F1FFF1FFFD1FFA3
:20B74100CAFF91FF1DC01FC01FC00FC007C007C007C006C1807F00FF807FC03FE01FF00F0F
:20B76100F807FC0310EF1EE13FC01FE03FC03FC07F803FC0618331C311E38C738D738D7307
:20B781008D730DF3EFF0E7F833FC3EFF1EFF06FF80FFE3FCF00FF00FE01F00FF0FF05FA004
:20B7A100FF00FF0026DF00FF00FF00FF00FF00FF01FE837C18E318E318E308F308F308F3AA
:20B7C10018E3F80340C060FF01FF00FF00FF80FF02FF20FF000000F110F181F181F110F19F
:20B7E10000F100F1060F06BF008105FD08FD00FDC0E180CF30FF2CFF4CFF40FF40FF36FFBF
:20B8010056FF16FF38FF8BFF93FF23FF84FF84FF7BFF7AFF06C102C102C103C01FC011CF80
:20B821000EC103C0FC033EC101FF00FF0FF0FFFF40FFFF0000FF00FFF9FF06F9E71818FF32
:20B841000FFFF00F0DF30DF3F5FB15FBC63916F9F6F906F9F3FCFFFCFCFF649F9906609F58
:20B86100FFFFFFFFCF308F7000FF00FFFF0000FFFFFFFFFF837C867801FE70FF17F812FD4C
:20B88100FFFFFFFFF8030003F80360FB00FB04FBF4FB9CE301FFC1FFC2FFC0FF04FFA4FF09
:20B8A10020FF00FF20FF20FF08FF40F840F800F802FE82FF10F100F100F100000000000058
:20B8C10010710001109F213F087F010702070007C0FF01FF83FF9BFF19FF00FF05FF20FF22
:20B8E10060F860FB00FF56FF56FF04FF60FF60FF0DFF5CFF38FF31FFD9FFC2FF02FFA0FC26
:20B9010000E0808040FF88FF22FF82FF14FF00000000000018FFD1FFC9FF48FF06FF0000D0
:20B921000000000002FF0CFFCCFFD9FFD1FF05FF101F010F00C000C000FF00FF00FF00FFC8
:20B9410000C000C03F00000000FF00FF00FF00F007030703FF00000000FF00FF00FF00002A
:20B9610080C0C000FF00000000FF00FF00FF000000000000FF00000000FF00FF00FF007F4F
:20B9810000000000F803000300FF00FF00FF00FF0303000302FF02FF07FF3AFF22FF41FF01
:20B9A100C3FF00FF94FFD4FFFCFC1DFD1DFDC1E10A0F91FF30FF2CFF4CFF40FF40E036FEB0
:20B9C10054FC02E310F0ECFEECFEE9FF67FF17FFD2FF65FF10FE90FE90FE80FEB0FE20FE50
:20B9E10000FEE0FE1FFF03FF01FF07FFFFFFFFFFFFFFFFFF0FF0EF1007F803FC00FF3FFF13
:20BA01003EFF00FF1FFFCF3FCE3FC13EF70800FF03FFCFFFFCFFFCFFFCFF7CFFFEFF7EFFFD
:20BA2100FEFFFEFF11F7D1F7C6F7C6F702F3A2FB20F908FDC3FFDBFF19FF40FF04FF20FFFC
:04BA410060FF60FF43
:20C000008900C8FFC0FFE6FF00FF00FFC0FFD8FF58FF00FF10FF30FF04FF60FF60FF01FF43
:20C0200000FF20F101F150F080F100F100FF9FFF87FF40FF08FF223F00DF04DF04DF40C0ED
:20C0400005FF10F301E749EF08CF06DF96DF041F21FF44FF00FC00FC30F820E020E040C1E1
:20C0600040C30000000008080018387888F890F820F81F7F113F0A3F113F111F0D1F0C0FC7
:20C08000090F008060E000F8D3EFC3FFDBFF19FF40FF01030001000040E050F000FC6AFE52
:20C0A00062FE00FFD0FFD0FF003F103F103F103F001F06030702070207020003010203000B
:20C0C0000001E00000002000000000000000000080000003000300030003000303030203C5
:20C0E000020300FF01FF01FF04FF3FFFE3FF03FF03FF00FF73FF7EFFFAFF99FFD1FFC6FF01
:20C10000C6FFFCFFE3FF03FF31FF30FF2CFFCCFFC0FF8EFF3EFF3EFF2AFF38FF8BFF9BFFDC
:20C120002BFF9FFFD1FFCAFFB1FF31FFFDFFFCFFF9FF6DFF6DFF00FFD3EFC3FFDBFF19FF82
:20C1400040FF008306870687068F000F060F060F041F80F880F878F870F030F030F0D1F150
:20C16000C0E103030383C2C361E340E180E120E180E005FF20FF60FF60FF18FFD1FFC9FF56
:20C18000000704FEE4FEE9FFA2FF02FF0CFFCCFFD8FE101F000F000F000F000F000F001FE5
:20C1A000001F06030000000000000402060004000106000000000000000000004000000000
:20C1C0000000502F327F727F637FE67BFF7F9F7F0000FF0017EFFF070BFFB54BFFFFFDFF50
:20C1E0000000000000008000808080808080808000000203000300030003000300030003A8
:20C2000000030EFFA6FF22FF08FFCAFFD1FFC7FF1DFFCFFF3EFFFEFFB6FF20FFF6FF56FFA0
:20C2200004FFFCFF84FF7BFF7AFF38FF31FFD9FFC2FF7FFF17FFD3FF65FF40FF88FF22FFD9
:20C2400082FF05FF20FFE0FF60FF18FFDFFFC9FF48FF000F000F0C8C04840484008403C3E8
:20C2600001C300E1808000000000000706070687028F00000000000018181CFCD0FCC8FC0F
:20C2800090FE06070607047F617F2D3F2D3F003F130FD0FE04FE30FE10F8C0F810F010F09C
:20C2A00040E0101F101F103F103F003F103FD0FF40FF060006070F070F070F070F07070F45
:20C2C00008070000600030E0E3FCFFFFBDE2E4FB00FF000000000307DE3FFFFF8001B845E2
:20C2E00000FF00005C30FF77F33FFFFFDF3FFFFF3FFF000000008000F33FFFFFDFFFFFDF47
:20C30000DFFF0000000000008000008000800080008008FFCCFFFDFFDCFF80FFF0FFF2FFB7
:20C32000FAFF60FF60FF0DFFDCFFC4FF83FF03FF31FF02FFA0FF14FFC5FF80FF3EFF3CFC7D
:20C3400020F114FF54FF00FC1DFD01E1919F4A7F91FF06FF96FF000061FF6DFF6DFF00FF14
:20C36000D3EF20E120E140E140F040F030F050F810F8088F83878387038784C704473B3FC3
:20C380000A0F10FEECFEECFFE9FF67FF17FFD2FF65FF031F1B1F191F000F050700030082D4
:20C3A00040C040E101E143C3038304870507090F021F00FF00FF00FF00FF00C000C000C0E2
:20C3C00000C000F000FF00FF00FF0000000000000000000000FF00FF00FF000000000000B3
:20C3E0000000007F00FF00FF00FF000000000000000000FF00FF00FF00FF000300030003BC
:20C40000000399FFD1FFC6FFC6FFFFFFA6FF22FF08FF30FF2CFFCCFFC0FFC0C016DFDFDF45
:20C4200096DF30F783E793DF23BF043F84FFFBFF7FFF11FFEDFFECFFE9FF67FF17FFD2FF48
:20C44000E5FF00FC56FE56FF04FF60FF60FF0DFF5CFF000701018080C0C000F0A0FC14FF03
:20C46000C5FF40FF88FF227F00000000000000FF1FFF00E0C0E0808000000203060F04FFD7
:20C4800061FF023F0C3F4C7FD9FFD1FF05FF30FF11FF0000000000000000000000000000FA
:20C4A000010000000100030007001906201F8C730CF31F00C837F807D02FE61900FF1FFFDC
:20C4C00024DB0000718007F803FC0FF0788797EFF807000000008000C000C00038C0DEE035
:20C4E0001FE0CAFFD0FFC5FF11FF00FFCCFFDDFF5CFF00C750F954FC04FE60FF60FF0DFFA4
:20C50000DCFF38FF31FFD9FF427F027FA0BF0080C5FF7FFF88FF22FF82FF14FF54FF007F90
:20C520001F7FFFFFD1FFC9FF48FF06FF96FF04FF61FF44FF03FF03FF31FF30FF2CFF4CFF67
:20C5400040FF80FF3EFF3EFF22FF38FF8BFF93FF23FF1FFFD1FFCAFF91FF11FFEDFFECFFDF
:20C56000E9FFC1FF16FF16FF44FF50FF03FF6BFF63FF00FFD0FFD0FF40FF10FF90FF90FF80
:20C5800080FF020104030403040304030201010001001CE31CE31EE11FE03FC0F807F807FF
:20C5A000FC033FC07F805FA09F6007F800FFC0FFFFFFFF00FF00FF00FF00FF0001FEE3FCEC
:20C5C000C7F8F30CFF00FF00FF00FF00F906F10EF90680008000C000C00080008000000024
:20C5E000C00000FF70FF72FF7AFF19FFD1FFC6FFC6FFC4FF83FF03FF31FF30FF2CFFCCFF15
:20C60000C0FF1F3FC1CFC0E191FD11FDECFCECFFE9FF6DFF6DFF00FFD3EFC3FF5B7F197FA8
:20C62000407F84FF84FF7BFF7AFF38FF31FFD9DFC2DF00C000C000C000C000C000C000FF03
:20C6400000FF08070000000000000000000000FF00FF3DC3FF00000000000000000000FFD0
:20C6600000FFFFFFFF00000000000000000000FF00FFBFC0FC00000000000000000000FF46
:20C6800000FFC7000000000000000000000000FF00FF00000000000000000000000000FFD7
:20C6A00000FF00030003000300030003000300FF00FF0EFFA6FF22FF08FFCAFFD0FFC5FF35
:20C6C00013FFC0FF36FFD6FF96FF00FE54FC54FDFCFC8FFF8CFF7BFF0287303130FCD8FED4
:20C6E000FEFEFFFF17FFD2FF65FF40FF88FF22FF82FF070721F760F760F710F7C1E7C9EF52
:20C7000048EF60FF60FF0DFF5CFF44FF03FF03FF31FF02DF80DF00C0C5FF80FF3EFF3EFF89
:20C7200022FF14FF54FF001F0FEF17F7D1F7C2F791F7B0FFB0FF10FE10FE00FED0FED0FE2A
:20C7400040FE00FF00FF00000300030003000300070000FF00FF0000E01FC03F817F817F8E
:20C760001FFF00FF00FF000000FF9FFFFFFFFFFFFFFF00FF00FF00003FC087F8E0FFF8FFB4
:20C78000F3FC00FF00FF0000FF000FF007F87F80FC0300FF00FF0000FF00FC03E11F1FFF97
:20C7A0003FFF00FF00FF0000FF0007F8F0FFFFFFFFFF00FF00FF0000FF00FF000FF0F1FE6A
:20C7C000FCFF02FF01FF3F3F003F003F813F813F843F04FFCCFFF0F054F700F770F772F75E
:20C7E00072F764FE64FE0000DCFDC4FC83FF03FF31FF02FEA0FE0404C5F5000130F13CFC05
:20C8000022FF06EF86EF040F61FF6DFF6DFF00FFD3EF38FF8BFF93FF23FF041F84FF7BFFEC
:20C820007AFFC3FFDBFF19FF407F051F00DF40DF40DF0E010C031C033807720F730F671FC6
:20C84000730FF8FFF8FFFCFFFEFFF0FFF0FFF8FFFEFF1C0307000100FF000FF000FF00FF7B
:20C8600000FFFFFFFFFF03FF807F807F00FFF0FFC1FF843F833F833F833F863F863F823FBB
:20C88000803F30FF2CFFCCFFC0FFC0FF36FFD6FF96FF000000000000000000000000000097
:20C8A000000000000000000000000000000000000000000000000000000000000000000078
:20C8C000000000000000000000000000000000000000000000000000000000000000000058
:20C8E000000000000000000000000000000000000000000000000000000000000000000038
:20C90000000000000000000000000000000000000000000000000000000000000000000017
:20C920000000000000000000000000000000000000000000000000000000000000000000F7
:20C94000000808080808080808080808000808000000000808080808080808080808080807
:20C960000008080808080008000808080808080808080808000808080808080000080808E7
:20C980000808080808080800080808080808080800080808080008080808080000080808BF
:20C9A0000808000000080808080808080808080800080808080808000008080808080008AF
:20C9C00000000000080808080808080800080808080808080800000808080808080808088F
:20C9E0000808080800080008000800000800080008000800080008000000000000000000CF
:20CA0000000000000000000000000000000000000000000000000000000000000000000016
:20CA20000000000000000000000000000000000000000000000000000000000000000000F6
:20CA40000000000000000000000000000000000000000000000000000000000000000000D6
:20CA60000000000000000000000000000000000000000000000000000000000000000000B6
:20CA8000000000000000000000000000000000000000000000000000000000000000000096
:20CAA0000000000000000000000808080808080808080808000808000000000808080808E6
:20CAC000080808080808080800080808080800080008080808080808080808080008080876
:20CAE00008080800000808080808080808080800080808080808080800080808080008085E
:20CB000008080800000808080808000000080808080808080808080800080808080808004D
:20CB200000080808080800080000000008080808080808080008080808080808080000083D
:20CB400008080808080808080808080800080008000800000800080008000800080008002D
:20CB60000000000000000000000000000000000000000000000000000000000000000000B5
:20CB8000000000000000000000000000000000000000000000000000000000000000000095
:20CBA000000000000000000000000000000000000000000000000000000000000000000075
:20CBC000000000000000000000000000000000000000000000000000000000000000000055
:20CBE000000000000000000000000000000000000000000000000000000000000000000035
:20CC00000000000000000000000000000000000000080808080808080808080800080800AC
:20CC2000000000080808080808080808080808080008080808080008000808080808080824
:20CC40000808080800080808080808000008080808080808080808000808080808080808F4
:20CC60000008080808000808080808000008080808080000000808080808080808080808EC
:20CC80000008080808080800000808080808000800000000080808080808080800080808DC
:20CCA0000808080808000008080808080808080808080808000800080008000008000800BC
:20CCC000080008000800080000000000000000000000000000000000000000000000000034
:20CCE000000000000000000000000000000000000000000000000000000000000000000034
:20CD0000000000000000000000000000000000000000000000000000000000000000000013
:20CD20000000000000000000000000000000000000000000000000000000000000000000F3
:20CD40000000000000000000000000000000000000000000000000000000000000000000D3
:20CD600000000000000000000000000000000000000000000000000000080808080808087B
:20CD80000808080800080800000000080808080808080808080808080008080808080008CB
:20CDA00000080808080808080808080800080808080808000008080808080808080808009B
:20CDC00008080808080808080008080808000808080808000008080808080000000808088B
:20CDE000080808080808080800080808080808000008080808080008000000000808080873
:20CE000008080808000808080808080808000008080808080808080808080808000800083A
:20CE20000008000008000800080008000800080000000000000000000000000000000000BA
:20CE40000000000000000000000000000000000000000000000000000000000000000000D2
:20CE60000000000000000000000000000000000000000000000000000000000000000000B2
:20CE8000000000000000000000000000000000000000000000000000000000000000000092
:20CEA000000000000000000000000000000000000000000000000000000000000000000072
:20CEC000000000000000000000000000000000000000000000000000000000000000000052
:20CEE000000808080808080808080808000808000000000808080808080808080808080862
:20CF0000000808080808000800080808080808080808080800080808080808000008080841
:20CF2000080808080808080008080808080808080008080808000808080808000008080819
:20CF4000080800000008080808080808080808080008080808080800000808080808000809
:20CF60000000000008080808080808080008080808080808080000080808080808080808E9
:20CF8000080808080008000800080000080008000800080008000800000000000000000029
:20CFA000000000000000000000000000000000000000000000000000000000000000000071
:20CFC000000000000000000000000000000000000000000000000000000000000000000051
:20CFE000000000000000000000000000000000000000000000000000000000000000000031
:20D00000000000000000000000000000000000000000000000000000000000000000000010
:20D020000000000000000000000000000000000000000000000000000000000000000000F0
:20D04000000000000000000000080808080808080808080800080800000000080808080840
:20D060000808080808080808000808080808000800080808080808080808080800080808D0
:20D080000808080000080808080808080808080008080808080808080008080808000808B8
:20D0A0000808080000080808080800000008080808080808080808080008080808080800A8
:20D0C000000808080808000800000000080808080808080800080808080808080800000898
:20D0E000080808080808080808080808000800080008000008000800080008000800080088
:20D10000000000010203040506060606060606060708090A0B0C0D0E0F10111213141414EB
:20D1200014141415161718191A1B1C1D1E1F2021222323232323232425262728292A2B2CF8
:20D140002D2E2F3022232323232323243132333435363738393A3B3C3D3E3E3E3E3E3E3F7F
:20D160004041424344454647484904054A4B4C4D4E4F5051075253545556575859101112A7
:20D180005A5B5C5D5E5F606116176263641B65661E1F20216768696A6B6C6D6E256F707120
:20D1A0007273747576777830797A7B7C7C7C7D7E7F000102030405060708090A220B0C231D
:20D1C0002323230D0E0F10111213141516171819221A1B1C1D1E231F072021222324252603
:20D1E0002728292A222B2C2D2E2F3024163132333435363738393A213B3C3D3D3D3D3E3F00
:20D2000025404142431F44454647483022494A4B4C4D2324314E4F505152535455135657D9
:20D220002258595A5B5C5D24405E5F546061006202030405636465666768696A076B6C6D88
:20D240006E6F7071721011737475767778797A7B7C7D7E7FB6B7B7B8B8B920B9BABABBBB48
:20D26000BCBCBDBDBEBEBF661EBF00010203040506060606060606060708090A0B0C0D0EAB
:20D280000F1011121314141414141415161718191A1B1C1D1E1F202122232323232323244A
:20D2A00025262728292A2B2C2D2E2F3022232323232323243132333435363738393A3B3CCA
:20D2C0003D3E3E3E3E3E3E3F4041424344454647484904054A4B4C4D4E4F5051075253543C
:20D2E00055565758591011125A5B5C5D5E5F606116176263641B65661E1F20216768696A00
:20D300006B6C6D6E256F70717273747576777830797A7B7C7C7C7D7E7F0001020304050612
:20D320000708090A220B0C232323230D0E0F10111213141516171819221A1B1C1D1E231F1F
:20D3400007202122232425262728292A222B2C2D2E2F3024163132333435363738393A218A
:20D360003B3C3D3D3D3D3E3F25404142431F44454647483022494A4B4C4D2324314E4F50EF
:20D3800051525354551356572258595A5B5C5D24405E5F54606100620203040563646566B5
:20D3A0006768696A076B6C6D6E6F7071721011737475767778797A7B7C7D7E7FB6B7B7B82E
:20D3C000B8B920B9BABABBBBBCBCBDBDBEBEBF661EBF00010203040506060606060606066A
:20D3E0000708090A0B0C0D0E0F1011121314141414141415161718191A1B1C1D1E1F2021AD
:20D40000222323232323232425262728292A2B2C2D2E2F3022232323232323243132333414
:20D4200035363738393A3B3C3D3E3E3E3E3E3E3F4041424344454647484904054A4B4C4D54
:20D440004E4F50510752535455565758591011125A5B5C5D5E5F606116176263641B656680
:20D460001E1F20216768696A6B6C6D6E256F70717273747576777830797A7B7C7C7C7D7E25
:20D480007F000102030405060708090A220B0C232323230D0E0F101112131415161718191A
:20D4A000221A1B1C1D1E231F07202122232425262728292A222B2C2D2E2F302416313233DB
:20D4C0003435363738393A213B3C3D3D3D3D3E3F25404142431F44454647483022494A4BEA
:20D4E0004C4D2324314E4F5051525354551356572258595A5B5C5D24405E5F5460610062F6
:20D5000002030405636465666768696A076B6C6D6E6F7071721011737475767778797A7BFE
:20D520007C7D7E7FB6B7B7B8B8B920B9BABABBBBBCBCBDBDBEBEBF661EBF00010203040566
:20D5400006060606060606060708090A0B0C0D0E0F10111213141414141414151617181907
:20D560001A1B1C1D1E1F2021222323232323232425262728292A2B2C2D2E2F30222323231E
:20D58000232323243132333435363738393A3B3C3D3E3E3E3E3E3E3F404142434445464764
:20D5A000484904054A4B4C4D4E4F50510752535455565758591011125A5B5C5D5E5F606193
:20D5C00016176263641B65661E1F20216768696A6B6C6D6E256F7071727374757677783065
:20D5E000797A7B7C7C7C7D7E7F000102030405060708090A220B0C232323230D0E0F101188
:20D600001213141516171819221A1B1C1D1E231F07202122232425262728292A222B2C2D2A
:20D620002E2F3024163132333435363738393A213B3C3D3D3D3D3E3F25404142431F444530
:20D640004647483022494A4B4C4D2324314E4F5051525354551356572258595A5B5C5D2403
:20D66000405E5F546061006202030405636465666768696A076B6C6D6E6F707172101173E5
:20D680007475767778797A7B7C7D7E7FB6B7B7B8B8B920B9BABABBBBBCBCBDBDBEBEBF6635
:20D6A0001EBF00010203040506060606060606060708090A0B0C0D0E0F1011121314141469
:20D6C00014141415161718191A1B1C1D1E1F2021222323232323232425262728292A2B2C53
:20D6E0002D2E2F3022232323232323243132333435363738393A3B3C3D3E3E3E3E3E3E3FDA
:20D700004041424344454647484904054A4B4C4D4E4F505107525354555657585910111201
:20D720005A5B5C5D5E5F606116176263641B65661E1F20216768696A6B6C6D6E256F70717A
:20D740007273747576777830797A7B7C7C7C7D7E7F000102030405060708090A220B0C2377
:20D760002323230D0E0F10111213141516171819221A1B1C1D1E231F07202122232425265D
:20D780002728292A222B2C2D2E2F3024163132333435363738393A213B3C3D3D3D3D3E3F5A
:20D7A00025404142431F44454647483022494A4B4C4D2324314E4F50515253545513565734
:20D7C0002258595A5B5C5D24405E5F546061006202030405636465666768696A076B6C6DE3
:20D7E0006E6F7071721011737475767778797A7B7C7D7E7FB6B7B7B8B8B920B9BABABBBBA3
:20D80000BCBCBDBDBEBEBF661EBF00010203040506060606060606060708090A0B0C0D0E05
:20D820000F1011121314141414141415161718191A1B1C1D1E1F20212223232323232324A4
:20D8400025262728292A2B2C2D2E2F3022232323232323243132333435363738393A3B3C24
:20D860003D3E3E3E3E3E3E3F4041424344454647484904054A4B4C4D4E4F50510752535496
:20D8800055565758591011125A5B5C5D5E5F606116176263641B65661E1F20216768696A5A
:20D8A0006B6C6D6E256F70717273747576777830797A7B7C7C7C7D7E7F000102030405066D
:20D8C0000708090A220B0C232323230D0E0F10111213141516171819221A1B1C1D1E231F7A
:20D8E00007202122232425262728292A222B2C2D2E2F3024163132333435363738393A21E5
:20D900003B3C3D3D3D3D3E3F25404142431F44454647483022494A4B4C4D2324314E4F5049
:20D9200051525354551356572258595A5B5C5D24405E5F546061006202030405636465660F
:20D940006768696A076B6C6D6E6F7071721011737475767778797A7B7C7D7E7FB6B7B7B888
:20D96000B8B920B9BABABBBBBCBCBDBDBEBEBF661EBF000000000000000000000000000003
:20D98000000000000000000000000000000000000000000000000000000000000000000087
:20D9A000000000000000000000000000000000000000000000000000000000000000000067
:20D9C000000000000000000000000000000000000000000000000000000000000000000047
:20D9E000000000000000000000000000000000000000000000000000000000000000000027
:20DA0000000000000000000000000000000000000000000000000000000000000000000006
:20DA20000000000000000000000000000000000000000000000000000000000000000000E6
:20DA40000000000000000000000000000000000000000000000000000000000000000000C6
:20DA60000000000000000000000000000000000000000000000000000000000000000000A6
:20DA8000000000000000000000000000000000000000000000000000000000000000000086
:20DAA000000000000000000000000000000000000000000000000000000000000000000066
:20DAC000000000000000000000000000000000000000000000000000000000000000000046
:20DAE000000000000000000000000000000000000000000000000000000000000000000026
:20DB0000000000000000000000000000000000000000000000000000000000000000000005
:20DB20000000000000000000000000000000000000000000000000000000000000000000E5
:20DB40000000000000000000000000000000000000000000000000000000000000000000C5
:20DB60000000000000000000000000000000000000000000000000000000000000000000A5
:20DB8000000000000000000000000000000000000000000000000000000000000000000085
:20DBA000000000000000000000000000000000000000000000000000000000000000000065
:20DBC000000000000000000000000000000000000000000000000000000000000000000045
:20DBE000000000000000000000000000000000000000000000000000000000000000000025
:20DC0000000000000000000000000000000000000000000000000000000000000000000004
:20DC20000000000000000000000000000000000000000000000000000000000000000000E4
:20DC40000000000000000000000000000000000000000000000000000000000000000000C4
:20DC60000000000000000000000000000000000000000000000000000000000000000000A4
:20DC8000000000000000000000000000000000000000000000000000000000000000000084
:20DCA000000000000000000000000000000000000000000000000000000000000000000064
:20DCC000000000000000000000000000000000000000000000000000000000000000000044
:20DCE000000000000000000000000000000000000000000000000000000000000000000024
:20DD0000000000000000000000000000000000000000000000000000000000000000000003
:20DD20000000000000000000000000000000000000000000000000000000000000000000E3
:20DD40000000000000000000000000000000000000000000000000000000000000000000C3
:20DD60000000000000000000000000000000000000000000000000000000000000000000A3
:20DD8000000000000000000000000000000000000000000000000000000000000000000083
:20DDA000000000000000000000000000000000000000000000000000000000000000000063
:20DDC000000000000000000000000000000000000000000000000000000000000000000043
:20DDE000000000000000000000000000000000000000000000000000000000000000000023
:20DE0000000000000000000000000000000000000000000000000000000000000000000002
:20DE20000000000000000000000000000000000000000000000000000000000000000000E2
:20DE40000000000000000000000000000000000000000000000000000000000000000000C2
:20DE60000000000000000000000000000000000000000000000000000000000000000000A2
:20DE8000000000000000000000000000000000000000000000000000000000000000000082
:20DEA000000000000000000000000000000000000000000000000000000000000000000062
:20DEC000000000000000000000000000000000000000000000000000000000000000000042
:20DEE000000000000000000000000000000000000000000000000000000000000000000022
:20DF0000000000000000000000000000000000000000000000000000000000000000000001
:20DF20000000000000000000000000000000000000000000000000000000000000000000E1
:20DF40000000000000000000000000000000000000000000000000000000000000000000C1
:20DF60000000000000000000000000000000000000000000000000000000000000000000A1
:20DF8000000000000000000000000000000000000000000000000000000000000000000081
:20DFA000000000000000000000000000000000000000000000000000000000000000000061
:20DFC000000000000000000000000000000000000000000000000000000000000000000041
:20DFE000000000000000000000000000000000000000000000000000000000000000000021
:20E00000000000000000000000000000000000000000000000000000000000000000000000
:20E020000000000000000000000000000000000000000000000000000000000000000000E0
:20E040000000000000000000000000000000000000000000000000000000000000000000C0
:20E060000000000000000000000000000000000000000000000000000000000000000000A0
:20E08000000000000000000000000000000000000000000000000000000000000000000080
:20E0A000000000000000000000000000000000000000000000000000000000000000000060
:20E0C000000000000000000000000000000000000000000000000000000000000000000040
:20E0E000000000000000000000000000000000000000000000000000000000000000000020
:20E100000000000000000000000000000000000000000000000000000000000000000000FF
:20E120000000000000000000000000000000000000000000000000000000000000000000DF
:20E140000000000000000000000000000000000000000000000000000000000000000000BF
:20E1600000000000000000000000000000000000000000000000000000000000000000009F
:20E1800000000000000000000000000000000000000000000000000000000000000000007F
:20E1A00000000000000000000000000000000000000000000000000000000000000000005F
:20E1C00000000000000000000000000000000000000000000000000000000000000000003F
:20E1E00000008600FFFFFFFFFFFFFFFFE0FFE0FFE0FFE0FFFFFFFFFFFFFFFFFF00FF00FF2F
:20E2000000FF00FFFFFFFFFFFFFFFFFF708F78877B84738CFFFFFFFFFFFFFFFF00FF00FF16
:20E22000C03FFC03FFFFFFFFFFFFFFFF00FF00FF38C72FD0FFFFFFFFFFFFFFFF00FF00FFF6
:20E240001CE3F00FFFFFFFFFFFFFFFFF00FF847F0CF73EC7FFFFFFFFFFFFFFFF20FF60BF88
:20E26000689F708FFFFFFFFFFFFFFFFF00FF1FFF3EF16BF4FFFFFFFFFFFFFFFF00FF80FF7F
:20E28000C0FF40FFFFFFFFFFFFFFFFFF00FF7F805CA37EFFFFFFFFFFFFFFFFFF00FFFC1FFC
:20E2A00000FF00FFFFFFFFFFFFFFFFFF00FF00FF00FF04FFFFFFFFFFFFFFFFFF00FF02FF70
:20E2C00002FF02FFFFFFFFFFFFFFFFFF00FF04FF08FF689FFFFFFFFFFFFFFFFF00FFE01F3E
:20E2E000E21F00FFFFFFFFFFFFFFFFFF00F01CF024F081C0FFFFFFFFFFFFFFFF6707270741
:20E300000707F707E0FFE0FFE0FFE7F8E5FAE0FFE3FCE3FC00FF00FF00FF807F8C730CF3FF
:20E32000807F7B8403FC00FF00FF06F93EC130CF0CF3FF00FE013EC11EE10CF37C83609FED
:20E3400018E7FC0300FF00FF00FFF00FB14E01FE708F6F9000FF00FF00FF00FF87788679CD
:20E3600001FE7F803DC302FD01FEE11EE01F20DFB04FE01F01FFE0FFF8079C630EF30DF3C8
:20E380000FF0708F708F80FF70FF00FF00FFC1FE78FFCC3F2FF30EF10FF00CFF04FF807F26
:20E3A000B80700FF80FF00FFF807F00F00FF00FFC03FF80703FF00FF00FF00FF50AF08F72A
:20E3C00000FF00FF80FF06F90EF1FE01FC0300FF00FF00FF02FD06F907FB38C7B00F00FF0A
:20E3E00000FF02FF06FF10FFE0FF20DF609F708F00FF07FC679F609F3FC008F700FF00FF2A
:20E4000001FF0FFF02FFCE3F887F00FF00FF03FF80C07C8000FF00FF36D84BB028F049A095
:20E4200038003D00398001001800E00000000C000B00EA00070707073F071F070707070710
:20E44000EF074F07E0FFE0FFFEE1F8E7E0FFE0FFE6F9EFF00FF007F80FF07B84718EF00F7E
:20E46000FE01FE01837C827DDD22807F1CE300FF00FF03FC04FB04FBBB4403FCFF00F00FAC
:20E4800010EF10EF01FE00FFC13ECF30FC030EF11EE11EE1708F00FF9B6400FF7E81708F8C
:20E4A000708F788700FF00FF807F30CF3CC33FC03DC23BC4708F78877A8530CF00FF10EF6C
:20E4C000D02FC03F3AC73FC303FC00FF00FF609F3CC300FF00FF38FF837F1DE300FF00FF0B
:20E4E00000FFF00F1CE300FF00FF00FF18FF1CE31CE3788703FC00FF09FC72FD728C32CCA0
:20E5000032CCE21CE21DAC4323DD4C800100014628476B04669BE09F3EF9AE713EA167B84B
:20E5200027F8A778A8FF1CE338C738C718E700FF00FFC03F009F008000800000000000005E
:20E540000000000085000500000000003700010001001F00A000A10020000400CF0F080886
:20E560000B0899080800E00080008400FFFF0000020000004707070717077707FFFF0707F7
:20E5800007070707EFF0E6F9E0FFE0FFE0FFE8F7FFE0FCE37E811EE107F803FC03FC00FF6D
:20E5A000F00F10EF07F804FB807F807F8F700CF30CF31CE318E710EF10EF30CF00FF00FF6B
:20E5C00000FFFE01CC33C43BE01FE01F807F00FF07F800FF7887708F609F639C738C0EF14B
:20E5E00000FF00FF3BC43FC07E81F807906F10EF11EE39C6C03F807F07F808F7E01FE01F2B
:20E60000E31CE31C00FF00FFF807F8071CE304FB01FE807FC03F31CE38C738C730CF00FF0A
:20E62000F8077887E01FE01F609F38C73CC33CC338C708F7E618669832CC36C836C87788EF
:20E64000778867986B044B041E410E010C83058204824285A37C23FC41BE601F007F203F93
:20E66000203F243BF807F00FF00FF00F00FF40BF00FF00FF300020003000200020003000F4
:20E68000000000002000200020001F000400040037000100080848084808E80818081808DB
:20E6A000C8080B08200070002000000000000000000002004707E707470707070707070711
:20E6C00007070707E0FFE0FFE0FFE0FFF9E6E6F9E6F9F8E700FF00FF20DF31CEE01F00FF2C
:20E6E00000FF06F918E730CFF00FC13E01FE07F808F700FF837C837C807F807F8C738E712A
:20E700008C73F807E01FE01F609F18E700FF07F80FF00FF000FF00FF1CE30FF004FB00FF09
:20E72000C03FC03F01FE00FF00FFF80738C730CF30CF20DFE11E00FF00FFDC233CC37C83E9
:20E74000788730CF807F708F788700FF0EF10EF10EF10EF100FF00FF00FF00FF0FF000FFC9
:20E7600000FF00FF00FF00FF0EF17F80E01F00FF00FF19E601FC04F904F935C831CC30CCB6
:20E7800030CCF40880428142E10261826390A354037443B4243B2C334E312E312C333E2184
:20E7A0003EA19E610FF00FF07F807887788700FF00FF00FF000000003000200030002000E3
:20E7C0002000300001001F002000200020001F000400040009089808080848084808E808F1
:20E7E000180F1F0F02002000700020000000000000FFFFFF07074707E70747070707070761
:20E8000007FFFFFFF8E7F9E6E0FFE0FFE0FFFBE4FFE0FFE08C73FC0300FF00FF00FFFF0002
:20E82000FF00FF0000FF00FF00FF00FF00FFE31CFF00FF0030CF37C807F807F803FCFF00E8
:20E84000FF00FF0007F8E01FE01FE01FE01FFF00FF00FF00F00F00FF00FF00FF00FFFF00C8
:20E86000FF00FF00C03F40BF40BF7F8020DF7F80FF00FF0001FE00FFF7086F907F80FF00A8
:20E88000FF00FF00E01F00FFFF00FF00FF00FF00FF00FF0000FF00FFFC03FE01FF00FF0088
:20E8A000FF00FF005FA01FE00CF30CF3FF00FF00FF00FF00F409807CF00CF00CF20CF20C75
:20E8C000F20CD02C47B06790639453A001F241A201020700BF60D72877A8F728B768C03F0C
:20E8E000007F007FFF00FF00FF00F80700FF00FF00FF00FF000000000000000030002000D2
:20E900003000200000000F0000002400200037000000070060008300000039002800AD0025
:20E92000200081001800E00000000C000B00EA000800E0003F071F0707070707EF074F0781
:20E9400047070707FFE0F8E7E0FFE8F0F0E0F0E0F0E0F3E0FF00807F00FF00FF600038000F
:20E960003000F000FF00FF0000FF20C00000200024001F00FF00FF0000FF0000000000003A
:20E98000E7000300FF00FF0000FF000000000000C000F000E01F807F00FFF1000200F300FD
:20E9A0006300700000FF00FF00FF000000002000FF00F80700FF00FF00FF7E0038000100B5
:20E9C000EF004FB07F8007F800FFFF000100FF00FF00FF00FC03F00F00FFF8070000FF0054
:20E9E000FF00807F03000300030003E003F8E3FCF2FDFFF000000000000000000000000075
:20EA00001CE3FF00E0FFE0FFFFE0FFE0FFE0FFE0FFE0FFE0000000FFFF00FF00FF00FF0005
:20EA2000FF00FF00B87FF83FFF00FF00FF00FF00FF00FF00FF00FF00FF00FF00FFFFFFFF78
:20EA4000FFFFFFFF860000FF00FF00FF00FF010203005FA000FF00FC00FC00FC30CC800CB8
:20EA6000C00CC10C00FC06001004020403040304030423042304603F103F103F103FF718E3
:20EA80009478F018B75800FF00FF01FEFF008100F10001000F002000300000000000000085
:20EAA000000030002000020032003700010001001F002000200000001C00C000030000005B
:20EAC000990008004D00800084001800E00000000C000B00EA00170777073F071F07070735
:20EAE0000707EF074F07E3E0E1E0E0E0EFE0FFE0F3ECEFF0FFE0F100C1000000FF00807F7D
:20EB00003FC0FF00FF00FF0004000100FF003FC0FF00FF00FF0003002F00FF00FF00FF00CA
:20EB2000FF00FF00FF00E300C700DF00EF10FF00FE0000000000FF00FF00FF00FF00FF0058
:20EB4000F000F0004000FF00FF00FF00E0008000400000000000FF00FF00FF0001000000FA
:20EB6000000000000000FF00FF00FF00800000003F003F000000FF00FF00FF00000000009D
:20EB8000800080000000FD02FF00370000000000000005003F00E01CF00CF408F4083408D0
:20EBA0002C10EC10EC100304042300206000102010080004000450BF5F307E306E302870A1
:20EBC00028707E305E3007F898000000020002000000000000003000200020003000000026
:20EBE00000000000000020001F000400040000000F00000024004000E10010001C006D00E1
:20EC00008000000037000800E00080008400F00040004000E40047070707170777073F07BF
:20EC20001F0707070707FFE0FFE0FFE0FFE0FFE0FFE0F8E0FFE0F000000000000000800031
:20EC400000007800FF007F00FF00FF000000000000000000FF00FF00FE0080000000000044
:20EC60000700FF00FF0000000000070008000100FF00FF00FF00000000000F00FF00FF0075
:20EC8000FF00FF00FE0000001F00FF00FF00FF00FF00800000000000FF00FF00FF00FF00E1
:20ECA000E000000000000000FF00FF00FF000F000F000F000F007F00FF00FF00F800800046
:20ECC000800000008100FF00FF00F000000000000000FF00FF00EC10E418041814081408FB
:20ECE000E418EE10EE10000400040640064086408640864086405E305F305F300F38003F3E
:20ED0000231C071807180100BF00840301FEFF00FF00FF00FF0020003700000007000200D4
:20ED20003200370001002800A8002800870001001100C0000300030012001000F8000400F4
:20ED400004001800E000EF074F0747070707170777073F071F07FFE0FFE0F0E0F0E0F0E0D9
:20ED6000F0E0F0E0E0E0FF00FF00F0000000000000000000C000FF00FF003F000F00000039
:20ED8000000000000000FF00FF00FF00FF00F800000000000000FF00FF00F8008000000009
:20EDA000000003001E00F800E0000000010001001E00F7000F0000000E003F00E0009F0068
:20EDC0003F00FF00FE0103000700F8001C00FF00FF00FC0300FFFF00C10013007F00FF008B
:20EDE000F80730CF0FF0FF00FF00FF00FF00C03F03FC7F80FF00FF00FC03C03F07F87F8023
:20EE0000FF00FF00FF000EF00EF027D8EF10E618E618EC10EC1006C06680E000A04001C2D8
:20EE2000028101806100031C330C3F0631070112811280130291FF00FF00FF00FF00FF804B
:20EE4000FF00FF40FF400000990008004D004000E10010001C0000000C000B00EA000800F1
:20EE6000E0008000840007070707EF074F074707070717077707E0E0E0E0E0E0E0E0E0E08E
:20EE8000E0E0E0E0E0E0400000000000000000001F00380010000000010007001F00000064
:20EEA000C000C000F80000008F00C7000700070007001F00FF004000FF00FF00FF00FF0015
:20EEC000FC03F807807F7F00FF00F00FC03F00FF00FF0BF4FF00F00F807F00FF03FC0FF0C2
:20EEE0003FC0FC03F00F01FE0FF07F80FE01F00F857A13EC2BD4FC03E01F817E0FF03FC022
:20EF0000FF00FF00DF2000FF00FFFF00FF00FF00FF00FF00FF0000FF00FFFF00DF20FF0001
:20EF2000FF00FF00FE010CF00CF0CC30DF201EE11AE53CC37A8562010061A04100C30B84EE
:20EF40001B84A3042A01009118811881008920C5A144E20524C3C07F40FFDF207FA06F90C1
:20EF60003FD037D82FD800FF00FFFF00FF00FF00DF20FF00FF0000FF00FFFF00FF00FF0079
:20EF8000FF00F708FF0000FF00FFFF00FF00FE01FF00FF00FE0107FF07FFF70FF70FF70F5E
:20EFA000F70FF70FF70FE0E0E0E0E0E0E0E0E1E0FFE0FFE0FCE31F001F001F00FF00F80786
:20EFC000F807C03F00FFFF00FE01E01F00FF02FD3FC03FC0FF00FE0100FF00FF03FCFF0041
:20EFE000FF00FF00FF0003FC0FF07F80FF00FF00FF00FF00FF00FF00FF00FF00FF00FF0021
:20F00000FF00FF00FF00E11EC738C03FC03FCF30CF30CF30CF30FF00FF0000FF00FFFF0000
:20F02000FF00FF00FF007F80FF0000FF00FFFF00FF00FF00FF00FE01FC0300FF00FFFF00E0
:20F04000FF00FF00FF007884F70000FF00FFFF00FF00FF00FF0008007F0000FF00FFFF0042
:20F06000FF00FF00FF000403FF0000FF00FFFF00FF00FF00FF001EE703FC00FF00FFFF0092
:20F08000FF00FF00FF007F807FC000FF00FFFF00FF00FF00FF00F708F70800FF00FFFF0040
:20F0A000FF00FF00FF00F70FF70F07FF07FFFF07FF07FF07FF07E0FFE0FFE0FFE3FCFFFFA9
:20F0C000E0FFE0FFE0FF07F81FE07F80FF00FFFF00FF00FF00FFFF00FF00FF00FF00FFFFA2
:20F0E00000FF00FF00FFCF30CF30CF30CF30FFFF00FF00FF00FFFF00FF00FF00FF00FFFF22
:20F1000000FF01FF03FFFF00FF00FF00FF00FFFFFFFF81FE7F80FF00FF00FF00FF00FFFF7E
:20F12000FFFFC33CFF00FF07FF07FF07FF07FFFFFFFF07FFFF07E0FFE0FFE0FFE0FFE0FF58
:20F14000E0FFE0FFE0FF00FF00FF00FF00FF00FF00FF00FF00FF00FF00FF00FF00FF00FF1F
:20F1600000FF00FF01FF03FE0DFE0BFC16F93FF27DE6FBCCFF98E000C000000080008601D6
:20F180008F07870F9F0F0000000000000000FFFFFFFF5DBFED1F370707070707071F0F3FA3
:20F1A0001F3F1F3F1F3F00FF00FF00FF00FF00FF00FF00FF03FC00FF00FF00FF03FF3FFF00
:20F1C0003EFF20E0FBE001FF03FE1FFEFBFCBEC1FC000100F000D338EB30C36083C0830087
:20F1E0000300030003008F1E9E1EBE1FBF3FFF7FFF7FFF0000000DFF651F051FE5BFFFFF71
:20F20000FFFFFE0000001F27073F1737173F1F3F1F3F073F3F0703FC03FF03FF03FF03FC76
:20F2200003FC00FC00FC9B00808080808080FF00FF0000010000F00000000400201F807F0B
:20F240009F7F1FFF7C7F000000000000000000000000936CFF000707074707470747074733
:20F26000074717EFFF0700FC03FCFF00FF00FF00FF00FF00FF00FDFE73FCFF00FF00FF00D8
:20F28000FF00FF00FF00FFE0FFE0FFE0FFE0FFFFFFFFFFFFFFFFF70FF70FF70FF70FFFFFE7
:20F2A000FFFFFFFFFFFF850008F700F700F704F30CF308F30CF308F300FF01FE03FC03FCFB
:20F2C00004F90CF110E000C0C03F807F00070000000000000000000000FF00FF00FB00384E
:20F2E000003300030002000000E000C00080000000800080000008000E111C03000F00075A
:20F300000007007E0078006000FF00FF00FF00FF00FF007F007E000000FF00FF00FF00FF9C
:20F3200000FF00FF007F007F00FF00FF00FF00FF00FF00FF00FF00FF08F300FF00FF00FFE1
:20F3400000883F007F007F0000C800D800E000E000101E00FE00F800000000000000000064
:20F360000001002100010001000000000000000000C000C7408FC03E000F000F00000000F7
:20F380000080008000C0000000E000E00000000000000000000000000000000000000000ED
:20F3A0000000003F001F003F00FF00FF007F007F007F00FF00FF00FF00FF00FF00BF009FDC
:20F3C00000BF00FF00FF00FF00FF00FF00FF00FF00FF00FF00FF00F000FF00FF00FF00FF8C
:20F3E00000FF00FF00FF00E0FF00FF00FF00FE00FF00FF00FF00FF00F800E0000000000061
:20F40000E000E000F800FF000001000100000000000000000001A34F00FE00FE00000070D4
:20F420000060006000F080F0000000000000000000000000000000000000000000000003A9
:20F4400000030003001F001D00FF00FF007F00FF00FF00F000E000C000FF00FF00FF00FF63
:20F4600000FF000F000F000700FF00FC00FC00FC008300C300C000F000FF000F0003000767
:20F48000008000800000000300E000E000E000F300FF003C007C00F800C1008100C300C35F
:20F4A000008000000000000000FF00FF00FF00FF00FF001F001F001F00FF00FF00FF00F87F
:20F4C00000F800F800F800C000FF00FF00FF003F000100010000000000FF00FF00FE00DC6E
:20F4E00000C0009C001C001000FF000000000000000000000003000300FF00FF00FF007F03
:20F50000003F003F00F300C300FF00FF00FF00FF00FF00FF00FF00F3FF00FF00FF00FF00CF
:20F52000FF00FF00FF00FF00FF00FF00FF00FF00FE00F800F100FE00A305A104330033003B
:20F540007301FB05F3017103F0E8F8F0F8FF807C80FC80FC80FC80F0000080008000000038
:20F560000000000000000000001C0019000100010000000000000000000000C000C00000D4
:20F58000000400070007000000030003003F003C003000F000F0000000FF00FF003F003F4C
:20F5A000000000000000000000F000F800FE003E003F0001000000000003000000000000E4
:20F5C000008000800000000000000000000000000000003E003E0007000700030003000398
:20F5E00000030001000100C100C000C000C000000000008000F100F00000000000000000A4
:20F600000000000E000E000E000000000000000000000004003C007E0043007F007F0000C1
:20F620000000000000000000000000000000000000000000000100000003000700070003B5
:20F640000003000300FF00FF7F003F001F001F00FF00FF00FF00FF00FE00F800F800FC00C4
:20F66000FC00F200F000FF003103630567036F130F13071B073F077F80F0C0F8C0FFC0FF6F
:20F68000C0FC80FCE090808000000000001000000000000000000000000000E000E300E708
:20F6A00000FF00FF00FF00000000004000C000E00000000000000000000000000018000C49
:20F6C000001E007E00700030000000040006000300010000000600070000000000000000D3
:20F6E000008000CE00FF00FF000F000700000000000000000007001F00CF00FF003F00F87D
:20F7000000F000FF00FF00FF00C000C00000000000000000000000C0000F000F000F00008F
:20F72000000300030003000F00F000F000F0000000800000000000800001000700070003CF
:20F74000000F00010000000000E100C100C100C100E700FF007800F86F8000E100FF00FF51
:20F7600004FB00FB00FB00FB2001200300FF00F300FB02F900F900F907FF07FF07FF06FF64
:20F7800006FF06FF06FF06FF808080F000F0C0FCE0FFE0FFC0FFC03F0000000000000000BD
:20F7A0001CE30CF000FC01FE00380030003000F800F800FC007CC01F000000000000000074
:20F7C00000000001007F00FF000100010001000F000F00CF00FF00FF00FE00FE00FF00FFC2
:20F7E00000FF00FF00FF00FF0000000000C900D900CB00C300FF00FF0000000000F000FFF0
:20F8000000FF00FF00FF00FF007C00180008009C009C009C00FF00FF001F001F001F009F82
:20F82000001F001F00FF00FF008000C000C700FF00FF00FF00FF00FF0000000000F000FC9E
:20F8400000FC00FF000300000007000600000000000000000000000000F0000000000000AD
:20F86000000000000000000000FB08F300F300F300F300F30CF30CF300FD03FC01FE00FCD1
:20F8800000FE01FE00FF00FF04FB04FB04FF847F8C7F8C7F8E7DC63D609F60DFF07FF07F29
:20F8A000E07FE07FE03FE0FF408F00E300FF00FF00FF00FF00FF00FF00FF00FE00F000F003
:20F8C00000F800FC00FC00E0000000000008000C000600030001000D00000000000000002D
:20F8E00000000000009C00FE0CF30CF30CF308F708F708F708F700FFC73C47BC6F936F936C
:20F900002FD13FD83FDF1FF7E0FFE0FFE0FFE0FFE0FFE0FFE0FFE0FF00FF00FF00FF00FFA8
:20F9200000FF00FF00FF10FF00E000FC00FC00FF00FF00FF00FF00FF000000000000009355
:20F9400000B30097008700FF000F0000000000E000FF00FF00FF00FF00FE00F800300010B6
:20F9600000390038003800FF0FF30FF60FF60FF50FF50FF40FF01FFCE0FFE0FFE0FFF0EF32
:20F98000F0FFF0FFF8FFF8FF00FF00FF00FF00FF00FF679F7F9F7FBF30DF30FF30FF30FFA2
:20F9A00030FF30FF30FF70FF1FF91FFB1FFB1FFB0FFB0FFF0FF70FF3F8FFF07FE0FFE0FFA1
:20F9C000E0FFE07FE07FE07F00FF00FF00FF01FE01FE01FE01FE01FE7FBF7FEF7F8FFF3F3B
:20F9E000FF3FFF3FFF1FFF0C00FF00FF00FF00FF00FFC0FFC0FFC0FF00FF00FF00FF00FF2E
:20FA000000FF00FF00FF01FE70FF70BF78FF78FFF85FF85FF8DFF8DF00FF00FF07FB07FFFC
:20FA200007FF0FFF0FFF0FF700FF00FF80FF80FF80FF80FF80FF00FF30FF70FFF0FFF07F2A
:20FA4000F07FF07FF03FF07F00FF00FF00FF00FF40FFC07FC0FFC0FF0FF307F807F807F833
:20FA600007F907FB0FF31FE3E0FFE07FE0FFE0FFF0FFF0FFF0FF60FF01FE01FE03FC03FC5C
:20FA800003FCE3FCE3FCF3FCFF0CFF36FF3FFF7F7FFECF767FF67FF6E0FFE0FFE0FFE0FF96
:20FAA000E0FFC0FFC0FFC0FFFFF0FFF0FFF1FFF3FFC3FFE3FFF3FFF936FFE2FFC2FF03FF03
:20FAC00003FF70FF60FF40FF6FF767FF27FB87FBC7F947FCC5FEC5FEFFFC7FFCFFFCDFFCD2
:18FAE000CFFC9FF1FFF1FFF17FE73FE33FF33FF11FF11FF81FF81FF894
:020000040002F8
:20000000840003FF03FF03FF03FF03FF03FF03FD03FDFC9BFE0FFF0FFF0FFF0FFF0FFF1F56
:20002000FF9F1EFF1FFF1FFF3FFF3FF33FC37F837FC700FF807F80FF80FF80FF80FF80FF96
:2000400080FF01FE01FE01FE01FE03FE03FE03FE07FAF03FF0FFF0FFF0FFF8FFF8FFF87FC0
:20006000F87FC0BFC0BFC0FFC07FC0FFC0FFC07FE07F00FF00FF00FF00FF00FF0CFF0CFFE0
:200080001EFF1FFB1FFB1FFB1FE71FE51DFF1FFC1FFCE0FFE0FFE0FFE0FFE0FFF0AFF0FFB0
:2000A000F0FF01FF01FF01FF00FF00FF00FF00FF00FFF3FCFFF8FFFCFFFCFFFFFFFFFFF788
:2000C0007FF3CF77DF67FF67BFE7EFF1FFF7FFF7EFF7C0FFE0FFF0FFF0FFF0FFF0FFF0FF1B
:2000E000F0FF03FF03FF03FE03FE03FE03FE03FC03FCBFFFBE7FBE7FFE7FFE6DFECDFFCF52
:20010000F7CF7FEF7FFF7FFF7FF77FE77FED7F8D7F8980FF80FF80FF80FF80FF80FF80FFDA
:2001200080FF0FFE0FFE0FF01FE81FF81FF81FFD0FFFF8FFF8FFF0FFE0FFE0FFE03FF0BF5F
:20014000F0FF00FF01FF01FF01FE03FC03FC0FF63FF6E07FC0FFC0FFC07FF07FFE7FFE7FF5
:20016000FE3F1EFF1EFF1EFF1EFF1FFF1FFF1FFF3FFF00FF00FF00FF00FF00FF00FF07FF36
:2001800007FF1FFE1FFE1FF71FFF1FF7779FBFDFFFFBF0FFF0FFF0BFF0FFF0FFF0FFF0FFDE
:2001A000F0FF00FF00FF00FF00FF00FF00FF3DFFFFFF7FF17FF17FF07FF07FF0FFF0FFF011
:2001C000FDE2FFFFFFFF9FFF9F7FDF7FDF3FDE7FFF7EF07FF07FF07FF0FFF0FFF0DFF0FF49
:2001E000F0FF02FD02FD02FD03FC03FC03FC03FC03FCFFCFFFDFFFDFBFDF3FDFBFCFFFCF76
:20020000FFDF7F897F897F897F897F997FB97FB87FFB80FF80FF80FF80FFC0FFC0FFC0FFA6
:20022000C0FF0FFD0FFC0FFC0FFC0FFC0FFC0FFD0FFDF8FFF87FF86FF87FF8FFF8FFF8FF73
:20024000F8FF3FFE3FFE1FE61FE61FE61FEE1FEC1FEEFE0FFE7FFEFBFE07FF07FFF7FFFF77
:20026000FFFF00FF00FF00FF00FF00FF00FF00FF38FF3FFF7FFF7FFFFFF7FFF3FFE3FFC38A
:20028000FF8307FF07FF83FF83FF83FF83FFC3FFC3FFFFF3FFFFFFFFFFFFFFFFAFFFEFFFBE
:2002A000FFFFF0EFF0FFF0FFF0FFF8F7F8F7FCFFFCFFFFFFDFFFDFE0DFE0DFE0DFE0DBE429
:2002C000D9E6F9E6F3CCF30DFF01FF03FE03FE03FF03FFF6FFF7FFF7EEFFFEF96FD3E79B32
:2002E000E699FCFF3CFFFCFFFCFFFCFFFCFFFCFFFCFF03FC03FC01FE01FE01FE01FE01FE6E
:2003000001FFFFDFFF1FFF0FFF0FFF5FFF7FFFFFFFDF7FEF7FFF7FFF7FAF7FAB7FA87FE6BF
:200320007FE7C0FFC0FFC0FFC0FFC0FF80FFC0FFC0FF0FFC0FFC0FFC0FFC0FFC0FF40FF462
:200340000FF0FC7FFCFFFCF7FC1FFC9FFCFFFCFFFEFF00FF00FF00FF00FF00FF00FFE0FFB3
:20036000E0FF1FEF1FE713EC1FE31FE31FEF1FEF1FE7FEFFFC7FFCFFFCFFFCFFFC7FFE3F44
:20038000BE3F00FF00FF00FF00FF00FF01FF01FF01FF38FF78FF78FFF0FFF0FFF0FFF0FF84
:2003A000F0FFF789F709F709F71DE71DE71DF71CF71CC1FFC3FFC3FFEFFFFFFFFFFFFEFF61
:2003C000F0FFFFFEFFFCFFFAFFF3FFF7FFFF7FFF7FFFFCFFF8FFF8BFFBB7FE9FF8FFC1FFAC
:2003E000CFF8D9E699E79DE73DE73CE7FDCFFD0FF90ECF33CF33CF33CF33DF33977B967B10
:20040000937CE79BFF83FFC3FFE3FDE3FCF3FFF8FF7CFCF7FCF7FCF3FEFFFFFFFFFFFF7F98
:20042000FF3D01FF01FE01FE01FF81FFF1FFFDFFFFFFFFFEFE3FFE3FFEBFFEFFFEFFFEFFED
:20044000FEFF7FE77FE07FF17FF77FB77FB77FBF7FBFC0FFC0FFC0FFC0FFC0FFC0FFC0FFD3
:20046000C0FF0FF00FF30FF30FF60FF60FF60FF60FF6FFFFFFFFFFFFFFFFFFFFFFFFFF3E70
:20048000FF1FE0FFF0FFF8FFF8FFFCFFFFBFFF1FFF0F07F907F903FF03FF03FF0CF3DFE0D9
:2004A000FFE3FE7FFE7FFE3FFE3FEE27FE37FE7FFFFE03FF03FF07FF07FF07FF0FFF0FFFF0
:2004C0000FFFF0FFF0FFF0FFE0FFE0FFE0FFE0FFE0FFF31CF31EF31EFB0EF90EA07FE47F23
:2004E000C67FF8FFFC7FFE7FFE3FFF3FFF3FFF3F7F8F7FB97FBF7FFFFFFFFFFFFFFFFFFFD7
:20050000FFFFFFC0FF80FF80FF00FF00FE03FC07F90FF91EF33EE37CC77C8FF81FF07FE037
:20052000FFC0DB3CCF3CEF1EE71FE31FE11FE11FE11FFF3EFF1EFF1EFF0EFF0EFF0EFF0E1A
:20054000FF1EFF3CDF3E9F7E9F7E9F6F9F6F9F6F976FFF7FFF0FBF419F60C738E13EF83FDC
:20056000EE3FFEFFFEFFFEFFFF1FFF0FFF077F877F8F18FF18FF18FF18FF88FF88FF8CFF1C
:200580008CFF7FAF7FAF7FEF7FFF7FFF7FFF7FFF7FFFC0FFC0FFC0FFFFE0FFE0FEF1FEF1B7
:2005A000FBFF1FFE3DFE3DFEFD3EFF7EFFFFFFFFFFF7FFEFFFFFFFF7FFF7FFFFFF7FFF6F42
:2005C000FFFF9F67CFB1E798F38CFF80FF80FF00FF40FFE3FFF3F7FBFF7FFF7FFF7FFF77A7
:2005E000FF7FFF67F6EFF7FFFFFFFFFFFFFFFFFFFFFF1EFF3EFFFFFEFFFCFFF8FFF0FC030F
:20060000FC0FE0FFE0FFE0FFE0FFF0FFF0FFF0FFF87FC27FC17FE07FF07FF03FD03FB07F53
:20062000E07F1FE10FF08FF867FC33FC19FE0CFF0EFFFFFEFFFCFF3EFF1EFF0FFF0FFF07A0
:200640007F87F30FF30FFE0FFE0FFC07FC07FC07FC0FFF80FF003FC03FC01FE00EF104FBE9
:2006600000FFF13FF13FB17F31FF31FF73FF53FFDBFFFF1EFD3EFD3EFF3CFB3C7BFC7BFCFA
:2006800073FC976F976F976F976F976F936FC33FC33FEF3FE31FE19FE19FE09FE09FE09F1A
:2006A000E09F7F8F3FCF3ECFFFCFFFCFFFCF7FC73FC33EFF3FFF3FFF7FFFFFFFFFFFFFFFAF
:2006C000FFFFFFFFFFFFFFFFFFFFFFFFFFFFFFFFFFF8FBFFFFBFFFBFFFBFFF9EFF00FF0064
:2006E000FF00FFE7FFE3FF83FF08FF08CB3CCB3C9F7EFFFFFFFEFEF9FD03FF03FF07F8077F
:20070000F30FE7D8E7D8CFF0CFF3CFF74FF74FF74FF7FF7FFF7FFFFFFFFFFFFFDEFF9FFFCF
:200720001FFFF7FFFFFFBFFF7FFE7FFCFFF8FFF0FFF0FC0BF93FF17FE17FE1DFE1DFF8DFB6
:20074000F0DFFC7FFF3FFF3FFF0FFF03FF817F857FC760FFC0FF80FF80FF80FF00FF08F760
:2007600008F70EFF07FF07FF06FF06FF06FF06FF07FF7F873FC73FC73FC73FC7FF07FF071D
:20078000FF00FC0FF80FF80FF807F00FF00FC03FC03F01FF03FF07FF0EFF18FF18FF18FFEC
:2007A00018FFDAFF8CFF0CFF0CFF0CFF18FF00FF01FE73FC73FCFB7C7BFC3FFC0FFE0FFF66
:2007C00003FFC33FC73FC73FC73FC73FC73FCF3FCFBFE19FC3BFC3BFC13FC03F807F807FDA
:2007E000807F0FF107F803FCE0FFF0FF18FF18FF32FDFFFFFFFFFF7FFF3F7F9F1FE71FE3F3
:200800001FE1FF00FFE7FFCFFC0FF81FF03FF03FF03FE71FCD3F0DFF8DFF8CFF04FF04FF3B
:200820001CFF9FFFFF99FFF9FFFFFFFFFF3FFF0FFF07F0DFF03FF63F66FFC7FF87FF9DFFA1
:20084000B9FF800000FF00FF00FF00FF00FF00FF00FF00FF00FFFF00FFFF0000000000006C
:200860000000000000FFFF00FFFE030203020302030203027FFF808080BF90A090A090A017
:2008800090A090A0FFFF000000FF00000000000000000000FEFF010101FD010501050105EC
:2008A000010501057FFF808080BF9FA09FA09FA09FA09FA0FFFF000000FFFF00FF00FF003A
:2008C000FF00FF00FEFF010101FDF905F905F905F905F90503020302030203020302030209
:2008E0000302030297A397A497A497A497A497A497A497A4FFFFF803F803F803F803F80332
:20090000F803F8033F9FBFA0BFA0BFA0BFA0BFA0BFA0BFA0F8FCC41CC41CC41CC41CC41C16
:20092000C41CC41C00000000000000000000000000000000010501050105010501050105D3
:20094000010501059FA09FA09FA09FA09FA09FA09FA09FA0FF00FF00FF00FF00FF00FF0099
:20096000FF00FF00F905F905F905F905F905F905F905F90500FF7F807FFF40C040C040C00D
:2009800040C040C000FFC03FC0BFE0DF706F38371C1B0E0D00FF00FF03FC03FF03FF01FF7A
:2009A00000FF00FF00FF00FFFF00FFFF00008080C0C060E000FF00FFFF00FFFF0000000083
:2009C0000000000097A497A497A497A497A497A494A497A3F803F803F803F803F803F80361
:2009E0000300FFFFBFA0BFA0BFA0BFA0BFA0BFA0A0A03F9FC41CC41CC41CC41CC41CC41C5E
:200A00001C04F8FC40C040C040C040C040C040C040C040C0070603030101000000006060ED
:200A20006060606000FF807FC0BFE0DF706F38371C1B0E0D30F018F80CFC06FE03FF01FF1C
:200A400000FF00FF000000000000000000008080C0C060E090A090A090A090A090A090A0B8
:200A600090A090A040C040C043C347C447C547C447C444C76060F0F0FC6CFEF2FEFAFEF2F8
:200A8000FE62F20E0706030301010000000000000000000044C744C747C740C040C040C0BD
:200AA00040C040C002FE02FE0CFCF0F000000000000000000000000000000000000000004E
:200AC00001010303000000000000030307070C0FF8FF80FF00000000000000000C0CBEBED5
:200AE000E7FB07FB0706030301010000000000008080C0C040C040C040C047C745C744C758
:200B000044C75CDF02031F1E313EC0FF07FB0EF267980FF0C3FFF77ECE0C609493FCFFF09C
:200B2000EC73CC3FE09FE21D1B077905700C320C388F3C9B78F81CFCC6BEC3FF013F063B86
:200B40002FFE7C9B0706030301010000E0E030F010F010709FAF9AB1B5AEAEAEAEAEB4AEC6
:200B600099B09FAFE0F010F808FC08FC08FC08FCF018E0F01F1F34236A5D5C5D5C5D685D8B
:200B800033201F1FC0E020F010F810F810F810F8E030C0E09FA09FA09FA09FA09FA080BFCA
:200BA00080807FFFFF00FF00FF00FF00FF0000FF0000FFFFF905F905F905F905F90501FDCB
:200BC0000101FEFFF905F905F905F905F90501FD0101FFFF00FF00FF00FF00FF00FF00FF28
:200BE00001FF01FF73FC67F846F060F463FC4FF0CCF30CFFEE1EE8181E107E00700F300FBF
:200C0000338F3F8E3E07F70BE01060116110611CE3FFFF3E34FBE2E00E806E81E700877044
:200C200086F101FFFC03C3000F806F81E701877134F3F9E698788C7C669E02FE06FAF3FF08
:200C4000F947F807070603030101000000000000808080C090A090A090A090A09FA080BFC2
:200C600080807FFF0000000000000000FF0000FF0000FFFF0105010501050105F90501FDE6
:200C80000101FEFFFFFF010101FD0105010501050105010501FF03FF06FF07FF01FF01FF2C
:200CA00001FF03FF1FE33FC130801BB87BF079C0E1DC07FE0CF880E8E6D8FE009847805F61
:200CC000904FC0613C0FF007E017631F671E671CFEFEDE0EC73FC52000E1D8E3DF23E710E9
:200CE00060133209F9048401DCC3DF80CF800CE30EE139FE86011E01DC03CC030CE30FE729
:200D000001FE0740808080C080C0C0C040C040C0C040C04002FF02FF03FF01FF01FF00FF8A
:200D200000FF00FF4FBC0FF80CE08068FEFCDEE073EC67FCC071E7783F00FC00E0186638F4
:200D4000FE18E81FC60EC13EE13E333CF310E01261167738300F881FFD0FF70F0C003C01B9
:200D6000BB049B04E8EAF986CFB0DF2119814190CD30BC4037C0F300C33803F8E0FFE03F03
:200D8000E13FDF3F40C040C040C040C040C040C0C0C000007EFC60F463FC7FF05CD358DF93
:200DA00048CF47C71C0F67187F303C182888A698DEE078F76739E977EF773C0FF80FF91E77
:200DC0007D126817FAE53BE43FFC26D07084B30C8F000CC338DEFE3EE21F1C077C0F780F3D
:200DE000390F3F8FC838C83818F8F0F080808080808000000105010501050105F90501FDD9
:200E00000101FFFF41C140C040C040C040C040C040C040C080FFD0EF60633F3F010100004F
:200E20000000000068170CF71FE71EE1DFDF707000000000D83FCC3F8FF70CF38FFFF8F868
:200E400000000000348C04FC1CFC10F0F0F0000000000000FA0D0D0A0B0C0F080E080C0864
:200E600008080808FE89FC89E889C8898889888988898889FF89FD89E989C989898989894A
:200E800089898989607FAFD0D1AE28D754AB6A9555AA6A9500FFFF00A45B52A4807E10E76E
:200EA00012A4926400FFFF00C93614CB00FF48914891419E00FFFF00A45B52A4807E10E732
:200EC0009224922400FFFF00936C28D300FF12891289827900FFFF0025DA4A25017E08E7A4
:200EE0004825492606FFF50B8B7514EB2AD556A9AA5556A96FF06FF06FF06FF06FF06FF0DC
:200F00006FF060FFFF03FF03FF03FF03FF03FF03FF0303FF48884888488848884888488823
:200F20004888FFFF8889888988898889888988898889FFFF0808080808080808080808080E
:200F40000808FFFF8989898989898989898989898989FFFF619E40B950A9669950AF40A830
:200F60006798609F52A4A25450AFAA5414EA0A15F50A02FD48914891489148914992419E51
:200F800009F289529224922410E7922492249224823D91261289128912891289924982793E
:200FA000904F914A4A25452A0AF5552A285750A8AF5040BF8679029D0A9566990AF5021554
:200FC000E61906F900FF7FFF008000FF7F807F807F807F8000FFFFFF000000FFFF00FF0021
:200FE000FF00FF00FFFFBFC0BFC0BFC0BFC0BFC0BFC0BFC0FFFFFF00FF00FF00FF00FF0083
:20100000FF00FF00FFFFFF01FF01FF01FF01FF01FF01FF0180FFA0C0A0C0A0C0A0C0A0C075
:20102000A0C0A0C000FF0000000000000000000000000000FFFF808080BF9FA080A080A035
:201040008FAF8BA880000000000000000000000000000000000020402040204000400040FF
:201060000040004000408040C00080408040804080408040804040006000600060006000F0
:2010800060006000A04004000C000804080408040C0008040C00060006000402060006003A
:2010A00006000600060000000000000000000100F80700FFFF0000400040204000E010E070
:2010C00008F007F8FF00000000000000000000000000FF009E61000000000000000000001C
:2010E00000001FE000FF000000000000000001000201FC031CE3804000C000C000C000C030
:2011000020C00FF000FF000000000000000000000000FC0001FE00000000000000000000F6
:2011200000007E00C03F0000000000000000000000000300F8072040204020408060806050
:2011400010E00CF000FF0000000000000000000000000000FF0000000000000000000000A5
:2011600000007F0000FF0C000C000C00000C120C120CE11E00FF0000000000000000000087
:20118000000000007F800000000000000000000000000000F800060006000600060006003A
:2011A00000060906F00F00000000000000000000000000008000410000000000000000005A
:2011C0000000000000001FE0E0007A7C7F7E7E67776377637763E1000000383139333B33A6
:2011E0003F333F333F33FF000000F3E3FBF3B3FB9B3B231B0303807F01009C189838B830A2
:20120000F030F060E060C03F20C0C70606070F07070F0F0F0F0F00FF0000010101010101F8
:2012200001010101810100FF0000C080C080C080C080C080C08000FF1C0070606170F1708C
:2012400071F0F1F0F9F000FF0000C7C6C6E7E6E7F6E7E6F7F6F738C700003E1C3F7E7F77AA
:201260007763E063E060F00F03003B313B313B313B313B313B3100FFFF008E8C8C8E9E8E29
:201280008E9E9E9E9F9E00FFF30C0F070F1F1F1D1D183818381800FF18E09F1FDF9FDFD86C
:2012A000DCD81CD81C1806F90F00C08080C0800000000000000000FFB34C00000000000046
:2012C0000000000000003FC0FF000000000000000000000000000000000000000000000010
:2012E00000000000010073677E7F7C7E687070607060F06070E03F333F333F333F333F33CA
:201300003F333B333B3303030303030303033B031B3B33BBFBF3E0E0E0E0E0F0B0F0B8301F
:20132000B038B818981C0D0F1F0D091D1B1D1F1F3F1F19383038018181818181C18181C13C
:20134000C1C1C1C1C1C1C080C180C081C181C181C381F983FBFFD1F8F9D899D8BDD8F9FC72
:20136000FDFC9D8C0D8CFEF7D6FFFEDFDEDFCEDFCECFCECFCEC7EF60EF6FEF6FE763E76333
:20138000E7636F773E7F3B313B313B313B313B313933373B1F3F9A9FBF9B93BBB7BBBFBF37
:2013A000FFBFB3F1E1713B183B1B3B1BB9183998B9989B9D8F9FD81FDFDFDCDFDCD8DCD849
:2013C000DCD8DFD8DFFF008080800080000000000000800080C000FF00FF0C0302010001F3
:2013E00001000000000000FF40BF01FE1CE000E000C000C000C000FF00FFFF0000000000D6
:201400000000000000006FF000FFFF0000000000000000000000393100FFC03F08070403F1
:20142000020100010001F3E300FF20DF3FC020C00080008000808F1C00FF00FF00000000CB
:20144000000000000000B77800FF01FE00000000000000000000E1C100FFFC0300010100BD
:20146000000000000000FBFF40BF07F810E020C000C000C000C08F0C0EF0F80000000000D3
:20148000000000000000C6C70000FF00000000000000000000001C3E0E01FF000000000058
:2014A0000000000000009F7F02FDC03F201F010E01060106050271FF00FF408080000000FE
:2014C000000000000000CFFF0DF20000000000000000000000009FFF807F0300000000009F
:2014E000000000000000B7C800FF800000000000000000000000F80700FF100F010E000EB4
:2015000008060806080600FF00FF80000000000000000000000000C000C000C000C0804063
:2015200080408040A0400001000100010001000100010001020100800080008000800080C1
:2015400000800080008000C000C000C000C0408040804080408005020502050201060007E8
:201560000007010609060806080608060006000600060806080600000100FF0001FEFE00F9
:2015800000000000000000E010E00CF0C13E3F00000000000000000000000000FC03FF0043
:2015A000010000000000000000000000778807F88060A040E000030006011C03F708F8006C
:2015C0000000000000004080608000FFC03F0300000000000000000000000FF003FCFF006D
:2015E00003000100000000000000FF0000FF00FF1FE030C000C000000100FC0300FF01FE3D
:20160000FF000000000000C000C030C00FF0F00F800000000000000000000000FF0000FFDF
:201620000100000000000000000000003F0000FFF20C201C001C000000000700F00F7F8010
:201640000000000000000807100FE01F1FE0000000000000000000007C8000FFFF00000064
:20166000000000000000000000007F80E01F0E0101000100000000000000FF0000FF07F85E
:2016800020C04080800000000000FF0000FFFE000000000000000806110EC03F00FF0C00F7
:2016A000000000000000000000007F807887000000000000000040004000400040004000EC
:2016C000C000C000C00040804080408040804080408040804080100C100C14081408100C3E
:2016E000100C100C100C8000800080008000C000C000C00040800000000000000000000096
:2017000001FE00FF3F0000000000000000000000FF0000FF1FE0000000000000000001008E
:20172000807F00FFFF00C000C000C000A04020C020C01CE0FC0000000000000000000000D4
:20174000000000000F000100010001000201020106011F00F708408040804080408000C08C
:20176000A0409060FF00000000000000000000000000000039C000000000000000000000A1
:201780000000FF00F900120C120C020C000E010E3807C03FFF0000000000000000000000AD
:2017A00007F800FFFF0000000000000000000000FF0000FF00FF000000000000000000002F
:2017C000BF000FF0F00000000000000001000100F00FE01F0F0000C0408000C000C020C06C
:2017E00000FF00FFFF0000000000000000000000F00001FEF00F00000000000000000000FE
:201800000000F80721DE0000000000000000000038077887E00020C08143834787478F469B
:201820008E460E460E460000E3C3F3E363F333734333030303030000B818B819B919B919ED
:20184000BB19BB193BF97B00FFFF010101FDF90509050905F9F5F91501FF01010101010117
:20186000010101010101010140A453AC609F40A857A8609F50AC6B940122DE2100FF00027A
:20188000FD0200FF0020DF2052A9A25952A9AA55142B0AF5D52A0225FB04000400FFBF40D6
:2018A000004000FF7B848044D6290A3506F9EA15021506F9CA3502257F807F807F807F80B2
:2018C0007F807F807F807F80BFC0BFC0BFC0BFC0BFC0BFC0BFC0BFC0FFFFFFFF80FFBEC01B
:2018E000BCC0B8C0B1C0A2C0FFFFFFFF08FF2F085F08BF087F08FE08FFFFFFFF01FFE1034C
:20190000C503890315032D03FF01FF01FF01FF01FF01FF01FF01FF01A0C0A0C0A0C0A0C0AB
:20192000A0C0A0C0A0C0A0C08BA88BA888A88CAB8CAB8CAB8CAB8FAFF915F915191519F51F
:2019400019F519F519F5F9F501010101010101010101010101010101FFFF8BC097C0AFC050
:201960009FC0BFC0BFC0FFFFFFFFF808F908FA08FD08FB08FF08FFFFFFFFBD037D03FD03C0
:20198000FD03FD03FD03FFFF80A080A080A080A080A080BF8080FFFF090509050905090534
:2019A000090501FD0101FEFFBFC0BFC0BFC0BFC0BFC0BEC0BDC080FFFF08EF08DF08AF088B
:2019C0004F088F080F0800FFFD03FD03F903F503E903D103A10301FFA0C0A0C0A0C0A0C02B
:2019E000A0C0BFC080FFFFFF00000000000000000000FF0000FFFFFF010101010101010187
:201A00000101FF0101FFFFFF49B2A95250AB28D754AB0AF5052AD32D924D954A0AD514EB0D
:201A20002AD550AFA054CBB4D32D052A0AF554AB28D750ABA95249B2CBB4A05450AF2AD5A7
:201A400014EB0AD5954A924D02FDF50A0A1514EAAA5450AFA25452A4896441BC4924492422
:201A6000492408E74924492440A4AB5450AF28D455AA4A95459A4A951C1C3E2263416341D6
:201A80005D63417F227F1C3E38387C44C682C682BAC682FE44FE387CBFC0BFC0BFC0BFC019
:201AA000BFC0BFC080FFFFFFFF00FF00FF00FF00FF00FF0000FFFFFFFF01FF01FF01FF01B4
:201AC000FF01FF0101FFFFFFC024AB54D02FA85455AA4A95459A4A9500FF01FF01FF01FF8F
:201AE00001FF01FF01FF01FFFFFF0000007F20402040204020402040FDFF030303FB030B7B
:201B0000030B030B030B030B609F679840A850AF669950A940B9619E895209F2419E499228
:201B20004891489148914891914A904F82799249128912891289128940BFAF5050A82857D0
:201B4000552A0AF5452A4A2506F9E61902150AF566990A95029D867901FF01FF01FF01FFD9
:201B600001FF01FF01FF01FF2F472F482F482F482F482F482F482F48FEFFF107F107F107C9
:201B8000F107F107F107F1077F3F7F407F407F407F407F407F407F40F0F888388838883846
:201BA00088388838883888383F3F6847D4BBB8BBB8BBD0BB67403F3F83CB43EB23FB23FB1B
:201BC00023FB23FBC36B83CB6A9555AA6A9554AB28D7D1AEAFD0607F926412A410E7807ED4
:201BE00052A4A45BFF0000FF419E4891489100FF14CBC936FF0000FF4924492408E7017E3E
:201C00004A2525DAFF0000FF82791289128900FF28D3936CFF0000FF4926482508E7017EE6
:201C20004A2525DAFF0000FF56A9AA5556A92AD514EB8B75F50B07FFFFFF0000007F3F403B
:201C40002040204020402040FFFF000000FFFF000000000000000000FDFF030303FBF30B0A
:201C6000130B130B130B130B2F482F482F482F482F482F4828482F47F107F107F107F1075C
:201C8000F107F1070701FEFF7F407F407F407F407F407F4040407F3F883888388838883897
:201CA000883888383808F0F8030B030B030B030B030B030B030B030B7FFF808080BF9FA010
:201CC00090A090A090A090A0FEFF010101FDF9050105010501050105BFFFC0C0C0DFCFD0B5
:201CE000C0D0C0D0C0D0C0D0FFFF000000FEFC0204020402040204020FD08FD08FD08FD096
:201D00008FD08FD08FD08FD020402040204020402040204020402040130B130B130B130BCF
:201D2000130B130B130B130B00FF00FF00FF00FF00FF00FF00FFFF0040C040C040C040C033
:201D400040C040C040C0C040C0D0C0D0C0D0C0D0C0D0C0D0C0D0C0D001030306040F040FD0
:201D6000040F040F02070103FCFCE6020BDD1DDD1DDD2BDD16E2FCFC0307070C081F081F11
:201D8000081F081F040F0307FCFACC0616BA3ABA3ABA56BA2CC6FCFA8FD08FD08FD08FD0E4
:201DA0008FD08FD08FD08FD004020402040204020402040204020402C1D3C3D2C2D3C2D324
:201DC000C2D3C2D3C2D3C2D3FFFF80003F803F803F803F803F803F80CF9F5C50D15CD15C43
:201DE000D15CD15CD15CD15CFEFC0202FE02FE02FE02FE02FE02FE027FFFE0808FE08FE075
:201E00008FE08FE08FE08FE0F4E21412F412F412F412F412F412F412C2D3C2D3C2D3C2D392
:201E2000C2D3C2D3C2D3C1D33F803F803F803F803F803F803F80FFFFD15CD15CD15CD15C64
:201E4000D15CD15CD15CCF9FFE02FE02FE02FE02FE02FE02FE02FEFC8FE08FE08FE08FE0D7
:201E60008FE08FE08FE07FFFF412F412F412F412F412F412F412F4E23F5F34636A5D5C5DE2
:201E80005C5D685D33603F5F80C040E020F020F020F020F0C06080C0000000000000000093
:201EA00001030306040F040F0000000000000000FCFCE6020BDD1DDD130B130B130B130BB5
:201EC000130B130B130B120B20402040204020403F40007F0000FFFF030B030B030B030BD7
:201EE000F30B03FB0303FDFF040F040F0207010300000000000000001DDD2BDD16E2FCFCBF
:201F0000000000000000000000FF40804080408040804080408040800F1F1C10111C111CCE
:201F2000111C111C111C111C40804080408040804080408040804080111C111C111C111C39
:201F4000111C111C111C0F1F204020402040204020403F40007F00000000000000000000EE
:201F60000000FF0000FF0000130B130B130B130B130BF30B03FB03039FA09FA09FA09FA0CF
:201F80009FA080BF8080FFFF90A090A090A090A090A080BF8080FFFF000000000000000098
:201FA000000000FF0000FFFF0105010501050105010501FD0101FFFFC0D0C0D0C0D0C0D0C8
:201FC000C0D0C0DFC0C03FFF0402040204020402040200FE0000FFFF8FD08FD08FD08FD07E
:181FE0008FD08FD080DF00C0FF00FF00FF00FF00FF00FF0000FF000013
:020000040001F9
:2038960075000300F971FDF9FDDDDD8D9D8D9D8D9D8D9F60A3C7C78FCC8FDC8CDC8CCE8C34
:2038B600CF8FF800CE8CEECCEEEC6FEC8F6C0E0C0E8C19003C787EFCCEFEC6CEC8C6E0C0CF
:2038D600F0F8FE000706070607060706070607060706000073337733773377337733773399
:2038F600773300001D19199D999DD99D99DDD9DDF9DD0000FCF8F8FCF880C080C080C0804E
:2039160080F80000383038303830383038303830383076080E0C0C0E1E0E0E1E1E1E1F1EBE
:203936001A1F00003131713979397D39793D7D3D7F3D0000C78387CF8FCE8ECC9CCC9CCC71
:203956009DCC0000CE8CEECCEEECEE6C0E6C0E0CEE0C0700E767E767E766E766E766E7663B
:20397600E667E21CE4F8E8F0F80000000000000000E02E462E462E462E462E46A64727C73B
:2039960003E3030303030303730333736373F3E3E3C3FBF91BF9BB19BB19BB19B919B81984
:2039B600B8189D8D9D8D9D8D9D8D9D8DBDDDF9FD73F9CF87C281C080CC80CC9CDE8CCF8FFE
:2039D600EF87CECCCEEC6EECEE6CEE6DEFECEECC8ECCFC7C2C1E060ECE06CEC6EECEFEFC15
:2039F600F87C070607060706070607060607030705037733773377337733377377F3F7E347
:203A1600C7E359FDF97D797D397D393D393D391D191DF8F8C0F8C080C080C080F880F8FC22
:203A3600F8FC383038303830383038303F303F3F3F3F3F1B133B373B3F3F7F3F337161F1BD
:203A560069F1753F7F37F73773B7F3B3F3B3F3B1B1F19DCD9DCD9CCC9CCC9CCC8DCE87CFE5
:203A760083C7EEECEEECEE6CEE6CEE6CEDEEC7EF83C7E767E767E766E76667E6E7E6E7C74B
:203A960087C7E0E000E0000000000800E008E4F8E4F80201F00F807F00FF0FF0000000007B
:203AB60000001CE000FF00FF00FFFF000000000000000100FC0300FF00FF87000000000073
:203AD6000000C00000FF00FF00FF08F0906020402040F00F00FF00FF00FF0000000000006F
:203AF600000001FE00FF00FF3FC00000000000000000FF0000FF00FF0F00000000000000A8
:203B16000000BF0000FFC03F807C88709060806000E0F00F00FF07F8000000000000000031
:203B3600000010E000FF700F00000000000000000000000000FF00FF0403000000000000FC
:203B5600000000001EE100FF00FF837C443848304030000000FF00FF1CE0000000000000F5
:203B76000000C43800FF00FF0000000000000000000000003FC000FF000000000000000037
:203B9600000000007F0000FF020101000100010000010000FF0000FF07F820C000C000C02D
:203BB60040800000FE0100FFF7080000000000000000C33C00FF00FFE00000000000000055
:203BD6000000800000FF00FF000000000000000000006000600060006000600060006000B1
:203BF600402000E020C020C020C020C0A040A040A04040304030003000300030003000307F
:203C1600403001000100010001000100010001000100408040800080008000804080408096
:203C36000080000000000000000080000FF000FF00FF00000000000000000300B04F00FF70
:203C560008F00000000000000300E01F00FF01FE00000060106090601CE000FF00FFFF009D
:203C7600000000000000000000000FF000FF30CF00000000000000000000807F01FE04F837
:203C960040300000000000001F0000FFFF0000000000A040B04010E003FC00FFFE010000C4
:203CB600000000000000000000001FE000FF0C0301000000000000000000FF0000FF1FE0E3
:203CD60000C00000000000000601F00F7F800000000040304830C43805FA00FFFC0000002B
:203CF6000000000000000000E10000FF7F0000000000000000000000FF0000FF807F201F13
:203D16000807000000000000FF0000FF07F830C08000010002010201F80700FFFF0000000D
:203D3600000000804080408030C003FC837C020000000000000000000000FF00E01F03007C
:203D560000000000000000000000FF0000FFC43B201F0000000000000000FF0000FF07F814
:203D760080009060106050201020102010200030003050205020002020002000200020006D
:203D9600200000C000C0C00040804080C000C000C0000007040304030403040300070007BC
:203DB6000007120C020C100C100C100C100C100C1408000000000000000000000000000012
:203DD600F900201020102810281020100830443800FF000000000000000000000000000021
:203DF600C03F00000000000000000000000000008E710000000000000000000000000100AE
:203E160000FF30003000102040204020106010E001FE0000000000000000000000000000DE
:203E3600FE000000000000000000000000000100C639C00000C000C08040C000804020C00E
:203E560018E0010601060106010609060906100FC03F00000000000000000000000080007C
:203E76003CC00408040804080408000C120C021C403E02FD14EBC300000000000000000079
:203E9600000000FF00FFC03F3E01010000000000000000FF00FF00FF02FC807810601060FC
:203EB600402000FF01FEF8000000000000000000000000FFE01F1F00000000000000000079
:203ED600000000FF00FFF80703000100000000000000F00F00FF07F808F010E08060806026
:203EF600A04007F800FFFF0000000000000000000000FF00788706010100000000000000C9
:203F16000000F90600FF01FE02FC807C641820182810F807FC0300000000000000000000AA
:203F3600000000FFFF0000000000000000000000000000FF807F3F00000000000000000030
:203F56000000FF0018E7807F201F001F010E000E000EFF0033CC3FC0608080000000000068
:203F76000000FF00FF00FF00FF000100000000000000817E807FC03FFF0000000000000032
:203F960000008000FB0400FFE01F1F000000000000004020600040206000600060005020BF
:203FB6005020A040A040A040A040A040A040A040A0402810281028102810281028102810F3
:123FD6002810080608060A040A040A040A040A040A0431
:020000040000FA
:202A5A00E8F5F8017B2272F80979227001CBC0F8012A5F3A2B571A222A5F566B6223E57D34
:202A7A00F80777E17CF80677F8007EB7CAE02B696023E57DF80577E17CF80477F8007ED614
:202A9A0025C2A92BF8052A5F3A571A5E235613FE25CA6E2BFE442816FE63CA392BFE642827
:202ABA004BFE66CA5B2BD674CA472BC3732BF8057B227A322A5F561AC6D0EA3DD9F8092A16
:202ADA005F561A6F131A67C5E51E0B21015CCD393BE804F80473FAD9C1B72805C5CD6E396C
:202AFA00E1F8046E2600094D44C3C02BF8092A5F561A6F131A67AFEA3DD9C5E51E0B210162
:202B1A005CCD393BE804F80473FAD9C1B72805C5CD6E39E1F8046E2600094D44C3C02BF841
:202B3A00092A5F561A02F8032A4F4618793E0102F8032A4F46F8092A5F561AC60202031852
:202B5A00653E0202F8032A4F46F8092A5F561A3C02031852F8057B2272F8052A5F5621014B
:202B7A00007B955F7A9CF808327B222B2A5F3A2B571A222A5F566B6223E57DF80377E17C3B
:202B9A00F80277F8067E02F8032A4F46C3692AF8005EF8057EF80177F8067EF802227B02C6
:202BBA002A4F46C3692AF8052A5F566B6223E57DF80377E17CF80277F8092A5F3A571B1B27
:202BDA007B2272C3692AAF02F8052A4F46E80BC9E8F4F8122A4F46595013131AE0901AEA4B
:202BFA0000203333C5D1D51AF80A22131A323A2B77F80B3A2B2236C92336C121080009E597
:202C1A007DF80477E17CF80377F8147EF80777F81435F8077EB72864F80A7EF80477F80BE4
:202C3A007EF80577F80A2A5F3A571B1B7B227A322B2B2A5F561A6F131A674D44CB21CB1043
:202C5A00CB7C280DF8022A5F561A6F131A67091804213FC3095D541AF80622131A77F8040C
:202C7A002A5F2A572A12132A122A5F5621020019E57DF80A77E17CF80977188DF8082A5FAC
:202C9A005601C9C1CD5A2AE1E5792270E80CC93B3BF8082A4F462108000933335D54D51AED
:202CBA004F131A4721FEFF095D544B420AE0900AEA00207BC6FC4F7ACEFF476B622B2B2ADD
:202CDA006E5F55CD5A2AF80A7EB72817D1D51A4F131A475EAF6B672979954F789C47E1E5E8
:062CFA007922703333C99A
:020000040002F8
:201FF800FA23DAEA24DAF8087EEAC4C0AFEAC9C0EAC2C0F8097ED6343E00174F7EC6CC47EC
:20201800FAB9C0B7282EF8097ED674D0CB412015F8097EC68C2601E533F5331E012106428E
:20203800CD393BE1C9AFF533C5331E01210642CD393BE1C979B7C8AFF533C5331E0121064E
:2020580042CD393BE1C9F8087EB7280ACD900521E4C17B2272C9CD980521E4C17B2272C9CC
:20207800F8093A8787874F7E87878721C0C07121BFC071EABEC0EABDC0C9F8087EB7280EF0
:20209800237EF5331E0121994CCD393B33C90E00F80946CB402814FABDC021BEC09620098C
:2020B800FABFC021C0C09628020E01CB482808FAC2C0B720020E01FA26DACB502806CB6703
:2020D80020020E01CB582806CB6F20020E01CB602808FA26DAB720020E0179B7C8F8062A9E
:2020F8004F4621100009360169602A66C6FD5F7CCEFF577B02037A02C9F80A7E3C2008FA04
:20211800C5C0F80A77180DF80A7ED6FE2006FAC6C0F80A77F80A3A4F3A878787477E8787E4
:20213800875F21C0C07021BEC07379D6FD200921BFC07021BDC073C921C1C071C9CD9005E1
:20215800F8094EAF69672929292929194D44F8086E2600095D5421E6C17B2272F80A7EEA93
:20217800E8C1F80B7EEAE9C1F80C7EB73EC920023ECAEAEAC1C93BF80D7EB72803AF180258
:202198003EFFEACAC0F80E4E79E602F80077CB41284BF80C3A573A5FD53A575ED51E0121CC
:2021B8001C41CD393BE804F8007EB7CA5E62F80C3A5715153A4705053A5F1C7E3CF80D66A2
:2021D800E533D533C53363E533F533F80C2A5F56D51E08215561CD393BE8071869FAB9C053
:2021F800B728233E01E04FFAF0C1E60721EFC14EB1F533F80D3A573A5FD53A575ED5CD48EA
:2022180038E805AFE04FF80D7EB73EC920023ECAF533F80D3A573A5FD53A575ED5CD4838FB
:20223800E805F8007EB7281EF80D3A573A5FD53A573A5FD53A2BF5332A5F56D51E08215546
:2022580061CD393BE80733C9F8087ED614302D237ED61230273E12962B473E1496F80B668B
:20227800E533F80B6668E5F533AF0FF5F80C2A5F56D51E08218E61CD393BE808F8093A87BC
:2022980087874F7E87878721C0C07121BFC071EABEC0EABDC0C9E8F7F80F7EF80077F81020
:2022B8007EF80177F8112A4F46CB21CB10CB7E281DD1D521080019E57DF80977E17CF808DC
:2022D800322A5F561A6F131A67094D7C1806213FC3094D7CF8077123327EF80277F8087EA1
:2022F800F80377F8147EB7CA9A63F8072A5F561AF80422131A77F8147EF807223600F807B2
:202318005D54F8041A1396231A9E1A57CB7E2807CB7A2008BF1805CB7A2801373E0017F836
:202338000677B72806234E06001805F8042A4F4679D60178173F1FDE803009F8073E0122A0
:20235800AF771811F8067EB7200BF8047EF807322B7EF80877F8074EE1E5232346D1D51A8E
:202378006F131A5D5779F533F8153AF5337EF533C533D51E0121E04ACD393BE8064F060084
:202398001803010000F8022A666F792270F80F2A4F4659501AF80522131A77F8145E160039
:2023B8006B62291929E57DF80977E17CF808322A5F56F8052A666F195D547B02037A02E8DB
:2023D80009C9F8084E21E3C1710600696029093EB0854F3E058C470AEAE2C16960232A4FBA
:2023F80046FAE2C1F533110800D511DAC1CDD911C9CD9005F8094EAF69672929292929198A
:202418004D44F8086E2600094D44FAB9C0B728243E01E04FFAF0C1E60721EFC15EB3F5335F
:20243800F80C3A575ED5C51E0C218E4DCD393BE805AFE04FF80C7EB73EC920023ECAF53333
:20245800F80C3A575ED5C51E0C218E4DCD393BE805C9FA06D65FF80D7ECD0C0EF80C7E1E7B
:2024780000814F7B8847FAB9C0B7282D3E01E04F792101D686235F788E57C5F80D3A473AE2
:202498004FC53A474EC5FA06D667FA00D66FE5D5CDD014E808C1AFE04F7921FED586234FA1
:2024B800788E47F80B3A573A5FD53A575ED5FA06D667FAFDD56FE5C5CDD014E808C9E8F489
:2024D800F8142A4F46CB21CB10CB7E280FF8122A5F56210800192A666F091804213FC30957
:2024F8004D44210A00097EC52106D65ECD0C0EF80C792270C1210800095E1600F80A2A6672
:202518006F193333E521060009E57DF80477E17CF8037721040009E57DF80677E17CF8059D
:202538007721020009E57DF80877E17CF80777FAB9C0B7284B3E01E04FF8022A5F561AF83E
:202558000877F8042A5F561AF809322B2B2A5F561AF80A220A772101D62A5F56E1E5195DB5
:2025780054C5F80A2A472A4FC52A474EC5FA06D667FA00D66FE5D5CDD014E808C1AFE04F7F
:20259800F8022A5F561AF80B77F8042A5F561AF80A77F8062A5F2A23571A770A4F21FED53F
:2025B8002A5F56E1E5195D54F80B3AF5333AF53346C5FA06D667FAFDD56FE5D5CDD014E8F7
:2025D80014C9E8F0F8162A5F56F81A2A4F46CB21CB1021080019E57DF80577E17CF80477C1
:2025F800F81BCB7E280DF8032A5F561A6F131A67091804213FC3097EF80577F81C2A4F4625
:20261800CB21CB10CB7E280DF8032A5F561A6F131A67091804213FC3097EF80677F81E7E8E
:20263800F80777F81F7EF80877F8207EF809322A5F3A2B577ECDC111F80A712A322B2B2A86
:202658005F566B6223E57DF81077E17CF80F77F8077EF80E5E2356CDC111F80C712A77FAF8
:20267800B9C0B72850F8082A5F56210B0019E57DF81077E17CF80F77F8077EF533F80F2AE4
:202698004F46210100395D54CDA111F8004678B72823233E01E04F2A4F7EC53347C5F80FB7
:2026B8003A2BF5337EF533F80B3A575ED5CD8711E807AFE04FF8182A4F46CB21CB10CB7EF7
:2026D800280DF8032A5F561A6F131A67091804213FC3097EEAC7DAF8082A5F56210800193B
:2026F8004D44F8077EF533210100395D54CDA111F8002A472A666FC533E5F8103A2BF53327
:202718007EF533F80B3A575ED5CD8711E807AFEAC7DAE810C9F8087EEAECC1F8097EEAED7A
:0E273800C1F80A7EEAEEC1F80B7EEAEBC1C9D9
:020000040000FA
:202D0000F090E09821AFD67ED60B3003461802060BFAB9C0B72834FA00D6E090EA00203E04
:202D200001E04FC5FA06D6F533FA01D65F2102D656D53E01F533C533FAAED667FAADD66F1C
:202D4000E5CD8D14E807C13E00E04FFAFDD5E090EA0020C5FA06D6F533FAFED55F21FFD5D9
:202D600056D53E01F533C533FAAED667FAADD66FE5CD8D14E807C121ADD67E807721AFD636
:202D80007E9077F098E090F098EA0020C957F090E098FAB9C0B7282D3E01E04FFA00D6E06F
:202DA00090EA0020D5FA06D6F533FA01D64F2102D646C5211701E57BF533D533CD8D14E863
:202DC00007D1AFE04FFAFDD5E090EA00203E172106D696300406171804FA06D647FA06D6AF
:202DE000F533FAFED56FFAFFD567E53E01F5334BC5D533CD8D14E807F098E090F098EA000F
:202E000020C957F090E098FAB9C0B72830FA00D6E090EA00203E01E04FD5FA06D6F533FA73
:202E200001D64F2102D646C5F807662E01E57BF533D533CD8D14E807D13E00E04FFAFDD5DD
:202E4000E090EA0020FA06D6F533FAFED54F21FFD546C5F805662E01E57BF533D533CD8D62
:202E600014E807F098E090F098EA0020E133E9F090E09821ACD67ED60B3003461802060B2A
:202E8000FAFDD5E090EA0020FAB9C0B72831FA00D6E090EA00203E01E04FC5FA06D6F533EE
:202EA000FA01D65F2102D656D50E01C5FAABD667FAAAD66FE5CD8D14E807C13E00E04FFAB5
:202EC000FDD5E090EA0020C5FA06D6F533FAFED55F21FFD556D50E01C5FAABD667FAAAD667
:1E2EE0006FE5CD8D14E807C121ABD67E807721ACD67E9077F098E090F098EA0020C9D0
:020000040002F8
:20274600AF219CD62277AF219ED62277AF21A0D62277AF21A2D62277AF21A4D62277AF2148
:20276600A6D62277AFEAA8D6EAA9D61E08217967C3393BAFEAAFD6EAACD62198D63EFF22E8
:20278600367F219AD63EFF22367FAFEABCC0C93B3B2130D92A4F46CB38CB19CB38CB19CB03
:2027A60038CB19CB38CB19CB38CB1911500079935F789AF80132732132D92A4F46CB38CBF4
:2027C60019CB38CB19CB38CB19CB38CB19CB38CB1979C6B85F78CEFF57E5F803CB7EE12022
:2027E6000CC1C521A0D6799623789E300EFAA0D6F80077FAA1D6F80177181421A4D62A91E2
:202806007E98300B2B7EF80077FAA5D6F80177CB7A200C4B4221A2D6799623789E300AFA51
:20282600A2D65F21A3D656180D21A6D62A917E9830042B2A5F562198D62A4F46CB28CB19D5
:20284600CB28CB19CB28CB1921B4D679223600219AD62A4F46CB28CB19CB28CB19CB28CB8C
:202866001921B0D679223600C1C5CB28CB19CB28CB19CB28CB1921B6D6792236004B42CBE0
:2028860028CB19CB28CB19CB28CB1921B2D679223600F8007EEA98D6F8017EEA99D6219AA5
:2028A600D67B2272FAA8D64F079F47E1E5097DEA9CD67CEA9DD6FAA9D64F079F4779832126
:2028C6009ED622788A771127DACDE968B72011112DDACDE968B720081133DA3333C3E9681E
:2028E6003333C9E8F1F80D7B227A322A4F46030AF80A77F80D2A5F5621050019E57DF80DAD
:2029060077E17CF80C222A5F56210300193333E5F80A7EB7CA626AF80D2A666F23234E7972
:20292600D67F2007AFF8052277183BCB79281EAF914FFA9CD6F80577FA9DD6F806770C187E
:2029460007F805CB2623CB160D20F61819FA9CD6F80577FA9DD6F806770C1807F806CB2E40
:202966002BCB1E0D20F6F8057EF80B5E23666B77F8052A4F2A47CB38CB19CB38CB19CB381B
:20298600CB197121B6D62A4F460BF8072A77F80D2A5F5621040019E57DF80B77E17CF80A68
:2029A6007721B4D67E91201D237E902018F8082AC6154F2A5F561A47D1D51AC5335F79CD49
:2029C600022EC35E6A21B6D62A5F566B6223E57DF80D77E17CF80C77FAB4D6F80B96204D7A
:2029E600FAB5D6F80C962045F8077EF80B22AF322A5F562101007B955F7A9CF807327B2276
:202A0600CB7E2807AFF80B2277180CF8087E3DF80C773A22079F77F80B3A2B4F2A5F561A6A
:202A260047D1D51AC5335F79CD022E182BFAB4D621B6D6962009FAB5D621B7D6962819F887
:202A4600092A5F561A47D1D51AC533F533010000F8072A5F56CD8B6DAFC3786DFA9CD6F8E8
:202A66000B5E23666B7721B6D62A5F562101007B955F7A9CF80B3273FAB6D6F80C7721B2CD
:202A8600D62A5F562101007B955F7A9CF803327B2223FAB2D63D322A2307E601322A23221A
:202AA600079F77FAB4D6F80A96C2556BFAB5D6F80B96C2556BF80C7EC615F80822D1D51A76
:202AC600772A23223600F80B5D54F8021A1396231A9E1A57CB7E2807CB7A2008BF1805CB8B
:202AE6007A2801373E0017F80A77B7280CF8027EF80B77F8037EF80C77F80CCB7E28062BB1
:202B0600AF2277181BF80A7EB72808F8047EF80C771806F8097EF80C77F80C3A22079F7743
:202B2600F80B4EF8057EB728051100001804F8062A5F43C559F80A7ECD306EC1C533F80925
:202B46007EF5331E0421E153CD393BE1C3506CFAB6D64F21B7D6460321B4D67E91C2096CF4
:202B6600237E90C2096CF80BCB7E28040E001805F80C7E3D4FF80A7922D1D51A774E06000E
:202B8600F802799623789E7857CB7E2807CB7A2008BF1805CB7A2801373E0017F80C77B731
:202BA6002804F8022A46CB782807AFF80B22771819F80C7EB72808F8047EF80C771804F819
:202BC6000B2A77F80C3A22079F77F80B2A77F8057EB72807AFF80822771808F8062A2332DC
:202BE6002A2377F8087EF80B223A2B5F7ECD306EF80B3AF5337EF5331E0421E153CD393BF8
:202C0600E11847FAB4D621B6D6962009FAB5D621B7D696282C2115D67E3D2005D1D51A189D
:202C2600023EFF2615E533F533FA9ED64F219FD646FA9CD65F219DD656CD8B6D3E01C37847
:202C46006DFAACD6B72803CD6F2E21B2D62A5F562101007B955F7A9CF808327321B6D62A8E
:202C66004F3A470B5EFAB2D6F809777B3DF80C322B7807E60122233A22079F77FAB0D6F866
:202C860007962037FAB1D6F80896202FF80A7EB7280423AF2277F80B2A77F8092A23C6133B
:202CA600772A5F7ECD0E6EF80B2AF5337EF5331E04219153CD393BE1C3766DFAB2D64F216B
:202CC600B3D6460321B0D67E91205F237E90205AF80A7EB7280423AF2277F80B2A32D1D569
:202CE6001A77F805223600F8075D54F8051A1396231A9E1A57CB7E2807CB7A2008BF18056B
:202D0600CB7A2801373806F8092A233D77F80B2A47C5587ECD0E6EC1C533F80D7EF5331EEE
:202D260004219153CD393BE11846FAB0D621B2D6962009FAB1D621B3D696282B2115D67E7E
:202D46003D2005D1D51A18023EFF2615E533F533FA9ED64F219FD646FA9CD65F219DD6562B
:202D6600CD8B6D3E01180BFAAFD6B72803CD002D3E01E80FC91E08217967CD393B1E08211D
:202D86009567C3393B3BAFEAAFD6EAACD6CB2ACB1BCB2ACB1BCB2ACB1BF80073AF6B672B8D
:202DA600CB7C28041E001805F8007E3D5FF80073CB28CB19CB28CB19CB28CB19591600F8F6
:202DC600037EF5079F47F16F6019CB7C28040600180579F80386470E00F8047E912825FA7A
:202DE60007D690281FC558F8027ECD8D2DC1C5C533F8037EF5331E04219153CD393BE1C1D4
:202E06000C0418D533E1F1E957FAAFD6B72807D5CD002DD118F37B2107D696D021ADD67265
:202E260021AED67321AFD63617C9474BFAACD6B72807C5CD6F2EC118F321AAD67021ABD616
:202E460071FA07D6591600936F9F92475816003E15BD3E0098CB7B2807CB7A2008BF180529
:132E6600CB7A28013730043E151804FA07D691EAACD6C974
:020000040000FA
:202EFE00FA15D82116D846C6274F30010459501A2119D822131A7769602A4F462118D83A99
:202F1E00B6280C2A666F1127001979227018062111D8792270FA15D82116D8666F11270018
:202F3E0019FA13D822FA14D877FA15D8EA13D8FA16D8EA14D8FA19D8EA15D8FA1AD8EA16CE
:202F5E00D8C9E8F6FA11D8EA15D8FA12D8EA16D8AF2117D82277FA9CD647219DD64ECB297D
:202F7E00CB18CB29CB18CB29CB18FA9ED64F219FD65ECB2BCB19CB2BCB19CB2BCB19697882
:202F9E003D3DB83801AFEA1BD878C6164F789130037918023EFFEA1CD87D3D3DBD3801AFF3
:202FBE00EA1DD87DC6144F7D9138020EFF211ED871FABCC0EA1FD82116D83AB6CAE2322A33
:202FDE00666F111700197EB72005CDFE2E18E83D77FA15D84F2116D846212100097E21BC85
:202FFE00C0A620372108000934FA15D85F2116D856210800194D440AF80977210A00197ECE
:20301E00F809962016210B00197EE6012008210900197E021805F8097E3D02FA15D8F8086E
:20303E0077FA16D8F809322A5F561A4F131A47FA15D82116D8666F110400192A666F094DD6
:20305E0044587B211BD89638077B211CD8963806CDFE2EC3D52FF8082A666F792270FA1515
:20307E00D84F2116D84621020009E57DF80877E17CF807322A5F2A571A22131A7721060012
:20309E00092A4F46F8082A666F094D44587B211DD89638077B211ED8963806CDFE2EC3D5FC
:2030BE002FF8062A666F792270FA1FD85F211FD834FA15D84F2116D8467BE603C2CB32F879
:2030DE00002277212600095EFA15D8F80677FA16D8F80777210C0009E57DF80A77E17CF86B
:2030FE0009771DC20D322B7EF80277F8097EF803221146D11A22131A77214BD12A4F46F862
:20311E00042A666F094D44F8062A5F2A571A22131A77F8022A666F23232A565FF8082A665E
:20313E006F195D547B917A983827214DD12A4F46F8042A666F094D44F8022A5F561A6F13B3
:20315E001A5D57F8082A666F195D547993789A3007F8093600C3FE311148D11AF8042213C7
:20317E001A77214FD12A4F46F8042A666F09E57DF80A77E17CF80977F8062A4F3A470303EE
:20319E0059501A22131A77F8022A5F56210600192A4F46F8062A666F094D44F808799623E7
:2031BE00789E38322151D12A4F46F8042A666F09E57DF80A77E17CF80977F8022A5F5621C1
:2031DE000400192A4F46F8062A666F094D44F8082A917E983006F80936001804F8093601CC
:2031FE00F8097EB72823F80036452336D1181A110000D5F8082A5F2A57D52A5F56D51E04C6
:20321E0021B059CD393BE808C5FA15D84F2116D846F8013AB6CACB32D1D5213300195D5471
:20323E001A5F212600097EA3CACB32D1D5212900195D541AF80577B7285BD1D5213100192C
:20325E00E57DF80A77E17CF809322A5F56131A073043212500097EF806223600D1D5213144
:20327E000019E57DF80A77E17CF80977D1D5212A00192A4F46F8062A235F1600D53E01F5D5
:20329E00332A5F56D5C5F80C7EF5331E0421A54CCD393BE808FA15D84F2116D846210B009E
:2032BE00097E0FE6012006CDFE2EC3D52F2117D8792270212700095D541A2115D822131AF9
:2032DE0077C3D52FE80AC9E8FCFA11D84F2112D846F090E09978B1CA8A3369602A666F29D6
:2032FE0029297C219CD65E93F80077696023232A666F2929297C219ED65E93F803772114BD
:20331E0000095D541AE0901AEA0020211500092A6E5F55FAEFD5F80177211800097EEAB113
:20333E00DA6B622323232A666F79C6085F78CE00571A1E0087CB13856F7B8C67233A5E570C
:20335E0021AFDA7B2272AFEAB2DAF8037E32AF322B5EF8033A2B57C57ECDA50FC121EFD53B
:18337E008677212700092A4F46C3F332F099E090F099EA0020E804C901
:020000040002F8
:202E7900AF2113D82277AF2111D8227701B8D679D68578DED7D021270009FA13D822FA14CD
:202E9900D8772113D8792270212900094D4418DF000306090C101316191C1F2225282B2E65
:202EB900313336393C3F414447494C4E515355585A5C5E60626466686A6B6D6F707173742A
:202ED900757678797A7A7B7C7D7D7E7E7E7F7F7F7F7F7F7F7E7E7E7D7D7C7B7A7A7978765F
:202EF90075747371706F6D6B6A68666462605E5C5A585553514E4C494744413F3C393633A6
:202F1900312E2B2825221F1C191613100C09060300FDFAF7F4F0EDEAE7E4E1DEDBD8D5D267
:202F3900CFCDCAC7C4C1BFBCB9B7B4B2AFADABA8A6A4A2A09E9C9A9896959391908F8D8C47
:202F59008B8A88878686858483838282828181818181818182828283838485868687888AD2
:202F79008B8C8D8F9091939596989A9C9EA0A2A4A6A8ABADAFB2B4B7B9BCBFC1C4C7CACD4B
:202F9900CFD2D5D8DBDEE1E4E7EAEDF0F4F7FAFDE8EBFA13D8F80277FA14D8F803773AB64B
:202FB900CA7275F81B4E06006960290929092929E57DF81577E17CF814771185D73A6E671F
:202FD900194D44F8022A5F56210B00195D54211C00E5CDE20FF81236023EE0F81E96382318
:202FF9007ED6A03806F812360318183E60F81E963006F8123600180BF81E7ED6203804F872
:20301900123601F8022A5F5621080019E57DF81577E17CF81477F8022A5F5621090019E56C
:20303900F8042A5F5621190019D14D44F8122A87814F3E0088470A125E23666B77F8022A46
:203059005F56210A00195D54030A3C12F8022A5F56212300192A4F7EF813712377F8022AEB
:203079005F56212200194D440AF804322B7EF805322B7EF80677F81C2A4F4659501AF811C8
:2030990022131A77F8052A5F56F8112A12137E12F8022A5F5621020019E57DF80977E17C41
:2030B900F80877696023232A4F46F8072A666F792270F8022A5F5621040019E57DF80D77B4
:2030D900E17CF80C77F8043A2B4F06002A5F5621060019E57DF80F77E17CF80E22AF914F36
:2030F9009F9047792270F81E7ED6C02049F8052A5F561AF81122131A327EF80977F8127EA5
:20311900F80A322A5F56F8132A666F7B955F7A9CF81232732A4F46F8052A666F792270F887
:203139000B2A5F56F80F2A12137E12F80D2A666FAF2277C33A75F8047EF811223600F81EF7
:203159007ED6402056F8052A5F561AF80F22131A327EF80977F8107EF80A322A5F56F81334
:203179002A666F19E57DF81177E17CF810327EF81377F8107EF81477F8052A5F56F8132A8B
:2031990012137E12F80B2A5F56F8117E1213AF12F80D2A666FAF2277C33A75F81E7EB720E9
:2031B90048F8072A5F561AF81122131A327EF80977F8127EF80A322A5F56F8132A666F7B16
:2031D900955F7A9CF81232732A4F46F8072A666F792270F80B2A666FAF2277F80D2A5F2A53
:2031F900572A12137E12C33A75F81E7ED6802056F8072A5F561AF80F22131A327EF8097738
:20321900F8107EF80A322A5F56F8132A666F19E57DF81177E17CF810327EF81377F8107EDA
:20323900F81477F8072A5F56F8132A12137E12F80B2A666FAF2277F80D2A5F56F8117E1263
:2032590013AF12C33A75F81E7EF8127711A96E6E260019E57DF80B77E17CF80A322A5F56D9
:203279001AF81177F80B77F8127EC640775E160021A96E19E57DF80E77E17CF80D322A5F5B
:20329900561AF81277F80E77F8114E79079F47696029092909290929092909290929093390
:2032B90033E5F8007EF80F77F8017EF81077CB2E2BCB1E23CB2E2BCB1E23CB2E2BCB1E2363
:2032D900CB2E2BCB1E23CB2E2BCB1E23CB2E2BCB1E23CB2E2BCB1EF8124E79079F476960B1
:2032F9002909290929092909290929092909E57DF81377E17CF81277CB2E2BCB1E23CB2E6C
:203319002BCB1E23CB2E2BCB1E23CB2E2BCB1E23CB2E2BCB1E23CB2E2BCB1E23CB2E2BCBAE
:203339001EF8133EFF96233E009E304BF8052A5F561A4F131A47F80F2A5E814F7B8847F8A4
:20335900052A666F792270F8072A5F561A4F131A4779F8114E235E914F789B47F8072A6670
:203379006F792270F8132A5F5621FF007B955F7A9CF814327318AAAFF813B6CA9F74F8056E
:203399002A5F561AF81122131A222A775EF80B7ECDFF0DF80F792270F810CB2E2BCB1E23FE
:2033B900CB2E2BCB1E23CB2E2BCB1E23CB2E2BCB1E23CB2E2BCB1E23CB2E2BCB1E23CB2E0B
:2033D9002BCB1E23237EF80077F8127EF80177F80F7EF812322B7EF813322A5F56E1E51930
:2033F900E57DF81277E17CF811322A23322A2377F8052A5F56F8122A12137E12F8072A5FA9
:20341900561AF81222131A225EF80E7ECDFF0DF810792270F8107EF80577F8117EF80677E4
:20343900CB2E2BCB1E23CB2E2BCB1E23CB2E2BCB1E23CB2E2BCB1E23CB2E2BCB1E23CB2E8A
:203459002BCB1E23CB2E2BCB1EF8127EF80F77F8137EF81077F8057EF81377F8067EF8147C
:2034790077F80F2A5F56F8132A666F7B955F7A9CF81232732A23322A2377F8072A5F56F87F
:20349900132A12137E12F8022A5F5621040019E57DF81377E17CF812322A23322A2377F852
:2034B900092A5F561AF8045ECDFF0DF80F792270F810CB2E2BCB1E23CB2E2BCB1E23CB2E4B
:2034D9002BCB1E23CB2E2BCB1E23CB2E2BCB1E23CB2E2BCB1E23CB2E2BCB1EF8132A5F5615
:2034F900F80F2A12132A122A5F5621020019E57DF81577E17CF81477F80C2A5F561AF81239
:2035190077F8045EF8127ECDFF0D6960296C2600300125AF954F9F9447F8132A666F7922D4
:20353900702114D83AB628112A666F112700195D541A2113D822131A77F8022A5F562127BE
:1C35590000194D44FA11D80203FA12D802F8027EEA11D8F8037EEA12D8E815C980
:020000040001F9
:20796A00F8087EEA3BDAB72807F040F602E040C9F040E6FDE040C9FA23DA2124DA962807B2
:20798A00FA23DAF808A6C0F8062A4F4621100009360169602A666F2B2B7D02037C02C9016A
:2079AA0066D9F8087E3DE6076F26005D54292919094D4459501313F8092A120303032A5FED
:2079CA00567B02037A02C9018ED9F8085E7BB7C8CB432804F8097E02CB3B0318F0018ED98E
:2079EA00F8085E7BB7C8CB432802AF02CB3B0318F2F8082A4F46CB21CB10CB7E280FF80625
:207A0A002A5F56210800192A666F091804213FC3094D44111FDAF80A6E2600195E16007BB2
:207A2A0002037A02C9F8084E79E601CB492813B728081E0A21994DC3393B1E0A21B84CC398
:207A4A00393BB728081E0A21B34DC3393B1E0A21ED4CC3393B0196D9F8087E3DE6036F26DF
:207A6A00005D54292919094D4459501313F8092A120303032A5F567B02037A02C901AAD909
:207A8A00F8087E3DE6036F260029094D44F8097E02037E02C901AAD9F8087E3DE6036F2656
:207AAA000029093600C901AAD9F8087E3DE6036F260029094D44037E02C9E8FAF80C2A5F50
:207ACA002A572A4F46CB21CB10210800193333E5F80FCB7E280CD1D51A6F131A67094D7CEF
:207AEA001806213FC3094D7CF802712377F8102A4F46CB21CB10CB7E280CD1D51A6F131AFD
:207B0A0067094D7C1806213FC3094D7CF804712377F8122A4F46CB21CB10CB7E280AD1D557
:207B2A001A6F131A67091804213FC3095EFA06D6CD0C0EF8042A5F561A1E006F6309E57D62
:207B4A00F80677E17CF80532FAFDD54F2A5F5621FED52A666F195D5479CDC111FAB9C0B721
:207B6A002827FA00D647F8042A5F562101D62A666F195D54C578CDC11159C1531E0042F858
:207B8A00022A666F712370180A0600F8022A666F712370E806C9E8FCF80A2A5F56F8112A02
:207BAA004F46CB21CB1021080019E57DF80477E17CF80377F812CB7E280FF8022A5F561AFC
:207BCA006F131A67094D7C1806213FC3094D7CF800712377F80C2A4F46CB21CB10CB7E28B5
:207BEA000FF8022A5F561A6F131A67094D7C1806213FC3094D7CF802712377FAB9C0B7283A
:207C0A0011F8022A5F561A131ACB5F3E012001AFE04FF80F2A4F460303D1D51A6F131A6732
:207C2A0029292929094D44F8022A5F561AF80E66E533C5F81666E533F533CD3911E805AF59
:207C4A00E04FE804C9E8FCF80C2A4F3A2B2B47CB21CB102A5F56210800193333E5F80DCBFB
:207C6A007E280CD1D51A6F131A67094D7C1806213FC3097C4DF802712377F80E2A4F46CB0B
:207C8A0021CB10CB7E280BD1D51A6F131A67094D1805213FC3094D44F8105ECB432820FAB9
:207CAA0023DA2124DA962817F8022A666F3E01223600FA23DA5F16007B02037A021854CB9A
:207CCA004B2823C51E0B21475ECD393BC16FB72815E5F8042A666F3E02223600E11E007DF7
:207CEA0002037B02182DF80A2A5F56211000193601F80A7EF80277F80B7EF803322A5F56D3
:207D0A001A4F131A4779C6FA4F78CEFF473A6E67792270E804C9F8087EB72807F040F6040B
:207D2A00E040C9F040E6FBE040C9E8F3F8165EFA06D6CD0C0EF8156E260009E57DF80B77CC
:207D4A00E17CF80A32FAFDD54F2A5F5621FED52A666F195D5479CDC111F80B712A77F81894
:207D6A002A4F2A23477E07E601F80077F8132A5F56F81A7EF80177F81B7EF80232CB262356
:207D8A00CB1623030379227021080019E57DF80777E17CF806772114D6CB46C29D7EF80BDC
:207DAA007ED68030453E09F816963008F807AF2236801806F807AF223690F80C3A2236007D
:207DCA003E04F80BCB2623CB163D20F62B3A2B77F80C3A2B322A5F56F8072A666F19E57D12
:207DEA00F80D77E17CF80C77183CF80B3A2B22AF322A5F562180007B955F7A9CF80C3273B8
:207E0A003E04F80BCB2623CB163D20F62B3A2B77F80C3A2B322A5F5621008819E57DF80D21
:207E2A0077E17CF80C77F8007EB72821F8052A5F561AF80922131A322A5F56F8012A666F24
:207E4A0019E57DF80977E17CF80877181B113FC3F8012A666F19E57DF80B77E17CF80A328D
:207E6A003A2B77F80A3A2B77F8072A5F561A6F131A67292929294D44F8032A666F094D447A
:207E8A00F80B2A5F56F8177EF533211000E5CDFB111872FAB9C0B7281EFA00D64F2101D641
:207EAA002A5F56F8092A666F195D5479CDC111CB5928043E01E04FF8007EB72814F8052AA9
:207ECA005F561A4F131A47F8012A666F094D44180B013FC3F8012A666F094D440A6F26001D
:207EEA00292929294D44F8032A666F094D44F8177EF533C53E01F533F8107EF533CD391109
:207F0A00E805AFE04FE80DC9FABBC0E6F74FF8087EB7280BCBD921BBC07121004071C92158
:207F2A00BBC07121004071C9E8F9F80F2A4F46CB21CB10CB7E280FF80D2A5F56210800199C
:207F4A002A666F091804213FC3097EF80377F8127EF80477F8137EF80577FAB9C0B728523B
:207F6A00F8042A5F56210500194D44F8117EF533210100395D54CDA111F8004E79B7283242
:207F8A00233E01E04F2A477E585779CDC111F8007EF80677F8012A665F54131379F8066666
:207FAA00E533D5F533F8077EF533CD3911E805AFE04FF8042A4F460303F8117EF533210189
:207FCA0000395D54CDA111F8002A4F2A477E585779CDC111F8007EF80677F8012A665F54E0
:167FEA00131379F80666E533D5F533F8077EF533CD3911E80CC9F0
:020000040000FA
:20BA4A000000010000000000000101010101000001010101010101010001010101010101C7
:20BA6A000101010101010101000001000000000000010101010100000101010101010101A6
:20BA8A0000010101010101010000000101010000000002000000000000000001010100008D
:20BAAA00010101010101010100010101010101010000000101010000000003000000000067
:20BACA0000000000000000000004010100000000000501010000000100000001010101004A
:20BAEA000000060707070707070707070707070708090A0100000000000B01020000000CA5
:20BB0A00000000000001010000000D010E01010F010E01010F010E0110001101000000009A
:20BB2A000000120200000000000000000000000000000D131401151613140115161314010C
:20BB4A00100011010000000000001202000000000000000000000000000017181818181816
:20BB6A001818181818181818190000000000000000000000000000000000000000000000E2
:20BB8A0000000D011A011B1C011A011B1C011A0110001D1E1F2000000000001E1E1E2120A7
:20BBAA001E1E1E201E211E00221F2324250126012425012601242501100000000000000004
:20BBCA000000000000000000000000000000000000002728282828282828282828292A2A27
:20BBEA002B00000000001D2C201E1E0000000000000000000000000000000000000000006B
:20BC0A00002D2E2F3031323233000000000000000000000000000000000000000000000098
:20BC2A00343434343500000000363738393A3B3B331E1E1E1E1E1E3C003D3D3D3D3D3D3D99
:20BC4A003D3D3D3D3D3D3D3D3E3F404142434445464748494A4B4C4C4D4E4E4E4E4E4F5029
:20BC6A00515151515151515151515151515151510152535455565758595A5B5C015D5E5ED2
:20BC8A005F5959605961626364656565656565666565656665656651016768696A6B6C6D85
:20BCAA006E6F707070717272737475767778797A7B7C7D7E7F0001027F0001027B7C025104
:20BCCA00030401050607080808080808080932320A0B010C0D0E0B010F10111213141516BE
:20BCEA00131415160F101651011718191A1B1C1D1E1F202122233B3B242526012728252668
:20BD0A00292A2B2C2D2E2F302D2E2F30292A16513132333435363738393A3B3C3D3E4C4CA0
:20BD2A003F4041424344404145464748494A0101494A1516454B4C514D4E014F5036515241
:20BD4A005354555657585E5E595A015B5C5D5A015E5F60616201010162632F3001646551D7
:20BD6A006667686901366A6B6C6D666E6F70727271010101666E6F017273747576777801B3
:20BD8A0001010101777879517A7B7C7D7E7F81818282838384843232858586868783847E57
:20BDAA0087888889898A8A7E7E7E7E7E8A8A8B858B8C8C8D8D8D8D8D8D8D8D8D8D8D8D8D56
:20BDCA008D8E8E8F8F909091918D8D8D8D8D8D8D8D8D8D8D8D8D928D929393000000000050
:20BDEA00000000000000000000940094950095969600000000000000000000000000970024
:20BE0A009798980000000000000000000000000000000000000099999A0000000000000085
:20BE2A000000000000009A009B9B9C9C0000000000000000000000000000000000000000F0
:20BE4A000000009D9D9E00000000000000009E009F9FA0A0000000000000A1A1A2A200005E
:20BE6A000000000000000000000000A3A3A400000000000000009E00595959595959595968
:20BE8A00A4A5A5A6A6A7A759595959595959595959A8A8A9595959595959596060A9AA59C2
:20BEAA005959595959593F3F3FAAABABACACAD59595959595959ADAE59AEAFAF595959590D
:20BECA0059596060595960595959595959593F3FB0B0B1B1B2B2B33F3F3F3F3F59B3B4B45F
:20BEEA0059B5B5B65959595960605960605960605959595959593F3FB6B7B7B8B8B9B95976
:20BF0A003F3F3F3F59BABABB595959595959596059605959606059595959595959593F3F53
:20BF2A003FBBBCBCBDBDBE3F3F3F3F3F3F5959595959595959606059595960595959595923
:20BF4A005959595959593F3F3F3FBEBFBF3F3F3F593F3F3F59595959595959606059605975
:20BF6A0060596059595959595959595959593F3F3F3F3F3F3F3F5959595959595959595959
:20BF8A0059606059605960596059595959605959595959595959595959595959595959594D
:20BFAA00595959595959606059595960595959595959595959595959595959595959595942
:20BFCA00595959595959595959595959606059606059595959605959595959595959595914
:020000040001F9
:20BA45000000000000000000000000000000000000000000000000000000000000000000E1
:20BA65000000000000000000000000000000000000000000000000000000000000000000C1
:20BA85000000000000000000000000000000000000000000000000000000000000000000A1
:20BAA500000000000000000000000000000000000000000000000000000000000000000081
:20BAC500000000000000000000000000000000000000000000000000000000000000000061
:20BAE500000000000000000000000000000000000000000000000000000000000000000041
:20BB0500000000000000000000000000000000000000000000000000000000000000000020
:20BB2500000000000000000000000000000000000000000000000000000000000000000000
:20BB45000000000000000000000000000000000000000000000000000000000000000000E0
:20BB65000000000000000000000000000000000000000000000000000000000000000000C0
:20BB85000000000000000000000000000000000000000000000000000000000000000000A0
:20BBA500000000000000000000000000000000000000000000000000000000000000000080
:20BBC500000000000000000000000000000000000000000000000000000000000000000060
:20BBE500000000000000000000000000000000000000000000000000000000000000000040
:20BC050000000000000000000000000000000000000000000000000000000000000000001F
:20BC25000000000000000000000000000000000000000000000000000000000000000000FF
:20BC45000000000000000000000000000000000000000000000000000000000000000000DF
:20BC65000000000000000000000000000000000000000000000000000000000000000000BF
:20BC850000000000000000000000000000000000000000000000000000000000000000009F
:20BCA50000000000000000000000000000000000000000000000000000000000000000007F
:20BCC50000000000000000000000000000000000000000000000000000000000000000005F
:20BCE50000000000000000000000000000000000000000000000000000000000000000003F
:20BD050000000000000000000000000000000000000000000000000000000000000000001E
:20BD25000000000000000000000000000000000000000000000000000000000000000000FE
:20BD45000000000000000000000000000000000000000000000000000000000000000000DE
:20BD65000000000000000000000000000000000000000000000000000000000000000000BE
:20BD850000000000000000000000000000000000000000000000000000000000000000009E
:20BDA50000000000000000000000000000000000000000000000000000000000000000007E
:20BDC50000000000000000000000000000000000000000000000000000000000000000005E
:20BDE50000000000000000000000000000000000000000000000000000000000000000003E
:20BE050000000000000000000000000000000000000000000000000000000000000000001D
:20BE25000000000000000000000000000000000000000000000000000000000000000000FD
:20BE45000000000000000000000000000000000000000000000000000000000000000000DD
:20BE65000000000000000000000000000000000000000000000000000000000000000000BD
:20BE850000000000000000000000000000000000000000000000000000000000000000009D
:20BEA50000000000000000000000000000000000000000000000000000000000000000007D
:20BEC50000000000000000000000000000000000000000000000000000000000000000005D
:20BEE50000000000000000000000000000000000000000000000000000000000000000003D
:20BF050000000000000000000000000000000000000000000000000000000000000000001C
:20BF25000000000000000000000000000000000000000000000000000000000000000000FC
:20BF45000000000000000000000000000000000000000000000000000000000000000000DC
:20BF65000000000000000000000000000000000000000000000000000000000000000000BC
:20BF850000000000000000000000000000000000000000000000000000000000000000009C
:20BFA50000000000000000000000000000000000000000000000000000000000000000007C
:20BFC50000000000000000000000000000000000000000000000000000000000000000005C
:020000040002F8
:20357500000000000000000000000000000000000000000000000000000000000000000036
:20359500000000000000000000000000000000000000000000000000000000000000000016
:2035B50000000000000000000000000000000000000F0F0F0F0F0F0F0F0F0F0F0F0F0F0F15
:2035D5000F0F00000000000000000000000000000000000000000000000F000000000000A9
:2035F5000000000000000000000F00000000000000000000000000000000000000000000A7
:20361500000F0000000000000000000000000000000F000000000000000000000000000077
:203635000000000000000000000F0000000000000000000000000000000F00000000000057
:2036550000000000000000000000000000000000000F000000000000000000000000000046
:20367500000F00000000000000000000000000000000000000000000000F00000000000017
:203695000000000000000000000F0F000000000000000000000000000000000000000000F7
:2036B500000F0000000000000000000000000000000F0F00000000000000000000000000C8
:2036D5000000000000000000000F000000000000000000000000000000000F0F0F0F0F0F6C
:2036F5000F0F0F0F0F0F0F0F0F0F0F0F0F0F0F0F000F0000000000000000000000000000B6
:20371500000000000000000000000000000000000000000000000000000F0F0F0F0F0F0F2B
:203735000F0F0F0F0F00000000000000000000000000000000000000000000000000000029
:203755000000000000000000000000000F0000000000000000000000000000000000000045
:2037750000000000000000000000000000000000000000000F000000000000000000000F16
:203795000F0F0F0F0F0F0F0F0F0F0F0F0F0F0F0F0000000000000000000000000F00000015
:2037B500000F0F0F0F0F0F0F0F0F0F0F0F0F0F0F0F0F0F0F0F0F0F0F00000000000000009B
:2037D500000000000F0000000F0F0F0F0F0F0F0F0F0F0F0F0F0F0F0F0F0F0F0F0F0F0F0F5D
:2037F5000000000000000000000000000F0000000F0F0F0F0F0F0F0F0F0F0F0F0F0F0F0FB5
:203815000F0F0F0F0F0F0F0F0000000000000000000000000F0000000F0F0F0F0F0F0F0F94
:203835000F0F0F0F0F0F0F0F0F0F0F0F0F0F0F0F00000000000F0F0F0F0F0F0F0F0F0000FC
:203855000F0F0F0F0F0F0F0F0F0F0F0F0F0F0F0F0F0F0F0F0F0F0F0F00000000000F0000DC
:2038750000000F0F0F0F00000F0F0F0F0F0F0F0F0F0F0F0F0F0F0F0F0F0F0F0F0F0F0F0F8F
:2038950000000000000F000000000F0F0F0F00000F0F0F0F0F0F0F0F0F0F0F0F0F0F0F0FD8
:2038B5000F0F0F0F0F0F0F0F0F0F0F0F0F0F000000000F0F0F0F00000F0F0F0F0F0F0F0F6D
:2038D5000F0F0F0F0F0F0F0F0F0F0F0F0F0F0F0F0F0F0F00000000000000000000000000B6
:2038F5000F0F0F0F0F000000000000000000000000000000000000000F0F0F00000000003B
:203915000000000000000000000000000000000F0F00000000000000000000000000000074
:203935000F0F00000000000000000000000000000000000000000000000000000000000054
:2039550000000000000000000F0F0F0F000000000000000000000000000000000000000016
:20397500000000000000000000000000000000000F0F0F0F000000000000000000000000F6
:203995000000000000000000000000000F0F000000000000000000000000000000000000F4
:2039B5000000000F0F000000000000000000000000000000000000000000000000000000D4
:2039D500000000000000000000000F0F0F0F00000000000000000000000F0F000000000078
:2039F5000000000000000000000000000000000000000F0F0F0F0F0000000000000F0F0F3A
:203A150000000000000000000000000000000000000000000000000000000F0F0F0F000055
:203A3500000000000000000000000000000000000000000000000000000000000000000071
:203A55000000000F0F00000000000000000000000000000000000000000000000000000033
:203A750000000000000000000000000F0F0000000000000000000000000000000000000013
:203A9500000000000000000000000000000000000000000000000000000000000000000011
:203AB5000000000000000000000000000000000000000000000000000000000000000000F1
:203AD5000000000000000000000000000000000000000000000000000000000000000000D1
:203AF5000000000000000000000000000000000000000000000000000000000000000000B1
:204000000000000000000000000000000000000000000000000000000000000000000000A0
:20402000000000000000000000000000000000000000000000000000000000000000000080
:20404000000000000000000000000000000000000000000000000000000000000000000060
:20406000000000000000000000000000000000000000000000000000000000000000000040
:20408000000000000000000000000000000000000000000000000000000000000000000020
:2040A000000000000000000000000000000000000000000000000000000000000000000000
:2040C0000000000000000000000000000000000000000000000000000000000000000000E0
:2040E0000000000000000000000000000000000000000000000000000000000000000000C0
:2041000000000000000000000000000000000000000000000000000000000000000000009F
:2041200000000000000000000000000000000000000000000000000000000000000000007F
:2041400000000000000000000000000000000000000000000000000000000000000000005F
:2041600000000000000000000000000000000000000000000000000000000000000000003F
:2041800000000000000000000000000000000000000000000000000000000000000000001F
:2041A0000000000000000000000000000000000000000000000000000000000000000000FF
:2041C0000000000000000000000000000000000000000000000000000000000000000000DF
:2041E0000000000000000000000000000000000000000000000000000000000000000000BF
:2042000000000000000000000000000000000000000000000000000000000000000000009E
:2042200000000000000000000000000000000000000000000000000000000000000000007E
:2042400000000000000000000000000000000000000000000000000000000000000000005E
:2042600000000000000000000000000000000000000000000000000000000000000000003E
:204280000000000000000000000000080008000000000000000000000008080800000000F6
:2042A00000000008080800000008000808080008080008080008000000000000000000009E
:2042C000000808080800000000000808080800000008000808080008080008080008000056
:2042E000000000000000000000080808080800000008080808080000000800080808000846
:20430000080808080808000000000000000000000008080808080808080808080808000005
:20432000000800080808000800000000000800000000000000000000000808080808080815
:204340000808080808080000000800080808000808000000000800000000000000000000F5
:2043600000080808080808080808080808080000000800080808000808000808000800008D
:2043800000000000000000000008080808080808080808080808000000080808080808087D
:2043A000080808080808000000000000000000000008080808080808080808080808000065
:2043C00000000000000000080800000000080000000000000000000000080808080808088D
:2043E000080808080808000000000000000000080808080808080000000000000000000055
:204400000008080808080808080808080808000008080808080808080808080800080000CC
:20442000000000000000000000080808080808080808080800000000080000000000000814
:204440000800000008080008080808080808080808000000000800080808080800000000C4
:204460000800000000000008080808080008000000000000000000000000000000080000FC
:204480000000080800000000080000000000000808080808000800000000000000000000D4
:2044A0000000000000080808080808080000000008000000000000080800000000080000A4
:2044C000000000000000000000000000000808080808080800000000080000000000000894
:2044E00008000808080800000000000000000000000000000008000808000808000000006C
:2045000008000000000000080800000000080000000000000000000000000000000800086B
:2045200008000808000000000800000000000008080000080008000000000000000000003B
:204540000000000000080008080808080000000008000000000000080800080800080000FB
:204560000000000000000000000000000008000808080808000000000808080808080808CB
:2045800008000808000808000000000000000000000808080808080808080808080808087B
:2045A0000000000000000000000000000000000000000000000000000000000000000000FB
:2045C0000000000000000000010101010101010101010101010102000000000000000000CB
:2045E000000000000000000000000000000000000304040404050607070806070708090062
:204600000000000000000000000000000000000000000000000000000A0B0C0D0E0F10112E
:20462000111210111112090000000000000000001314000000001516171717171717171700
:2046400018191A1B0E0F1011111210111112090000000000000000001C1D1E000000001FD0
:20466000200E0E0E0E0E0E0E210E0E0E0E0F101111121011111209000000000000000000BF
:204680002223241E000000001F200E0E0E0E0E0E0A0B0C0D0E0F1011111210111112090024
:2046A000000000000000000025260E241E000000001F200E0E0E0E0E18191A1B0E0F101136
:2046C000111210111112090000000000000000001C2728292A1E000000001F200E0E0E0E17
:2046E000210E0E0E0E0F1011111210111112090000000000000000002B2C2D2E2F301E0092
:204700000000001F200E0E0E313233340E0F35363637353636380900000000000000003956
:204720003A3B3C3D3E3F401E000000001F200E0E4142424242430304040404040444090061
:204740000000000000000045464748494A4B4C241E000000001F200E070707070708210E2C
:204760000E0E0E0E0E0F0900000000000000004D4E4F50515253540E241E000000001F20C8
:20478000111111111112210E0E0E0E0E0E0F0900000000000000000055565758595A0E0EFC
:2047A0000E241E000000001F111111111112414242424242425B09000000000000000000F2
:2047C0005C5D5E5F600E0E0E0E0E241E000000003636363636376162616261626163090020
:2047E00000000000000000001C64656667676767676768696A00000000006B6C6D6E6F6E3A
:204800006F6E6F6E6F70090000000000000000001C71727374747474747475767778797900
:20482000007A7B7B7B7B7B7C7D7E7F007E01090000000000000000001C0203047474747424
:204840007474760506071111000811090A0B110C0D0E0E0F0E100900000000000000000013
:204860001C020303047474747476050506071111000811111213110C0D0E14150E100900BA
:2048800000000000000000001C020303030474747605050506071111000811161718110CD6
:2048A000191A1A1A1A1B090000000000000000001C02030303031C1D0505050506071111AD
:2048C000000811090A0B110C7D7E7E7E7E01090000000000000000001C02030303031E1F9E
:2048E0000505050506071111000811111213110C0D0E0E0E0E1009000000000000000000AB
:204900001C020303032021212205050506071111000811161718110C0D0E23240E100900AA
:2049200000000000000000001C02030320212121212205050607111100252626262626274A
:20494000191A1A1A1A1B090000000000000000001C0203202121212121212805060711114F
:2049600000000000000000292A040404042B090000000000000000001C2C202D2121212187
:2049800021212E2F30071111000000000000003132333435363709000000000000000000AA
:2049A0001C38393A3B3B3B3B3B3B3C3D3E0711113F40404040404041424344450E46090083
:2049C00000000000000000001C4740404849404040404A4B111111114C0E0E0E0E0E0E4D9D
:2049E0004C0E0E0E3637094E4E4E4E4E4E4E4E4E4F210E0E0F500E51525354551111111131
:204A00004C0E0E0E0E0E0E4D323334350E460607070707070707070708210E0E0F500E0E82
:204A20000E0E5655111111114C0E0E0E0E0E0E4D424344450E461011111111111111111173
:204A400012210E0E0F5758595A5B5C55111111114C0E0E0E0E0E0E4D4C0E0E0E0E4610116E
:204A6000111111111111111112210E0E0F5D5E5F60616255111111114C0E0E0E0E0E0E4D8D
:204A80006334366436373536363636363636363637210E0E0F500E65660E565511111111B4
:204AA0004C0E0E0E0E0E0E676842424242690607070707070707070708210E0E0F500E6AB5
:204AC0006B0E5655111111114C0E0E0E0E0E0E4D6C7E7F007E0110111111111111111111F0
:204AE00012210E0E0F500E6D5A5B5C55111111114C0E0E0E0E0E0E4D6E0E0E0F0E1010111E
:204B0000111111111111111112210E0E0F500E6F606162551111111170717171717171729E
:204B20006E0E14150E10733636363636363636363774757576777575757578797A7A7A7A2A
:204B4000010101010101010101010101010101010101010101010101010101010101010135
:204B6000010101010101010101010101010101010101010101010101010101010101010115
:204B80000101010101010101010101010101010101010101010101010101010101010101F5
:204BA0000101010101010101010101010101010101010101010101010101010101010101D5
:204BC0000101010101010101010101010101010101010101010101010101010101010101B5
:204BE000010101010101010101010101010101010101010101010101010101010101010195
:204C0000010101010101010101010101010101010101010101010101010101010101010174
:204C2000010101010101010101010101010101010101010101010101010101010101010154
:204C4000010101010101010101010101010101010101010101010101010101010101010134
:204C6000010101010101010101010101010101010101010101010101010101010101010114
:204C80000101010101010101010101010101010101010101010101010101010101010101F4
:204CA0000101010101010101010101010101010101010101010101010101010101010101D4
:204CC0000101010101010101010101010101010101010101010101010101010101010101B4
:204CE000010101010101010101010101010101010101010101010101010101010101010194
:204D0000010101010101010101010101010101010101010101010101010101010101010173
:204D2000010101010101010101010101010101010101010101010101010101010101010153
:204D4000010101010101010101010101010101010101010101010101010101010101010133
:204D6000010101010101010101010101010101010101010101010101010101010101010113
:204D80000101010101010101010101010101010101010101010101010101010101010101F3
:204DA00001010101010101010101010101010101010101010109090901090909010109019B
:204DC0000909010909090909090909090909010109090109090909010909090909090909DB
:204DE0000909090909090901010909090909090909090909090901010909090109090909BB
:204E000009090909090909090909090909090901090909090909090909090909090901018A
:204E2000090909090909090909090909090901010909090909090901090901090909090972
:204E400009090909090901010909010909090901090909090901010109090909010909017A
:204E6000090909090109090909090909090901010901010109090901090909090909090152
:204E800001010101090909010909090909090109010901090109010101090109010901096A
:204EA000090109010901090909090909010901010901090101010101010101010101010172
:204EC000090109010901090109010101010101010101010101010109090109010101010172
:204EE00001010101010101010101010901010901090101010101010101010101010101017A
:204F0000090109010101010101010101010101010101010101010109010101010101010159
:204F2000010101010101090101090109010101010101010101010101010101010101010139
:204F4000010101010901010101010101010109010109010901010101010101090109010101
:204F6000010101010101010101010101090101010101010101010901010101010101010101
:204F80000901090109010901010101010101010101010901010101010101010101090101C1
:204FA0000101010101010101010901090109010101010101010109010109010901010101A1
:204FC000010101010101010101010101010101010109010901090101010101010109010989
:204FE000010109010101010101010101010101010101010101010101090109010901090169
:20500000010101010101090101010101010101010101010101010101010101010101010168
:20502000010901090109010101010101010101010101010101010101010101010101010138
:20504000010101010101010101010901090101010101010101010101010101010101010120
:20506000010101010101010101010101010101010101010101010101010101010101010110
:205080000101010101010101010101010101010101010101010101010101010101010101F0
:2050A0000101010101010101010101010101010101010101010101010101010101010101D0
:2050C0000101010101010101010101010101010101010101010101010101010101010101B0
:020000040000FA
:063B9D00AF2121D82277C0
:020000040002F8
:2050E000AFEA38D9EA39D9AFEA3AD9EA3BD9FA20D8D610201E2146D12A46AFCB802146D170
:2051000022702148D12A460E00CB80042148D1792270C92146D12A46AF2146D1227021485E
:20512000D12A46AF2148D12270C9E8F7F8003604FA20D8D61020232146D12A666F2929290C
:205140007CE60F20152148D12A666F2929297CE60F4F060079D608B02816FA20D8D608C258
:20516000CC542146D12A4F2148D12AB1B7C2CC54AFEAE7D5F5331146D1D5114BD1D51E0A0C
:20518000219443CD393BE805B7C23656FA25DAF80777E5CB4EE12015FA23DAF808772125AD
:2051A000DA7EB7205CE5F80ACB4EE1285421E7D53601F80036032148D12A4F46214FD12A5E
:2051C000666F097CF806772151D12A666F094C1146D11AF80722131A77214BD12A477E58DE
:2051E00057F8072A666F195C1D79F533F8077EF5333E08CD9F12B7CA6053AFEAE7D5C36012
:2052000053E5F809CB46E1200F2125DA7EB7205CE5F80ACB46E1285421E7D53601F80036CC
:20522000012148D12A4F46214FD12A666F097CF806772151D12A666F094C1146D11AF80762
:2052400022131A77214DD12A477E5857F8072A666F195C1C79F533F8077EF5333E04CD9F28
:2052600012B7CA6053AFEAE7D5C36053E5F809CB56E1200F2125DA7EB7206CE5F80ACB561D
:20528000E1286421E7D53601F80036022146D12A4F46214BD12A666F097CF80177214DD1F6
:2052A0002A666F097CF802221148D11A22131A77214FD12A4F7EF8057123322A5F56F8036F
:2052C0002A666F19E57DF80977E17CF8087735F8023A575ED5F80A5E3E02CD7113B7CA6043
:2052E00053AFEAE7D51879E5F809CB5EE1200F2125DA7EB7206AE5F80ACB5EE1286221E7F4
:20530000D53601F80036002146D12A4F46214BD12A666F097CF80177214DD12A666F097C68
:20532000F802221148D11A22131A772151D12A4F7EF8057123322B2B2A5F2A572A666F19D2
:20534000E57DF80977E17CF8087734F8023A575ED5F80A5E3E01CD7113B72804AFEAE7D585
:20536000F8007ED604281AFAE7D5F533F8017EF5331145D1D51E0421BF54CD393BE8041887
:20538000061145D1CDE129110000D51E04215C58CD393BE178B1280F213300097EE60F28B2
:2053A0000621E9D5792270FAE7D5B7282CAFF533FA20D8F5331E04219755CD393BE178B1D1
:2053C000281721E9D57922700155D12154D17E027E3CEA56D1AFEAE7D5FA23DAE6105FFA51
:2053E00026DA57014AD17BA25FB7286DC5FA20D8F5331E04217856CD393B335950C17AB377
:205400002857213300197EE60F204E0AC602E603C5D52600E533F533D51E0421BF54CD39D3
:205420003BE804D1C1AFEAE7D5212900197EF80877B72825212A00192A666FC5110000D5F4
:205440003E01F533110000D5E5F8117EF5331E0421A54CCD393BE808C1FA20D8D6103E022D
:2054600028023E01F80622230A773D20102146D12A7EF806862122D8323600184FF8087EC6
:20548000D603201D1146D11AF80722131A773A2B962323773A22AF327E2122D832360018E1
:2054A0002BF8087EB720102148D12A7EF806862122D83236001815F8087ED602200E214859
:2054C000D12A7EF806962122D8323600FAE7D5B7CA36562158D14EFA4AD1F80677F80779DF
:2054E00022AF322B7E3D20162146D12A4F46F8072A666F094D442146D1792270185CF80649
:205500007ED603201A2146D12A4F46F8072A5F5679935F789A4B472146D1792270183BF888
:20552000067EB720162148D12A4F46F8072A666F094D442148D1792270181FF8067ED60299
:2055400020182148D12A4F46F8072A5F5679935F789A4B472148D1792270214AD14EFA2143
:20556000D8F80777FA22D8F80877793D201D2146D12A4F462121D82A917E98D236561146E8
:20558000D1F8072A12137E12C3365679D60320432146D12A4F4659502121D87B96237A9E52
:2055A000300D1146D1F8072A12137E12C336562122D83AB6C236562158D16E1E003EFF9558
:2055C0006F3EFF9B677995789C386B2146D1AF2277186379B7201B2148D12A4F462121D8DF
:2055E0002A917E9830501148D1F8072A12137E12184479D602203F2148D12A4F4659502183
:2056000021D87B96237A9E300C1148D1F8072A12137E1218212122D83AB6201AFA58D15F01
:1956200016003EFF935F3EFF9A577993789A38062148D1AF2277E809C966
:020000040001F9
:20FAF800210000360A21BBC07EE6F077EA00402123D83E0622AF7701347B6960233A6EB55B
:20FB1800C8696023232A6E5F551313132123D87E83227E8A77030303030318DE3FC3000E9E
:20FB380000FDC13001012DC30200022FC302000331C302000433C302000535C30100066676
:20FB5800D92800078ED908000896D9140009AAD908000A5BD901000B60D902000C47D91432
:20FB7800000DFAD503000E56D602000F16D640001045D1980411DDD5020012E1D5020013B3
:20FB9800E7D5010014E9D50200153DDA0200160000000000E8F8F803322B7B227A2223AF35
:20FBB8002277F8003600F806AF2277F8077EF803963045232A5F562123D82A666F19E57D05
:20FBD800F80677E17CF805322A5F562123D82A666F194D44AFB93E20983018F806347EF81A
:20FBF8000077F8067ED6033805010000182FAFF8042277F8073418B3F8007EF80777F80175
:20FC18002A5F56F8073A2B2B122A5F562100A019E57DF80877E17CF807322A4F46E808C9B4
:20FC3800E8F5F8025D54F8117ECDAC7B78B1CA2C7DF8025E21BBC07EE6F0577BE60FB277D5
:20FC5800EA0040212202545DF8071A22131A22131A22131A775950F8072A12132A12132A7F
:20FC780012133A12030303035950FA23D81213FA24D8120303363423367BF8093A2B77F80B
:20FC98000A3A2B322A5F561A6F131AB5CA2C7D3333C5F8092A5F5621020019E57DF80577D1
:20FCB800E17CF804322A5F2A571A22131A32D1D52A12137E120303F8092A5F562104001953
:20FCD8005D541A0203F805792278322B2B2A5F561A4F131A47F8072A5F3A571A22131A77EF
:20FCF800F8052A5F2A57C52A4F46CDE20FF8032A5F2A571A4F131A472A666F094D44F80927
:20FD18002A5F5621050019E57DF80B77E17CF80A77C3927CE80BC9E8F3F8005D54F8137E61
:20FD3800CDAC7BF80B792270F80C3AB6CA8B7EF8004E21BBC07EE6F04779E60FB077EA00E6
:20FD580040F80B2A5F561AF80722131A22131A22131A77FA22024F2123022A472A5F56F8F1
:20FD7800077E91200F237E90200A237E932005237E922804AFC38B7EF80B2A5F562106008F
:20FD980019E57DF80377E17CF80277F80B363423367BF80B2A5F561AF80322131A773AB6A2
:20FDB800CA597E2B2B2A5F561A4F131A47F80B2A5F5621020019E57DF80777E17CF80632F5
:20FDD8002A5F2A571A22131A327E912005237E902804AFC38B7EF8012A4F4603030AF80A90
:20FDF800222A5F56210400195D541A5FF80A7E932804AFC38B7E03F809792278322A4F46C0
:20FE1800F8072A5F56D5F8052A5F56CDE20FF8052A5F2A571A22131A322A5F2A572A666FD2
:20FE380019E57DF80377E17CF80277F80B2A5F5621050019E57DF80D77E17CF80C77C3AAAB
:20FE58007DFA5BD93C280EFA60D9EA5ED9FA61D9EA5FD9181CAFE021AFE01CAFE017AFE0FF
:20FE7800123EC0E0233EC0E0193EC0E0143EFFE0253E01E80DC93BF8005D54F8077ECDAC55
:20FE98007B597857B1281AF8004621BBC07EE6F04F78E60FB177EA0040AF1213121312135A
:20FEB8001233C9E8F7F8045D54F80F7ECDAC7BF805792270F8063AB6CA587FF8044621BB62
:20FED800C07EE6F04F78E60FB177EA0040F8052A5F561AF80022131A22131A22131A77FA9C
:20FEF80022024F2123022A472A5F56F8007E91200F237E90200A237E932005237E92280399
:20FF1800AF183DF8133AB628357EF80777F8137EF80832CB2623CB162B2B2B2A5F5621093F
:20FF380000194D44F8102A5E87CB13814F7B8847F8142A5F56F8072A666FE5CDE20F3E0125
:03FF5800E809C9EC
:020000040002F8
:203B15001E0C21AB4ECD393B1E0C21334FCD393B1E0621524ACD393B1E0B21BC5DCD393B37
:203B35001E0C21554FCD393B1E08214667CD393B1E0A21994CCD393B1E0A211266CD393B9A
:203B55001E0421AE4ECD393B1E01210040CD393BAFF5331E0B21F169CD393B33AFF5331E2B
:203B75000B21316ACD393B33AFF5331E0B210E5ECD393B33C9E8FCCD13254F3E039138F7F2
:203B9500060021A17B09094E236669E9A97BA97B8C7B6D7CCDE836FA23DAD6F020283E012B
:203BB500F5331E0421054CCD393B33114151060CAFF533210000E5D5C5331E0421A54CCD60
:203BD500393BE80618B12135C37ED6013E0017EE01201FFA23DAB72803CDE134FA25D8B74B
:203BF5002003CDA304FABCC0E60F2003CDAD35CDBD330EC0F09291200721C6DA36DF180524
:203C150021C6DA36C0AFEAEFD51E0A213E66CD393B1E08219567CD393B1E0421244FCD390D
:203C35003BCD8E262112D83AB62806CD602FCDE5321E0121B149CD393B1E0421AD5CCD397D
:203C55003B21BCC0341E28FAEFD5CDD00DFAC6DAE092CDBD01C38C7BFA37C33D281AFA3790
:203C7500C3D6022857FA37C3D603CA407DFA37C3D604CA5B7DC38C7B1E0621E57FCD393B9D
:203C9500CD0602AFF5331E0421054CCD393B33FAAB0521AC054E23462601E533F533C51EDE
:203CB5000621DF4DCD393BE804D6013E0017F803771E06212854CD393BC3A47D1E0621E5C1
:203CD5007FCD393BAFF5331E0421054CCD393B33AFF5331E0B21316ACD393B33AFF5331E0B
:203CF5000B21F169CD393B33AFF5331E0B210E5ECD393B33FA3AC34F213BC346FA39C3F51E
:203D150033210100395D54CDA111F8002A472A4F7E260168E547C51E0621DF4DCD393BE856
:203D350004D6013E0017F803771864FA39C3213AC35E2356CDC11179F5331E0721387CCD5E
:203D5500393B33C38C7B1E0A21B34DCD393B1E0621E57FCD393BFA39C3213AC35E2356CDB1
:203D7500C11179F5331E07212F7DCD393B33EA36C3FAFAD521FBD54E23462600E533F5339B
:203D9500C51E0621DF4DCD393BE804F8033600F3FA15D63D2809FA15D6D602280A1810110C
:203DB5001637CDF539180E11D237CDF5391806115337CDF539AFE045FBFA3BDAB72006F00C
:203DD50040F602E040AFEA25D81E0421144FCD393BCD9E040EC0F09291200721C6DA36DFAC
:203DF500180521C6DA36C0AFEAEFD51E0A213E66CD393B1E08217B6DCD393B1E0421315417
:203E1500CD393B1E0421244FCD393BCD8E261E28FAEFD5CDD00DFAC6DAE092F8037EB7CA20
:203E35008C7B1E0A21994DCD393BC38C7BE804C9AFEABAC0FAA0C0D6112006FA4301073880
:203E550003AF18023E01EAB9C0FAA1C0B72806FAB9C0B72003AF18023E01EAA1C0FAB9C08C
:203E7500B72803CD2F10AFA7F5110000D51100DFD5CDAA3AE8061E0721F87ACD393BCD21C3
:203E9500111E0C214D40CD393B3E67E0403E07E04B3E90E04AF00406004FC5CD8538E1CD70
:203EB50006023E01F5331E0421054CCD393B33F32139DA36272336DAAFE04511FE37CDEDEB
:203ED50001F041F640E041FAA0C0D611200CFA430107E6014FB73E8020023EC0E0063E079C
:203EF500E007F0FFF60EE0FFFBF040F680E040060CAFF533110000D5114151D5C5331E04D2
:0B3F150021A54CCD393BE806C38A7B98
:205639003C000000000000008080C0C070F010F098F8ECFCF4FCF6FE3A3E0E0E0000000045
:20565900000030F09EFEF2FEE3FFECFF7EFF1FFF87FFE7FFE3FFF3FF797F3F3F0F0F000049
:20567900000000000000000000000000000000000000000000000000000000000000C0C091
:2056990060E07DFFFFFFBFFF0FFFBFFF7FFF3FFFC7FF73FF63FFF3FF727E3E3E00000000F9
:2056B9008080000000000000000000000000000000008080FCFC26FE3FFF1FFFCFFFE1FFAB
:2056D900ECFF2C3F667FCFFFBFFF27FF24FFFDFFFFFFC3C361E1B1F1D0F0F0F038380C0C15
:2056F900C7C70000E0E020202020303018180000C0C043C346C7CCCFC9CF8B8F3B3F213F79
:20571900203F7FFFE7FFACFCBDFDFFFF3FFFF3FFFBFFFDFFFFFFFFFFFDFFFFFFFFFFFBFB3D
:20573900F9F900000101010107070C0C383820206363CECF8B8FF9FF00FFF1FF9DFFBDFFC8
:20575900FFFFDEFF477FBEBF8F8FFFFF0CFFFFFFFFFFFFFF9FFFBFFF7FFFF7FFFFFFFFFF25
:205779007F7FF0F018188C8C84840606020202020202E2E222E27FFFC7FFF8FF4EFF5EFF1D
:20579900FEFFEEFE0FFFF9FFEBFF1FFF7FFFDEFFCCFFFBFFF7FFEFFF2F3F3F3F7373C7C795
:2057B9009E9E010101010101000000000000000000000303C6C74CCFC8CFCDCFE7E723E3D9
:2057D900F9F93FFF3EFF70FFE2FFEEFF3EFF3CFF6FFFE7FFCCFFCFFF5F7F7E7E7C7C7878DF
:2057F9000707000000000000000000000000000000003E3E637F767F7C7FC3FF81FF1DFFD6
:205819001BFF1C1F707FC2FFE6FFCDFFBFFF78FF79FFF3FFF3FFEFFFDEFEFEFE7878000072
:205839000000000000000000000000000000000000000000000000000000000003030F0F2B
:205859000C0F000000000101030307070F0F1C1F181F303F213F637F5F7F707000000000FF
:2058790000007DFFFFFFBFFF0FFFBFFF7FFF3FFFC7FF73FF63FFF3FF727E3E3E0000000057
:20589900C0C0ACBFE6FFCFFFBFFF27FF24FFFDFFFFFFC3C361E1B1F1D0F0F0F01C1C060602
:2058B900C3C30000E0E020202020303018180000E0E023E3A6E7ECEF69EFCBCFBBBFA1BF7F
:2058D900A0BF3FFFF3FF56FEDFFFFFFF1FFFFBFFFBFFFDFFFFFFFFFFFDFFFFFFFFFFFBFBF8
:2058F900F9F900000101010107070C0C383820206161C7C78587FCFF80FF78FF4EFF5EFFCC
:205919007FFF6F7F233F9F9F8787FFFF06FFFFFFFFFFFFFF9FFFBFFF7FFFF7FFFFFFFFFF8B
:205939007F7FE0E03030181808080C0C040404040404F4F414F43FFF63FFFCFFA7FFAFFFE1
:20595900FFFF030302020303010100000000000000000101C3C346C7C4C7C6C7E3E321E1A9
:20597900F8F8ACBFE6FFCFFFBFFF27FF24FFFDFFFFFFC3C361E1B1F1D0F0F0F01C1C8686B1
:20599900E3E33FFFF3FF56FEDFFFFFFF1FFFFBFFFBFFFDFFFFFFFFFFFDFFFFFFFFFFF9F9D4
:2059B900F8F86F7F233F1F1F8787FFFF06FFFFFFFFFFFFFF9FFFBFFF7FFFF7FFFFFFFFFF79
:2059D9007F7FF0F018188C8C84840606020202020202F2F212F23FFF63FFFCFFA7FFAFFF91
:2059F900FFFF0800090067000000FF010000FF00000000000F2000000000000000000000EA
:205A190000000000000000000B83650000000B2379000000000000000000080006001300B2
:205A39000000FF0100FFFF00000000000F2000000000000000000000000000000000000020
:205A59000C0C4103087E0B167C00000000000000000008000C0019000000FF0100FFFF0083
:205A7900000000000F200000000000000000000000000000000000000C0C410AB55D0B312D
:205A99007E0000000000000000000800020034000000FF0100FFFF00000000000F20000004
:205AB900000000000000000000000000000000000C0C410B59560BCB7E0000000000000066
:205AD9000000080007002C000000FF0100FFFF00000000000F200000000000000000000045
:205AF90000000000000000000C0C410A0C640B657F000000000000000000080003003E0082
:205B19000000FF0100FFFF00000000000F200000000000000000000000000000000000003F
:205B39000C0C410AE6670BE47D0000000000000000000800100049000000FF0100FFFF00D1
:205B5900000000000F200000000000000000000000000000000000000C0C410A026D0BB070
:205B79007C0000000000000000000800020057000000FF0100FFFF00000000000F20000002
:205B9900000000000000000000000000000000000C0C410BF8600BFD7C00000000000000AC
:205BB90000000800020020000000FF0100FFFF00000000000F200000000000000000000075
:205BD90000000000000000000C0C410A3E500B7E7E00000000000000000008000B0044005D
:205BF9000000FF0100FFFF00000000000F200000000000000000000000000000000000005F
:205C19000C0C410A4E590C00400000000000000000000800090002000000FF0100FFFF0004
:205C390000000000FF200000000000000000000000000000000000000B1C600000000000A5
:205C59000000000000000000000008000E001D000000FF0100FFFF00000000000F200000CB
:205C7900000000000000000000000000000000000C0C410A5C6B0B4A7D000000000000000F
:205C99000000080009000E000000FF0100FFFF00000000000F20000000000000000000009F
:205CB90000000000000000000C774D0AB6690B637C000000000000000000080009003400A3
:205CD9000000FF0100FFFF00000000000F200000000000000000000000000000000000007E
:205CF9000C384D0B915E0BC97B000000000000000000080009004B000000FF0100FFFF0057
:205D1900000000000F200000000000000000000000000000000000000C384D0BDF580B97C6
:205D39007D00000000000000000008000D0061000000FF0100FFFF00000000000F2000002A
:205D5900000000000000000000000000000000000C384D0ACD4D0BB27F0000000000000039
:205D79000000080004004A000000FF0100FFFF00000000000F200000000000000000000087
:205D990000000000000000000C774D0AD35F0B187F0000000000000000003A001EFEF3FFF4
:205DB900D9FF3FFFFFFFA7FFC2FFFCFFFBFFB7BF2F3F2F3F3F3F7373C7C79E9E01010101D6
:205DD9000101000000000000000000008181838386878487C6C743C3F1F1DCFC7CFFE1FFE0
:205DF900C5FFDCFF7CFF79FFDFFFCFFF99FF9FFFBEFEFCFCF8F8F0F0000007070000000084
:205E1900000000000000000000007C7CC7FFECFFF9FF87FF03FF3AFF37FF7FFFE0FF84FFF1
:205E3900CDFF9BFF7EFFF0FFF2FFE7FFE7FFDFFFBCFCFCFCF0F0000000000000000000004C
:205E5900000000000000000000000000000000000000010107071E1F181F383F0000030328
:205E790007070F0F1F1F383F303F617F437FC7FFBFFFE1E100000000000000000000C0C051
:205E990060E038F888F8CCFCF6FEFAFEFBFF9D9F87878080000000000000000092FEF1FF81
:205EB900F6FFFFFFBFFF83FFC3FFF1FFF9FFFCFF3F3F070700000000000000000000000065
:205ED90000000000000000000000000000000000000000000000C0C070F03EFEFFFFBFFFD1
:205EF90087FFDFFF3FFF9FFFE3FFB9FFB1FFF9FF393F1F1F000000000000C0C000000000D1
:205F1900000000000000000000008080FCFC26FE3FFF1FFFCFFFE1FFECFF7DFFA6BFAFBF08
:205F39006F7FC3FFC2FFFEFFBFFF89F9D8F860E0B0F0D0F0F0F01C1C8686E3E30000E0E080
:205F590020202020303018180000E3E326E7ACEFE9EF6BEFDBDF919FA0BFACBF1EFEF3FFB6
:205F7900D9FF3FFFFFFFA7FFC2FFFCFFFBFFB7BF2F3F2F3F3F3FE3E387871E1E7CFFE1FF5D
:205F9900C5FFDCFF7CFF79FFDFFFCFFF99FF9FFFBEFEFCFCF8F8F0F001010F0F0000F0F0F0
:205FB9009090909018180C0C0000E3E326E7ACEFE9EF6BEFDBDF919FA0BFACBF00000000EC
:205FD9000000030306061C1C1010313167674547FCFF80FF78FF4EFF5EFF7FFF6F7F233F19
:205FF9001F1F0707FFFF06FFFFFFFFFFFFFF9FFFBFFF7FFFF7FFFFFFFFFF7F7F1FFFF3FF65
:20601900D9FF3FFFFFFFA7FFC2FFFCFFFBFF373F2F3F2F3F3F3FE3E38F8F3C3C01010101C7
:2060390001010000000000000000808061E123E3C6C7C4C766E7A3E3F9F9EEFEE1FFC5FF90
:20605900DCFF7CFF78FF9FFF9FFF33FF3FFF7DFDF8F8F0F0C0C0000001010F0F00000000C4
:2060790000000000000000001F1F313F3B3FFCFFC3FF01FF1DFF1BFF3FFF7EFFCDFF9BFFCB
:206099007EFFF0FFF2FFCFFFCFFFBFFF79F9F9F9E1E10303030300000000000000000000FE
:2060B9000000000000000000000000000000000003030F0F0C0F1C1FE0FF84FF0F0F1F1F8F
:2060D900383F707FC3FF87FF8FFF7FFFC3C301010101000000000000000000000000000063
:2060F900000000000000000000000000000000000000000000000000030307070000000073
:20611900000000000000010101010101010100000000000000000000000000001EFEF3FF50
:20613900D9FF3FFFFFFFA7FFC2FFFCFFFBFFB7BF2F3F2F3F3F3FE3E38F8F3C3C00000000AA
:20615900000000000000000000000000000000000000000000000000000000000000000026
:20617900000000000000000000000000000000000000000000000000000000000000000006
:206199000000000000000000000000000000000000000000000000000000000000000000E6
:2061B9000000000000000000000000000000000000000000000000000000000000000000C6
:2061D9000000000000000000000000000000000000000000000000000000000000000000A6
:2061F900000000000000000000000000000000000000000000000000000000000000000086
:20621900000000000000000000000000000000000000000000000000000000000000000065
:20623900000000000000000000000000000000000000000000000000000000000808080825
:206259000008000000000000000008000808000808080008000000080000000008080800C5
:20627900080800000008080000000000080808080800080800000808000000000800080885
:2062990008080000000800000008000008080800080008080000080800000808080808005D
:2062B90008080808000000000000000808080808000008000000000000080808080808083D
:2062D900080800000000000800000000080808000000080800000000000008080808080835
:2062F9000808000000000000000000080808080800000000080008000808080808080808FD
:206319000808000000000000000000080808080808080000000000000008080800080808EC
:206339000808000800080008000000000008080008000000000000000808080808000808CC
:206359000808000000000000000000000808080008000000000000000008080808080808BC
:206379000808000008000000000000000008080808000800000008000000000800080008A4
:20639900000800000800000000000000080800080000000808000008000008000800080884
:2063B900080000000000000008000000000800080800000800080000080000080800000074
:2063D900000800000000000008000000000800080000000008080000000000000008000864
:2063F900000800080000000000000000000008000800000800000000000800080008000044
:20641900080000000008000800000008000800080000000008080000080008000800000803
:206439000808000000080000000000000008000800080800080000080000000008080800E3
:206459000808000800000000000000000800080000000008000008080000080800080008C3
:206479000800000000000000000000000800080000000008080800080000000800080000BB
:20649900000800000000000000000000080000080000000800080800000008080008000893
:2064B900000800080000000000000000000000080000000008000800080808000000000083
:2064D9000000000000000000000000000000000000000000000000000000000000000000A3
:2064F900000000000000000000000000000000000000000000000000000000000000000083
:20651900000000000000000000000000000000000000000000000000000000000000000062
:20653900000000000000000000000000000000000000000000000000000000000000000042
:20655900000000000000000000000000000000000000000000000000000000000000000022
:20657900000000000000000000000000000000000000000000000000000000000000000002
:206599000000000000000000000000000000000000000000000000000000000000000000E2
:2065B9000000000000000000000000000000000000000000000000000000000000000000C2
:2065D9000000000000000000000000000000000000000000000000000000000000000000A2
:2065F900000000000000000000000000000000000000000000000000000000000000000082
:20661900000000000000000000000000000000000000000000000000000000000000000061
:20663900000000000000000000000000000000000000000000000000000000000000000041
:20665900000000000000000000000000000000000000000000000000000000000000000021
:20667900000000000000000000000000000000000000000000000000000000000000000001
:206699000000000000000000000000000000000000000000000000000000000000000000E1
:2066B9000000000000000000000000000000000000000000000000000000000000000000C1
:2066D9000000000000000000000000000000000000000000000000000000000000000000A1
:2066F900000000000000000000000000000000000000000000000000000000000000000081
:20671900000000000000000000000000000000000000000000000000000000000000000060
:20673900000000000000000000000000000000000000000000000000000000000000000040
:20675900000000000000000000000000000000000000000000000000000000000000000020
:20677900000000000000000000000000000000000000000000000000000000000000000000
:206799000000000000000000000000000000000000000000000000000000000000000000E0
:2067B9000000000000000000000000000000000000000000000000000000000000000000C0
:2067D9000000000000000000000000000000000000000000000000000000000000000000A0
:2067F900000000000000000000000000000000000000000000000000000000000000000080
:2068190000000000000000000000000000000000000000000000000000000000000000005F
:2068390000000000000000000000000000000000000000000000000000000000000001003E
:206859000203040506070807090A0B0C0D0E0F0E101112131313141514141416000017187D
:20687900191A1B041B0B09090B1C1D1E1F0E20211210222313131324252625270028292ACF
:206899002B2C2D2E1B0B2F0B3031311F0E1F0E121111323313131434352536373800393A68
:2068B9003B3C3D3D0A093E0A0B0C0D0E0E3F0E214041412323134243444546370047484947
:2068D9004A4B09090B4C0B2F4D0D4E0C4E4F505152415313141324544455563757005859AF
:2068F9005A5B5C5D5E5F2F0B304E604E6111626364656667131515684646696A6B6C6D6E6B
:20691900036F075E070B700A0C0C0E3F4E712264726173131374362454257537760077788D
:20693900797A0709093E4C7B7B1F0E7C7D4E12117E6513131513157F754646370001020318
:206959004904070B2F307B0C7B0C051F06074F08090A130B1314740C3646446A0D0E0F7826
:2069790010110B310B12130C1F1F4E641415161718410B1913150C0C7F5646561A761B1C2A
:206999001D1E083E301F7B3F0E204E11182122130B230A2367140C244656252627282949AB
:2069B9002A2B2C2D307B301F0F1F4E2E2F3031326565336713154243563435363738393AC2
:2069D9003B3C0B0B0D3F0C3D1F0F3F113E3F406565130A0B131313695656414243444502B0
:2069F900464731310F1F7B0E3F3F1F48494A4B4C651313654D134E464F2550515253545582
:206A190056570A0B1F210E1F0E1F3F58595A5B0A0B0B131313134369565C5D5E765F606141
:206A390062637B647B650E660F0E7C4E7D67686569131365131656446A6B6C366D296E4536
:206A59006F700A0B0A1F0C0E0E0E1F1F7172366573651313141554565674755E76777845F6
:206A7900797A0B707B7B0E300D4E0E0E4E7C7D7E1965091313157F565637868787888889CE
:206A9900891D3E318A0C8A0C0C1F1F7C698B8B8C64238C0C4E24158D6956748D8E8E548FD9
:206AB900458F0B300B300A30900F6464909191310B1324929293937F244656749402940680
:206AD9007895950A0B0A0C0E1F214E117D969640656715150C9733134343435597989899DD
:206AF90099540B9A702F7B20204E644E7D9A9B9B0B67659C131513139C24467F179D9D9914
:206B19009E9E5C7B312D0C9A0F0F0E9F9FA0A0A14167A1130B7313150C439316A23AA2A3DF
:206B39008F2B070A3E2D5F0CA30E4E0E0EA4A4A50E9F9F669FA567A6A64215139888A7A712
:206B5900A83CA8A9095CA90C1F0C0E0EAAAAABAB4E4E11ACAC6419A666134CADADAEAEAF8A
:206B790045AF09070A090B300C0A0E21200CB0B04E110EACB19FB123722351B2B2B3B39458
:206B990049B4092EB4090B0C0D301F1FB50AB5B64F64B6B7B773A641737EB8AD01AEB8B988
:206BB900B9BABABB090907BB0D0A7B0C1F0A00BCBC4E7E4FBDBDBEBEBDBFBDBFE8F7F80FD2
:206BD9002A5F56211000193601F8112A4F46CB21CB10CB7E281F2B2B2B2A5F56210800197B
:206BF900E57DF80977E17CF808322A5F561A6F131A67091804213FC3094D44213CD97EE69B
:206C1900FC773333C5D1D51AF80722131A327EF80277F8087EF803220303792270FA30D9DF
:206C3900F80296203FFA31D9F803962037F8042A5F561A4F131A472132D97E912026237E86
:206C5900902021F8147EEA3CD9FA30D9EA34D9FA31D9EA35D9FA32D9EA36D9FA33D9EA37A6
:206C7900D9C3F26DF8063600F8137EF807223600F8025D542130D91A1396231A9E303121F7
:206C990030D92A5F56F8072A666F7B955F7A9C2131D93273D1D51A4F131A4759507B962340
:206CB9007A9E38452130D9792270F806360118391130D9F8021A1396231A9E302C2130D933
:206CD9002A5F56F8072A666F195D542130D97B227A32D1D51A4F131A4759502A937E9A3848
:206CF900082B792270F8063601F8042A5F561A4F131AF802712377F8025D542132D91A138E
:206D190096231A9E304F2132D92A5F56F8072A666F7B955F7A9C2133D93273F8042A5F2A5B
:206D390023571A22131A327EF80477F8087EF80577F8045D542132D91A1396231A9E38692A
:206D5900F8077EEA32D9F8087EEA33D9F8067EB72857C3F26D1132D9F8021A1396231A9EAC
:206D790030472132D92A5F56F8072A666F195D542132D97B2272F8042A5F2A23571A2213FD
:206D99001A327EF80477F8087EF805321132D91A1396231A9E3812F8077EEA32D9F8087EFC
:206DB900EA33D9F8067EB72030F80F7EF80377F8107EF804322A5F2A571A22131A322A5F68
:206DD900562105007B955F7A9CF8083273F8032A5F56F8072A12137E12E809C9F8082A4F09
:206DF90046CB21CB10CB7E280FF8062A5F56210800192A666F091804213FC3094D44595044
:206E19001A2130D922131A77030359501A2132D922131A77FA30D9EA34D9FA31D9EA35D99E
:206E3900FA32D9EA36D9FA33D9EA37D9213CD97EE6FC771E08219567C3393BE8FAF80E7E4E
:206E5900B728192B2B2A5F56210800192A4F46FAA3C05F21A4C0567B02037A02FAA3C0F803
:206E79000477FAA4C0F80577F80C2A5F56210800192A666F2A4F46F8042A5F567B915F7A09
:206E990098474BF80F7EF80077F8107EF80177D1D51A6F131A677995789CD2436FD1D52195
:206EB900020019E57DF80477E17CF803322A5F561A4F131AD1D521040019E57DF80677E12E
:206ED9007CF80577CB412822CD5A384BF8042A5F561A6F131A677D4487CB10591600E54FEB
:206EF900CD3B10E1794D91EAA8D6F8022A5F561A4F131ACB492822CD5A384BF8042A5F566F
:206F19001A6F131A677D4487CB10591600E54FCD3B10E1794D91EAA9D6F80C2A5F562110A8
:166F390000194D4436011E001809AFEAA9D6EAA8D61E01E806C9CC
:020000040000FA
:050000000000C3380000
:04003800F3C3820587
:0E058200EA26D83E09EA0020FA26D8C34F6FB9
:020000040002F8
:206F4F00EA26D8F0FFEA27D8F040EA28D83E80E0403E01E0FF3E00E00F76003E00E0400843
:206F6F009E9D319E9DE5D5C5FA26D8F5F04F5FCB47281121969D0E0A46AFE04F702C3CE0BE
:206F8F004F0D20F4AFE026E04F7BEABB9D3E01E04F21CB9D0612AF0E15EF7DC60B6F05201F
:206FAF00F5AFE04F3E03E0473E80E068AF0E69E2E23DE2E2E2E2E2E23E70E0423E5CE04381
:206FCF00CDD77021B79D119C9D0E04F721CB9D11387206033E20220E13F73E20227DC60B13
:206FEF006F0520F03E200E15EF2E6B0E04F7C1CD88700E08F7FAA0C0CD8C703E2022222272
:20700F002E8B0E04F7C1CD88700E06F7C1CD88703E202222227DC60B6F0E04F7C1C5CD8823
:20702F0070118B720E07F7D1CDA870119272CB7D28E31196722EAB0E06F7FA28D8CD8C70D9
:20704F000E04F7F04DCD8C700E04F7FA27D8CD8C7036202ECB0E07F73E20221A1322FE20FF
:20706F00280C1A134F1A13470ACD8C7018EA3E89E040AFE00F760018F9CD8D70794778E614
:20708F00F0CB37C630FE3A3802C6072278E60FC630FE3A3802C60722C9424BCD88703E205B
:2070AF0022227BD6085F7ADE00577DC60B6F3E20221A13CD8C701A13CD8C703E2022CB653D
:2070CF0020EF7DE67F20E3C921FE702A5F2A57B3C84E23CB79280A2A121312130C20F91838
:2070EF00F00C0D28E62A121312130D20F818E20090F8FF000092F8FF00D09208FFFFFFFF61
:20710F00C3FFFFFF00009350FFCFA733333397CFFFCF8F0FCFCFCF03FF8733E7CF9F3F031D
:20712F00FF8773F3C7F37387FFC7A76703E7E7E7FF033F3F87F33387FF87333F0733338774
:20714F00FF03F3F3E7E7CFCFFF87333387333387FF87333383F3338700A09308FFFF9F9FD9
:20716F00FF9F9FFF00109442FFCFB77B7B037B7BFF077B7B077B7B07FFC3BF7F7F7FBFC3EA
:20718F00FF0F777B7B7B770FFF037F7F037F7F03FF037F7F037F7F7FFF837F7F437B7B87A0
:2071AF00FF7B7B7B037B7B7BFF83FBEF0283FFFAFB0A07FF7B776F5F1F6F73FFFA7F130398
:2071CF00FF7B334B7B7B7B7BFF7B3B5B6B737B7BFF87FB7B2387FF077B7B077F7F7FFF872C
:2071EF007B7B7B5B6793FF077B7B076F777BFF837F7F87FB7B87FF01FAEF01FFFA7B02876B
:20720F00FFFB7B22B7CFFF7B7B7B7B4B337BFF7B7BB7CFB77B7BFFBBBBBBD7EFEFEFFF0360
:20722F00FBF7EFDFBF030000004B45524E454C2050414E494320504C4541534553454E446D
:20724F00204120434C45415220504943204F46544849532053435245454E20544F20444502
:20726F0056532041463A20204D4F44454C3A2042433A20202044453A20484C3A20205649BB
:20728F0045573A2053503A204C4344433A204B313A2049453A202042414E4B3A5290FF5611
:0672AF00BB9D5770FF209B
:2072B50021B6DA360FF8087E21F5D977D602CA8D04C9E8EFFAF5D9B7200821B6DA360FC3AC
:2072D5000676FAB6DAD60F2004AFEAB6DAFAB6DAF810773E20F81D963E0017F80077F81A79
:2072F5007E07E601F80177F8177EF80277F8187EF80377F8197EF80477F81A7EF80532CB13
:207315002623CB16FAB6DAF602F80677FAB6DAF604F80777F81C7E07E601F80877F81B7EB5
:20733500F80977F81C7EF80A32CB2623CB16F8107EE601F80B77F8022A5F5621080019E51E
:207355007DF80E77E17CF80D77F8103A2BE60222233AE604227EE60877FAF5D93D280BFA50
:20737500F5D9D602CA6E74C3BC75F80B7EB72071F8007EB72804F81D3620AFEA19DAEA1D92
:20739500DAF8017EB72814F80C2A5F561A4F131A47F8042A666F094D44180B013FC3F8041D
:2073B5002A666F094D44F81D5E1600D511F6D9CDE20F211BDA36F62336D9F81D7EEA1ADA3E
:2073D50021B3C03600F533CD7A0433FA1ADAB73E012801AFEA1DDA21B6DA7EF60177C3BC6F
:2073F50075F80E7EB72010FA1DDAB7CABC75F8067EEAB6DAC3BC75F80F7EB72010FA19DAB2
:20741500B7CABC75F8077EEAB6DAC3BC75F8107EB7C2BC75F8007EB72804F81D3620F808C6
:207435007EB72814F80C2A5F561A4F131A47F8092A666F095D54180B013FC3F8092A666F26
:20745500095D54F81D4E0600C501F6D9CDE20F21B6DA7EF60877C3BC75F80F7EB7200FEAB4
:2074750019DAEA1DDAF8077EEAB6DAC3BC75F8107EB7207CFA19DAB7CABC75F8007EB7286B
:2074950004F81D3620F8087EB72821F80C2A5F2A23571A22131A322A5F56F8092A666F1926
:2074B500E57DF80F77E17CF80E77181B113FC3F8092A666F19E57DF81177E17CF810323AEB
:2074D5002B77F8103A2B77F80D2A23322A2377F81D7EF80D22AF322A235F1600D501F6D9C7
:2074F5002A5F56CDE20F21B6DA7EF60877C3BC75F80B7EB7C2AA75F8007EB72804F81D3685
:2075150020F8017EB72821F80C2A5F2A23571A22131A322A5F56F8042A666F19E57DF80F97
:2075350077E17CF80E77181B113FC3F8042A666F19E57DF81177E17CF810323A2B77F8102E
:207555003A2B77F80D2A23322A2377F81D7EF80D22AF322A235F1600D52A4F4611F6D9CD54
:20757500E20F211BDA36F62336D9F81D7EF81077EA1ADAAFEAB3C0F8107EF533CD7A043369
:20759500FA1ADAB73E012801AFEA1DDA21B6DA7EF601771812F80E7EB7200CFA1DDAB7283B
:2075B50006F8067EEAB6DAFAB6DAD60F2843F8027EF80D77F8037EF80E322A5F2A23571AF4
:2075D5004F131A4711060079935F789A327B322B2A5F2A572A12137E12F8022A5F56211042
:1475F5000019E57DF81177E17CF810322A666F3601E811C9F8
:020000040000FA
:013B64000F51
:020000040002F8
:20760900E0013E81E002F0020738FBF001C98833010000000100000088330F0000000F0063
:20762900000088330400000004000000883308000000010000002129D8460E00C5CD097633
:20764900C12129D82270C94F06007891300C041A13C5D5CD3F76D1C118F0FA2AD8D68120EF
:2076690004FA29D8C93EF0C93B3B43FA2BD8B7201E21F8760E0679B7280D2AE5C5D5CD0910
:2076890076D1C1E10D18EF212CD83E8622AF770E10F80078227279B72827D1D51A5FFA2CCD
:2076A900D8212DD8462B1600835F788A732377D1D51AC5CD0976C10DF8003420D923341818
:2076C900D5212BD8347ED6282021FA2CD8CD0976FA2DD8CD0976AFCD0976AFCD0976AFEA93
:2076E9002BD8212CD822773E011801AF3333C98833040080024FC5D53E0A112176CD5076DD
:20770900D1C147A1F8029628147B6A1BB520043EF0180B78E6F02005CDBD0118D978E13375
:20772900E9AFEA2BD83E0A111776CD5076F8065EAF57F5333EFFCDFE76C9E8E3F816360062
:20774900F8247ECB3FF81B772A327EB7CA5879CD9005F8147B2272F8237EF81A2236003E08
:2077690005F81ACB2623CB163D20F62B2A5F56F8142A666F19E57DF81977E17CF81877AFF6
:20778900EA2BD8F81C7E87F81977F8257EF81277F8197EB7CAD5787E3D3E012801AFF813FC
:2077A90077F81A3600F8177EF81B77F8187EF81C77F81A7ED614CABC78F81B2A5F56CD4E4C
:2077C9000DF8157721B9C07EB7281C3E01E04F7EB72811F81B2A5F56CD4E0D0F0F0FE601F2
:2077E9003E012001AFE04F210200394D44C53E01F533F8187EF533CD9038E804AFE04F59BB
:2078090050CD7176B72803F81634F8167ED609C2AF78F81636003E0A112B76CD5076F81307
:207829007EB728062B7EE60F1801AFF8157711BEDA7E127EF80022360021BFDA36E421C036
:20784900DA367FD1D5216A0119E57DF81677E17CF8153211C1DA2A12137E123E0E11B7DA49
:20786900CD50763E02F5333E02117800CDFE764FE6F0280479C35879AFF5333E0211B004C0
:20788900CDFE764FE6F0280479C358793E0A111776CD5076AFF5333EFF110A00CDFE76F85F
:2078A9001577B7C25879F81A342334C2BA772334C3BA77F819352B2B2A5F5621200019E554
:2078C9007DF81977E17CF81877C39377F8167EB728713E0A112B76CD5076F8127EE60FF80B
:2078E9001C7711BEDA7E123A22360021BFDA3EE422367FF81B2A5F56216A0119E57DF81B62
:2079090077E17CF81A322A23322A233211C1DA2A12137E123E0E11B7DACD50763E02F533D4
:207929003E02117800CDFE764FE6F0280379181FAFF5333E0211B004CDFE764FE6F02803C7
:1279490079180C3E0A112176CD5076F81C777EE81DC935
:020000040000FA
:0E3B65008833020004000100E47F000000002D
:020000040002F8
:20795B00080016001C000000FF0100FFFF00000000000F20000000000000000000000000A5
:20797B000000000000000B32730000000BCA6F000000000000000000080004000B000000E1
:20799B00FF0100FFFF00000000000F200000000000000000000000000000000000000BD6BE
:2079BB00680000000BBB7600000000000000000008001E0003000000FF0100FFFF000000E1
:2079DB0000000F200000000000000000000000000000000000000BD6680000000B5B750039
:2079FB00000000000000000008001D0021000000FF0100FFFF00000000000F2000000000F9
:207A1B0000000000000000000000000000000C0C410000000B537400000000000000000020
:207A3B000800140019000000FF0100FFFF00000000000F20000000000000000000000000C9
:207A5B000000000000000C0C410000000B0B76000000000000000000080011001A000000F3
:207A7B00FF0100FFFF00000000000F200000000000000000000000000000000000000C0CA6
:207A9B00410000000BB3750000000000000000000800080008000000FF0100FFFF00000041
:207ABB0000000F200000000000000000000000000000000000000C0C410000000000000023
:207ADB000000000000000000080003001C000000FF0100FFFF00000000000F200000000037
:207AFB0000000000000000000000000000000C0C410000000B1B7800000000000000000074
:207B1B00080005001E000000FF0100FFFF00000000000F20000000000000000000000000F2
:207B3B000000000000000C0C410000000B63760000000000000000000800020020000000C3
:207B5B00FF0100FFFF00000000000F200000000000000000000000000000000000000C0CC5
:207B7B00410000000BAB74000000000000000000080000001E000000FF0100FFFF0000005B
:207B9B0000000F200000000000000000000000000000000000000C0C410000000000000042
:207BBB000000000000000000080003001E000000FF0100FFFF00000000000F200000000054
:207BDB0000000000000000000000000000000B3273000000000000000000000000000000DA
:207BFB00080006000E000000FF0100FFFF00000000000F2000000000000000000000000021
:207C1B000000000000000B327300000000000000000000000000000008001F001A00000058
:207C3B00FF0100FFFF00000000000F200000000000000000000000000000000000000B32BF
:207C5B00730000000B037500000000000000000008001D001F000000FF0100FFFF000000D1
:207C7B0000000F200000000000000000000000000000000000000B32730000000BC37700C5
:207C9B000000000000000000251205140001FFFC3F0800FFFC140002FFFC3F0800FFFC18D0
:207CBB0015FF01F8692BD900570314001EFFFB0DFFFB0042530401000015F975EFC1FBFFDB
:207CDB00FF0015FF00F875EFC100850040000302120101506575742D6F6E206D696575788B
:207CFB002072E97573736972207361207669652064652067616269616E206772E263652032
:207D1B0061757820746563686E6F6C6F67696573203F0041FF00440200850115FDFFFFF863
:207D3B0075EFC1000201140003FFFC3F0800FFFC01000015F975EFC1FBFFFF0015FF00F873
:207D5B0075EFC1008500400003020B01014CE967656E6465203A202252656E616973736102
:207D7B006E636520646573206F7264757265732E204869657220626F756666652C206175A3
:207D9B006A6F757264196875692063656E647265732E2044616E73206365206D6F6E646552
:207DBB0020706F757272692C2074752066696E697320746F756A6F75727320656E206675E0
:207DDB006DE9652E202341706F63616C79707365446573C9676F757473202352617473490E
:207DFB006E466C616D657320234675636B4C657344E96368657473220041FF004402008541
:207E1B000115FDFFFFF875EFC1000201140004FFFC3F0800FFFC140005FFFC3F0800FFFC6B
:207E3B00140006FFFC3F0800FFFC01000015F975EFC1FBFFFF0015FF00F875EFC1008500ED
:207E5B00400003020A0101547970657320646520706F7562656C6C65730A41756A6F75724D
:207E7B0064276875692C206C65207465726D6520706F7562656C6C65206573742075746966
:207E9B006C6973E920706F75722064696666E972656E747320747970657320646520636FB2
:207EBB006E74656E65757273206427657874E97269657572202820436F6E74656E6575720C
:207EDB002C2042656E6E6520E0206F726475726573206DE96E6167E872657329206F752004
:207EFB006427696E74E972696575723A20506F7562656C6C65206465207461626C652C2092
:207F1B00506F7562656C6C65206465207061696C6C617373652C20436F726265696C6C656A
:207F3B0020E0207061706965722E0041FF00440200850115FDFFFFF875EFC1000201140007
:207F5B0007FFFC3F0800FFFC140008FFFC3F0800FFFC140009FFFC3F0800FFFC140009FFF3
:207F7B00FC364C500CFFFC14000AFFFC3F0800FFFC14000CFFFC3F0800FFFC14000DFFFC3D
:207F9B003F0800FFFC14000EFFFC3F0800FFFC14000FFFFC3F0800FFFC140010FFFC3F085F
:157FBB0000FFFC140011FFFC3F0800FFFC5D0161607DF30300C2
:20800000E8F5F8132AD6ED7EDEFF563EFFCB7F2807CB7A2008BF1805CB7A28013730050100
:20802000EDFF182AF8132A4F465816003E13B93E0098CB7B2807CB7A2008BF1805CB7A28CF
:20804000013730050113001805F8132A4F46F8112AD6EF7EDEFF563EFFCB7F2807CB7A20F4
:2080600008BF1805CB7A2801373009F8003EEF2236FF1837F8117EF80977F8127EF80A32B8
:208080003E1196233E009E3E0057CB7E2807CB7A2008BF1805CB7A28013730051E11AF18D6
:2080A00005F8112A5F7EF800732377F8027922702A07E60177F8007EF80577F8017EF806B3
:2080C0007769602929290929E57DF80977E17CF80877F800AF96F80977F804CB46203723C9
:2080E000AF96233E009E3E0057CB7E2807CB7A2008BF1805CB7A280137381B019841F80715
:208100002A666F094D44F8096E2600094D440A4F3E4091C39541F8067E07E601F80A77F8BB
:2081200004CB46201BF80ACB462015019841F8072A666F094D44E1E5094D440AC640185558
:20814000AF914F9F9047696029292909294D44F802AF96233E009E3E0057CB7E2807CB7A83
:208160002008BF1805CB7A2801373818F80ACB462012219841094D44E1E5094D440A4F3E36
:20818000C0911811219841094D44F8096E2600094D440AC6C0E80BC9404040404040404056
:2081A0004040404040404040404000202D333638393A3B3B3C3C3D3D3D3D3D3E0013202826
:2081C0002D30333536373839393A3A3B3B3B000D1820262A2D303133343536373738383992
:2081E000000A131A2025282B2D2F3032333435353637000810161B202427292B2D2F3031EF
:208200003233343400070D13181C202326282A2C2D2E3030313200060B1015191D2023255D
:2082200027292A2C2D2E2F3000050A0F13171A1D20222526282A2B2C2D2E0005090D11158D
:20824000181B1E2022242627292A2B2C0004080C101316191B1E202224252728292A00049C
:20826000070B0E1114171A1C1E202223252627290003070A0D101316181A1C1E20222325FE
:208280002627000306090C0F121416191B1D1E2022232425000306090B0E10131517191B5D
:2082A0001D1E20212324000305080B0D10121416181A1B1D1F202123000305080A0C0F1154
:2082C000131517191A1C1D1F202100020507090C0E1012141617191B1C1D1F200002050745
:2082E000090B0D0F1113151618191B1C1E1F00020406080A0C0E1012141517181A1B1D1E38
:20830000AFEA27D9EA28D92129D936FFC9012ED8F8065EAF6B67292929094D44210700098E
:208320007E0FD0210500092A6E5F55210400097E010100C52601E533010000C5D5F5331ED2
:208340000421A54CCD393BE808C9F8087EB720142B2B7E2127D996200BF8077E2128D996B9
:208360002002AFC9F8073A575ED51E0A217C45CD393BE147F8067EEA27D9F8077EEA28D95F
:20838000783C280EC5331E0A210D43CD393B333E01C9AFC9E8F9F80D7EF80077F80E7EF81F
:2083A0000177F80F2A5F561AF80522131A77D1D51A4F131A473A6E67094CE1E523232A461F
:2083C0005F50F8052A666F197CF80277F80F2A666F23235D541AF80522131A77D1D5210447
:2083E00000192A477E5857F8052A666F197CF80377D1D5210600192A477E5857F8052A66B2
:208400006F197CF8042236000600FA26D990284268AF672929297DC62E5F7CCED8576B62FC
:20842000237E9138271AF80677F8027EF80696381B6B622323237EF80677F80396380D239B
:2084400013131A5F7E933804234E180804F8057018B80EFFF80171F8117EB7200AFA29D983
:20846000912004AFC37945F8017E3C3E012801AFF802324EAF69672929297DC62E5F7CCEBF
:20848000D857210700194D44D521050019D1E57DF80577E17CF8047721040019E57DF807B1
:2084A00077E17CF80677FA29D93CCA3C45F8027EB720092B7E2129D996CA3C451E00F802D3
:2084C000CB46202E0A0F302AF8032A5F2A571A4F131A472A5F561A110100D52601E53311B8
:2084E0000000D5C5F5331E0421A54CCD393BE8081E01FA29D926006F2929297DC62E4F7CEE
:20850000CED84721070009CB4E2828210500092A6E5F55210400097E010200C52601E533A6
:20852000010000C5D5F5331E0421A54CCD393BE8081E01F8017EEA29D97B183DF8017EEA60
:2085400029D9F802CB4620300A0F302CF8032A5F2A571A4F131A472A5F561A110100D52661
:2085600001E533110000D5C5F5331E0421A54CCD393BE8083E011801AFE807C9E8F9010009
:2085800000FA26D990286568AF672929297DC62E5F7CCED8571AF806776B6223237EF8006B
:2085A000776B62237EF801771313131AF80277F80D5E160013F8037B227A22233A2236002D
:2085C000F8035D54F8051A1396231A9E381AF8017EF80D963812237EF80096380B23237E70
:2085E000F80E963803791806044818953EFFE807C9251204140001FFFC3F0800FFFC5D0134
:208600001815FF01F8692BD900570315FD0600FE010001001A0147540000FFFF060100009B
:2086200015F975C5DAFBFFFF0015FF27F875C5DA004701010514000045FD050045FF0000EB
:208640004E010312010140005768656E2074686579200A6172656E277420686572652C208D
:208660000041FF00440301140078FFFB0DFFFB004253044701010514000040007468652049
:20868000636F636B726F6163686573200A64616E63652C2073696E672C200A616E64206624
:2086A000656173742E0041FF00440301140078FFFB0DFFFB0042530447010105140000408F
:2086C000004974206D6179206E6F74206265207468650A4F6C796D70696320666C616D65B1
:2086E0002C0041FF00440301140078FFFB0DFFFB00425304470101051400004000627574B3
:2087000020697420636F756C646E27742062650A616E79207761726D6572200A7468616E60
:20872000206865726520210041FF00440301140078FFFB0DFFFB0042530445FE05004403F7
:208740000145FD12001815FDFFFFF875C5DA00020109489F01000015F975C5DAFBFFFF0081
:2087600015FF27F875C5DA004701010514000045FD050045FF00004E0103120101400051CE
:2087800075616E6420696C73206E6520736F6E74200A706173206CE02C206C6573200A63FB
:2087A0006166617264732064616E73656E742C0041FF00440301140078FFFB0DFFFB0042B8
:2087C00053044701010514000040006368616E74656E742C20657420666F6E74200A64655C
:2087E00020626F6E732072657061732E200A0041FF00440301140078FFFB0DFFFB0042536A
:2088000004470101051400004000432765737420706575742DEA747265200A706173206CC2
:208820006120666C616D6D65200A646573204A4F2C20200041FF00440301140078FFFB0D9F
:20884000FFFB004253044701010514000040006D616973207927612070617320706C7573D0
:20886000200A6368616C6575726575782071752769636920210041FF00440301140078FFE2
:20888000FB0DFFFB0042530445FE050044030145FD12001815FDFFFFF875C5DA0002010022
:2088A0000830000000F80200F000040010F80600F000080010F80A00F0000C0010F80E0068
:2088C000F000100010F81200F000140010F81600F000180010F81A00F0001C0010F81E0000
:2088E000F000200010F82200800000000830000000F80200F000040010F82400F000080074
:2089000010F82600F000280010F82A00F0002C0010F82E00F000300010F81600F00032002D
:2089200010F81A00F0001C0010F81E00F000200010F82200800000000830000000F80200F7
:20894000F000040010F82400F000080010F83400F000280010F83600F0002C0010F8380011
:20896000F0003A0010F80008F000020810F80408F000060810F80808F0000A0810F80C087B
:208980008000000008300E0800F81008F000120810F81408F000160810F81808F0001A0883
:2089A00010F83600F0002C0010F83800F0003A0010F81C08F000020810F81E08F0000608A1
:2089C00010F80808F0000A0810F80C088000000008300E0800F81008F000120810F8140855
:2089E000F000160810F81808F000200810F83600F000220810F83800F0003A0010F81C083B
:208A0000F000020810F81E08F000060810F80808F0000A0810F80C0880000000082F0E082D
:208A200000F81008F000120810F81408F000160810F81808F000200810F83600F000220852
:208A400010F82408F0003A0010F82608F000280810F82A08F0002C0810F82E08F00030089E
:208A600010F83208F000340810F836088000000008300E0800F81008F000120810F8140836
:208A8000F000160810F81808F000200810F83600F000220810F82408F0003A0010F826089C
:208AA000F000280810F82A08F0002C0810F82E08F000300810F83208F000340810F836081E
:208AC0008000000008300E0800F81008F000120810F81408F000160810F81808F00020083C
:208AE00010F83600F000220810F83800F0003A0010F83808F000020810F81E08F000060846
:208B000010F80808F0000A0810F80C0880000000A048EC4838498449D0491C4A704AC44AEE
:208B20000007000700070007000700070007000700000800E0104B204B304B0000FF0100D4
:098B4000FFFF0009395609B35D7D
:208B4900F8053A473A4F3E80E20C3A6E6711000078B7280DCB23CB12CBC3CBEBCBD2052004
:208B6900F30620F041CB4F20FA2AB3E2F041CB4F20FA2AB2E20520EBC9F8053A473A4F3E6E
:208B890080E20C3A6E6711FF7F78B7280FCBA3CB8ACB3ACB1BCBA3CB8A0520F10620F0417C
:208BA900CB4F20FA2AA3E2F041CB4F20FA2AA2E20520EBC947FA2DD9B7281BC50E68C5118B
:208BC900A0DFD5CD824BE804C10E6AC511B5D9D5CD824BE804C9C50E68C511A0DFD5CD4976
:208BE9004BE804C10E6AC511B5D9D5CD494BE804C9000103070F1F3FB7281C5726047BE658
:208C09000328013DCB3FCB1DCB3FCB1DCB3BCB3B2520EB5D1520E57BC9B7281E5726047B0E
:208C2900E603FE0328013CCB3FCB1DCB3FCB1DCB3BCB3B2520E95D1520E37BC94F3E0491E3
:208C490030020E04FA2DD9B72023FAB2D9C55F79CD014CC1E04721B3D95EC579CD014CC185
:208C6900E04821B4D95E79CD014CE049C9FAB2D9C55F79CD224CC1E04721B3D95EC579CDD7
:208C8900224CC1E04821B4D95E79CD224CE049C9FAFC4BEA2BD9212CD93605AFEA2AD9FA9C
:208CA900B9C0B728053E05C3BD4B3E05C3454CFA2CD9B7200EFAB9C0B72804AFC3BD4BAF46
:208CC900C3454CAFEA2ED9EA2FD9212AD93601212CD93605FAB9C0B728053E05C3BD4B3E46
:208CE90005C3454CFA2CD9D6052010FAB9C0B728053E05C3BD4B3E05C3454CAFEA2ED9214B
:208D09002FD93601212AD93601AFEA2CD9FAB9C0B72804AFC3BD4BAFC3454CFA2AD9B7C8C3
:208D2900FA2ED94F212ED93479212BD9A6C0212FD9CB462013212CD97EB7280135FA2CD955
:208D4900B72019EA2AD91814212CD97ED605300134FA2CD9D6052004AFEA2AD9FAB9C0B759
:208D69002806FA2CD9C3BD4BFA2CD9C3454CFAB9C0B72806FA2CD9C3BD4BFA2CD9C3454C2A
:208D890001FA4BF8066E2600094D440AEA2BD9C91E0A21B84CCD393BFA2AD9B7C8CDBD0102
:208DA9001E0A21244DCD393B18EE1E0A21ED4CCD393BFA2AD9B7C8CDBD011E0A21244DCD58
:208DC900393B18EE2515FD0100FE010001001A014F030000FFFF064701010614000045FDC2
:208DE900120045FF0C004E01051201014000506F73743A2041207261740A77656172696E28
:208E0900672062726F6B656E0A73756E676C61737365730041FF0044070147010106140000
:208E2900004000696E2066726F6E74206F662061200A7368696D6D6572696E67200A6469FF
:208E490072747920776174657220707564646C650A6F6620687964726F636172626F6E73BC
:208E69000041FF0044070147010106140000400043617074696F6E3A2022506F69736F6EF8
:208E8900200A7374796C65206261636B67726F756E64220041FF004407014701010614001D
:208EA9000040004265617574792069730A746F7869632C2062616279220041FF004407013A
:208EC900470101061400004000235261696E626F77205365776572730A23506F69736F6EB3
:208EE9004165737468657469630041FF0044070145FE120044030109503D470101061400AD
:208F09000045FD120045FF0C004E01051201014000506F73743A20556E20726174200A7038
:208F29006F7274616E7420646573200A6C756E657474657320646520736F6C65696C0041C4
:208F4900FF004407014701010614000040006372617175656CE9657320646576616E7420AA
:208F69000A756E6520666C61717565206419656175200A73616C652069726973E965200A02
:208F89006419687964726F63617262757265730041FF004407014701010614000040004C53
:208FA900E967656E6465203A20225374796C65200A73757220666F6E6420646520706F6973
:208FC900736F6E2E0041FF004407014701010614000040004C61206265617574E92063276A
:208FE900657374200A746F78697175652C62E962E922200041FF00440701470101061400F0
:2090090000400023C9676F757473417263456E4369656C200A23506F69736F6E4165737451
:209029006865746963200041FF0044070145FE1200440301002515FD0100FE010001001A7F
:209049000151660000FFFF064701010514000045FD120045FF0D004E01051201014000504C
:209069006F73743A20547261736820676C7565640A746F20746865206261636B200A6F6606
:209089002061207261742C0041FF004407014701010514000040006C696B6520666173681E
:2090A900696F6E0A6163636573736F726965730041FF004407014701010514000040004352
:2090C900617074696F6E3A20224E6577200A647269702C207374726169676874200A6672C9
:2090E9006F6D207468652064756D702E0041FF00440701470101051400004000547261735E
:2091090068636F726520697320746865200A6E657720686175746520636F757475726522E4
:209129000041FF004407014701010514000040002352617446617368696F6E5765656B203A
:209149000A2354726173685374796C650041FF0044070145FE120044030109528747010172
:209169000514000045FD120045FF0D004E01051201014000506F73743A204465732064E9F7
:20918900747269747573200A636F6C6CE97320737572206C6520646F73200A647520726124
:2091A900742C200041FF00440701470101051400004000636F6D6D6520646573200A61635D
:2091C900636573736F69726573206465200A6D6F64650041FF004407014701010514000010
:2091E90040004CE967656E6465203A20224E6577200A647269702C2073747261696768749D
:20920900200A66726F6D207468652064756D702E0041FF00440701470101051400004000D4
:209229005472617368636F726520697320746865200A6E657720686175746520636F757497
:20924900757265220041FF004407014701010514000040002352617446617368696F6E5700
:2092690065656B200A2354726173685374796C650041FF0044070145FE120044030100E83F
:20928900FCF80A2A5F2A572A4F46CB21CB1021080019E57DF80477E17CF80377F80DCB7E03
:2092A900280FF8022A5F561A6F131A67094D7C1806213FC3094D7CF800712377F80E2A4F11
:2092C90046CB21CB10CB7E280FF8022A5F561A6F131A67094D441806213FC3094D44D1D5E7
:2092E9001AF80222131A770A4F2128530600094EF8105E3E079347041802CB290520FB7909
:20930900079F47D5F8042A5F56CD190ED11C1804CB28CB191D20F9E1E5792270E804C90017
:209329000306090C101316191C1F2225282B2E313336393C3F414447494C4E515355585A09
:209349005C5E60626466686A6B6D6F70717374757678797A7A7B7C7D7D7E7E7E7F7F7F7FA6
:209369007F7F7F7E7E7E7D7D7C7B7A7A79787675747371706F6D6B6A68666462605E5C5AAB
:20938900585553514E4C494744413F3C393633312E2B2825221F1C191613100C0906030003
:2093A900FDFAF7F4F0EDEAE7E4E1DEDBD8D5D2CFCDCAC7C4C1BFBCB9B7B4B2AFADABA8A6BF
:2093C900A4A2A09E9C9A9896959391908F8D8C8B8A888786868584838382828281818181E2
:2093E90081818182828283838485868687888A8B8C8D8F9091939596989A9C9EA0A2A4A69D
:20940900A8ABADAFB2B4B7B9BCBFC1C4C7CACDCFD2D5D8DBDEE1E4E7EAEDF0F4F7FAFDE81C
:20942900FCF80A2A5F2A572A4F46CB21CB1021080019E57DF80477E17CF80377F80DCB7E61
:20944900280FF8022A5F561A6F131A67094D7C1806213FC3094D7CF800712377F80E2A4F6F
:2094690046CB21CB10CB7E280FF8022A5F561A6F131A67094D441806213FC3094D44D1D545
:209489001AF80222131A770AC6406F2600112853194EF8105E3E079347041802CB29052095
:2094A900FB79079F47D5F8042A5F56CD190ED11C1804CB28CB191D20F9E1E5792270E804CB
:2094C900C924009CFFBCFFBEFFBEFFBFFFFFFFF0FF00FF80FF00FF04FF84FF87FF85FF8589
:2094E900FF84FFFFFFFFFFFFFFFFFFFFFFF7FFF7FFFBFFFBFFFBFF9BFFADFFADFFB5FFB5B6
:20950900FF9AFFFFFFFFFFEFFFFFFF01FF01FF01FF00FF00FFA0FF20FF60FF40FF40FFC069
:20952900FF80FFFFFFFFFFFFFFFFFFFFFFFFFFFFFFFFFFFFFFFFFF01FFFFFFFFFFFFFFFFBF
:20954900FFFFFFFFFF87FF9FFFFFFF00FF00FF00FF00FF08FF89FF89FFBDFFA7FFA6FFA625
:20956900FF06FFFFFFFFFFFFFFFFFFFFFF00FFFFFF7FFF7FFF7FFF07FFF7FFF7FFF7FF7712
:20958900FF77FFDFFFDDFFDCFFDFFFD8FFF0FF00FF00FF07FF3DFFE0FF20FF20FF20FF3B5D
:2095A900FF0EFFFFFFFFFFFFFFFFFFFFFFC0FFFEFFFEFFFFFFFFFF1FFFDFFFDFFFDFFF1E15
:2095C900FFDFFF7FFF7FFF7FFF7FFF7FFFFFFF00FF00FF00FF00FF00FF00FF00FF00FF0039
:2095E900FF00FFFFFFFFFFFFFFFFFFFDFF79FF79FF79FF79FF79FF60FFEFFFEFFFEFFF00EF
:20960900FF7FFFFFFFFFFFFFFFFFFF9FFFD7FF7FFF00FF00FF00FF00FF08FF00FF00FF00D9
:20962900FF00FFFFFFFFFFFFFFFFFF07FFF0FFFFFFFFFFFFFFFFFF00FFDFFFDFFFCFFFE7CE
:20964900FFF7FFFDFFBDFFFDFFFDFF64FFF6FF3CFF80FF00FF00FF00FF18FF00FF00FFE058
:20966900FF20FFFFFFFFFFFFFFFFFFFCFFFDFFFDFF7DFFFDFFFDFFFCFFFDFFFDFFFDFFDD98
:20968900FFFDFF09FF09FFF9FF01FF09FF0DFF05FF01FF00FF00FF00FF00FF20FF60FF79B3
:2096A900FF4BFFFFFFFFFFBDFFF7FFFFFFD7FFF7FFDFFFFFFFFFFFFFFFFFFFFFFFFFFF0FFF
:2096C900FF0DFFBCFF17FF9AFF92FFFEFF38FF01FF0FFF0FFF06FF03FF00FF10FF10FF0007
:2096E900FF80FFFFFFFFFFFFFFFDFFFDFFFEFFFFFF7FFF0FFF0FFF00FF00FF00FF00FF0060
:20970900FFF8FF240001FF01FF01FF00FF00FF00FF00FF00FF00FF00FF00FF00FF00FF0030
:20972900FF00FF00FFFFFFFFFFFFFFFFFF03FF03FF03FF00FF00FF00FF00FF00FF00FF002B
:20974900FF00FF00FF00FF00FF00FF00FF00FF00FF04FF04FF00FF00FF00FF00FF08FF08F8
:20976900FF00FF00FFFFFF97FFFFFF9FFFF7FF7FFF77FFF7FFDFFFF0FF00FF00FF00FF0009
:20978900FF02FF00FF00FF00FF00FF1CFF36FF22FFE3FFA3FF3EFF08FF20FF20FF00FF004E
:2097A900FF00FF00FFFFFFFFFFFFFFFBFFFFFFFEFFF7FF1FFF0AFF0BFF08FF0CFF0CFF244C
:2097C900FFE0FF80FFF3FF7EFF6CFF4CFFFCFF89FFFCFF3FFF00FF00FF00FF00FF00FF0047
:2097E900FF00FF00FFFFFFEFFFFFFFFFFF7FFFFFFFFFFFFFFFFCFFFCFF60FF66FF7EFF408C
:20980900FF00FF39FFFFFFF8FFF8FFF8FFCFFF9CFF07FF00FF40FF00FF00FF00FF00FF007D
:20982900FF00FF00FFFFFFFFFFFFFFFFFFC0FF9FFF3FFFFFFFFFFFFFFF00FFFFFFFFFFF0AA
:20984900FF07FFFFFF7DFF1DFFDDFFDDFFC1FFFFFFFEFFC0FF20FFE0FF80FF00FF80FF80B7
:20986900FFC0FF80FFFFFFFFFFFFFFFFFFFFFFFDFFFCFFFDFFFDFFFDFF7CFF7DFF7DFF7DD1
:20988900FF7DFF7DFF87FFF7FFF7FFF7FFF7FFFFFFFFFF01FF7CFF4CFF47FF03FF07FF005A
:2098A900FF00FF00FFFFFFFFFFFFFFFFFFFFFFFFFFFEFFFEFFFEFFFEFFF6FFC7FFDFFF1F02
:2098C900FF7FFF3FFFF9FFD3FF37FFE7FFCFFFFFFFFFFF00FF00FF80FF00FF00FFE0FF00BA
:2098E900FF00FFF0FFFFFFFFFFFFFFFFFFDFFFBFFF7FFFFFFFFFFFFFFF18FFFEFFFEFFFE57
:20990900FFFFFFFCFFF7FFF7FFF7FF74FF73FFFFFF00FF00FF00FF0FFF68FF48FF4FFF4832
:20992900FFC8FFCFFFFFFFFFFFFFFFFFFFFFFFFFFFFFFFF6FFF5FFF3FFF4FFF5FFF5FFF1F1
:20994900FFF7FFF7FF2515FD0100FE010001001A015A770000FFFF06470101061400004543
:20996900FD120045FF0C004E01051201014000506F73743A20426C757272792073656C668D
:209989006965730A7769746820616E2061726D79206F66200A746174746F6F656420726179
:2099A90074730041FF00440701470101061400004000286F722077656172696E67200A73D5
:2099C9007472616E6765206163636573736F72696573290041FF0044070147010106140031
:2099E90000400043617074696F6E3A0A22556E64657267726F756E642062726F7468657247
:209A0900686F6F642E0A57652077696C6C20656D65726765200A66726F6D20746865207360
:209A29006861646F7773220041FF0044070147010106140000400022616E6420737061721B
:209A49006B73200A77696C6C20666C792021220A20235261747341726E616368790041FF82
:209A69000044070145FE1200440301095B844701010714000045FD120045FF0B004E0105B1
:209A89001201014000506F73743A2053656C66696520666C6F75200A6176656320756E650A
:209AA9002061726DE965200A64652072617473207461746F75E9730041FF004407014701A5
:209AC90001071400004000286F7520706F7274616E7420646573200A6163636573736F691D
:209AE900726573200AE97472616E676573290041FF004407014701010714000040004CE97E
:209B090067656E6465203A200A224672617465726E6974E9200A736F757465727261696E85
:209B2900652E200A4F6E20736F7274697261206465200A6C276F6D6272650041FF00440738
:209B4900014701010714000040002C657420E76120766120EA7472652063686F0A23416E68
:209B6900617263686965446573526174730041FF0044070145FE1200440301000800110078
:209B890001000000FF0100FFFF00000000000F20000000000000000000000000000000008E
:209BA900000009E87F0000000B3360000000000000000000080002000D000000FF0100FF78
:209BC900FF00000000000F080000000000000000000000000000000000000CC74000000053
:209BE9000CCF4F0000000000000000000800060010000000FF0100FFFF00000000000F08FF
:209C09000000000000000000000000000000000000000CC7400000000CEC4F0000000000E1
:209C290000000000080009000C000000FF0100FFFF00000000000F080000000000000000E9
:209C4900000000000000000000000CC7400000000C095000000000000000000008000C006F
:209C69000D000000FF0100FFFF00000000000F0800000000000000000000000000000000B9
:209C890000000CC7400000000C954F000000000000000000080007000E000000FF0100FF9C
:209CA900FF00000000000F080000000000000000000000000000000000000CC74000000072
:209CC9000CB24F0000000000000000000800020011000000FF0100FFFF00000000000F083E
:209CE9000000000000000000000000000000000000000CC7400000000C26500000000000C6
:209D090000000000080003000A000000FF0100FFFF00000000000F08000000000000000010
:209D2900000000000000000000000CC7400000000C43500000000000000000000800080058
:209D49000A000000FF0100FFFF00000000000F2000000000000000000000000000000000C3
:209D690000000C0C41000000000000000000000000000000080011000A000000FF0100FF5F
:209D8900FF00000000000F200000000000000000000000000000000000000C0C4100000033
:209DA9000000000000000000000000002515FD0100FE010001001A015EC50000FFFF0647D9
:209DC90001010614000045FD120045FF0C004E01051201014000506F7374203A204120731E
:209DE90065776572200A74756E6E656C207461676765642077697468200A666C756F206718
:209E090072616666697469730A0041FF004407014701010614000040006F662077656972FC
:209E2900642073796D626F6C730041FF004407014701010614000040002254686520576142
:209E49006C6C7320737065616B2C0A62726F2E2054686F73652077686F200A756E646572FA
:209E69007374616E64206B6E6F772E220041FF004407014701010614000040002353616327
:209E89007265645365776572730A2354756E6E656C4C616E67756167650A23417274467232
:209EA9006F6D7468654465707468730041FF0044070145FE1200440301095FD24701010563
:209EC90014000045FD120045FF0D004E01051201014000506F73743A20556E2074756E6E70
:209EE900656C200A6419E9676F75742074616775E9206465200A677261666669746973208D
:209F0900666C756F200041FF0044070147010105140000400061766563206465732073792D
:209F29006D626F6C6573200AE97472616E6765730041FF0044070147010105140000400061
:209F4900224C6573206D757273207061726C656E742C0A6672E872652E2043657578207174
:209F69007569200A636F6D7072656E6E656E7420736176656E742E220041FF004407014753
:209F8900010105140000400023C9676F75747353616372E973200A234C616E677565446508
:209FA9007354756E6E656C730A2341727444657350726F666F6E64657572730041FF0044B1
:209FC900070145FE1200440301002515FD0100FE010001001A0160EF0000FFFF06470101E4
:209FE9000514000045FD120045FF0D004E010512010140005075626C696320747261736851
:20A009002063616E0A696E2050617269732E20546865200A7472616E73706172656E74207A
:20A029006261670041FF00440701470101051400004000666163696C6974617465732074A2
:20A049006865200A6578616D696E6174696F6E206F66200A74686520636F6E74656E747375
:20A0690020616E640041FF0044070147010105140000400070726576656E7473207468657E
:20A08900200A636F6E6365616C6D656E74206F66200A6578706C6F7369766520646576693E
:20A0A9006365732C0041FF0044070147010105140000400061732070617274206F660A74E4
:20A0C9006572726F7269736D200A70726576656E74696F6E2E0041FF0044070145FE120081
:20A0E9004403010961F04701010514000045FD120045FF0D004E01051201014000506F75D2
:20A1090062656C6C65207075626C69717565200AE02050617269732E204C6520736163200C
:20A129000A7472616E73706172656E74200041FF00440701470101051400004000666163E2
:20A14900696C697465206C276578616D656E200A647520636F6E74656E75206574200A6507
:20A169006D70EA636865206C61200041FF0044070147010105140000400064697373696D1B
:20A18900756C6174696F6E200A6427656E67696E206578706C6F7369662C200A64616E736E
:20A1A900206C652063616472650041FF004407014701010514000040006465206C61207012
:20A1C90072E976656E74696F6E200A647520746572726F7269736D652E0041FF00440701EF
:20A1E90045FE120044030100E8E721000039111400D5110000D5E5CDAA3AE806F8003EB93D
:20A2090022360121000039E5CD0B0FE13EE4E0493EE4E0483EE4E047AFE042AFE043F04024
:20A22900F81422F040E6FDE040F040E6DFE040F040F601E040F040F680E0400E0071F81506
:20A249007ED60E284521000039E57DF81877E17CF81722710E0079D6142813F8162A5F2A77
:20A26900577E12342B2B34200223340C18E8F8184E21000039E5211401E5F819662E00E569
:20A28900CD4D3BE806F8153418B4111400D5110000D521040039E5CDAA3AE806F821AF9645
:20A2A900233E209E30050100001819F8212A4F46CB38CB19CB38CB19CB38CB19CB38CB199B
:20A2C900CB38CB1979B728053E80913068C5F8257EF533F8222A5F56D5AF0FF5CD3911E842
:20A2E90005C1F8003E9922360021000039E5CD0B0FE179B7280479C6804FF81F2A5F5621E0
:20A30900001019E57DF82177E17CF820777987F82366E533F8205E2356D5672E00E5CD3950
:20A3290011E805F8003E9922360121000039E5CD0B0FE118267987F82366E533F8205E2377
:20A3490056D5672E00E5CD3911E805F8003E9922360021000039E5CD0B0FE1F8262A472A64
:20A369004FCB39CB18CB39CB18CB39CB18CB39CB187EF533F8252A5F56D5C533AFF533CDD6
:20A389003911E805F82B2A472A4FCB39CB18CB39CB18CB39CB18CB39CB187EF533F82A2AE2
:20A3A9005F56D50E80C5CD3911E805F8003EA122360021000039E5CD0B0FE1F8147EE040D3
:20A3C900111000D5110000D521040039E5CDAA3AE80621000039E5AF3CF5CD3639E804AFC0
:20A3E900672E12E53E14F533AF0FF5CD973AE805F8003EB922360021000039E5CD0B0FE1C2
:20A40900E819C92515FD0100FE010001001A0165090000FFFF064701010514000045FD12EE
:20A429000045FF0D004E01051201014000506F73743A20416E206F6C642063616E200A662A
:20A449006F756E6420696E2061200A6461726B20636F726E65720041FF004407014701017B
:20A469000514000040002248756D616E73207361790A2764616E676572272E0041FF004404
:20A4890007014701010514000040004920736565206F6E65206D6F7265200A74726F7068D7
:20A4A9007920696E206D79200A77756E64657267726F756E64206B696E67646F6D2E004157
:20A4C900FF00440701470101051400004000234C6976696E675365776572730A2356696332
:20A4E9006546726F6D74686554756E6E656C730041FF0044070145FE120044030109661187
:20A509004701010614000045FD120045FF0C004E01051201014000506F73743A20556E655B
:20A5290020766965696C6C65200A63616E657474652074726F7576E965200A64616E73205C
:20A54900756E20636F696E20736F6D6272650041FF00440701470101061400004000224C01
:20A5690065732068756D61696E7320646973656E74200A2764616E676572272E0041FF00E7
:20A589004407014701010614000040004D6F69206A6520766F697320756E200A74726F70DC
:20A5A90068E96520646520706C7573200A64616E73206D6F6E20726F7961756D65200A7316
:20A5C9006F757465727261696E2E220041FF0044070147010106140000400023C9676F75E3
:20A5E9007473566976616E74200A23566963657344657354756E6E656C730041FF0044071C
:09A609000145FE120044030100AA
:020000040000FA
:20FE08002515FD0100FE010001001A017EFD0000FFFF064701010514000045FD120045FF0E
:20FE28000D004E010512010140005472617368200A72656E61697373616E63652E0041FFDF
:20FE48000044070147010105140000400059657374657264617920666F6F642C0A746F64AD
:20FE680061790A61736865732E0041FF00440701470101051400004000496E207468697397
:20FE880020726F7474656E200A776F726C642C20796F7520616C776179730A676F2075700D
:20FEA80020696E20736D6F6B652E0041FF004407014701010514000040002353657765727F
:20FEC8007341706F63616C797073650A2352617473496E466C616D65730A234675636B54B6
:20FEE800726173680041FF0044070145FE1200440301097FF24701010514000045FD1200F3
:20FF080045FF0D004E0105120101400052656E61697373616E636520646573200A6F7264A9
:20FF2800757265732E0041FF004407014701010514000040004869657220626F756666657F
:20FF48002C0A61756A6F75726419687569200A63656E647265732E200041FF0044070147DB
:20FF6800010105140000400044616E73206365206D6F6E6465200A706F757272692C2074F2
:20FF8800752066696E6973200A746F756A6F75727320656E2066756DE9650041FF004407C2
:20FFA800014701010514000040002341706F63616C79707365446573C9676F7574730A231E
:20FFC80052617473496E466C616D65730A234675636B4C657344E963686574730041FF0012
:0BFFE80044070145FE12004403010025
:020000040002F8
:20A61200213CD93603AF2132D92277AF2130D92277AFEA39D9EA38D9AF2136D92277AF21E5
:20A6320034D92277AFEA3BD9EA3AD9C9E8F9FA3CD9F80077E5CB46E1CA1E672146D12A4FB9
:20A652004604FA38D96F079F6729292929297D5CF805227B322A5F5679935F789AF802321D
:20A6720073FA3AD96F079F6729292929297D4CF8032271F8015D54F8031A1396231A9E3035
:20A6920004AF4F180FF8012A5F2A572A666F7B955F7A9C4BF805712377F8012A5F2A572A78
:20A6B200666F195D54FA30D94F2131D946FA34D9F80377FA35D9F80422799623789E3021EE
:20A6D200F8052A4F46E5F802CB5EE128331134D9F8051A1396231A9E3026F8032A4F461887
:20A6F2001F7B917A9830194B42E5F802CB56E1280F2134D97B96237A9E3005F8032A4F46B4
:20A712002134D97922702130D9792270E5F802CB4EE1CAE3672148D12A4F4604FA39D96F54
:20A73200079F67292929292979954F789C47FA3BD96F079F6729292929297995789C3005C7
:20A75200110000180679955F789C57094D44FA32D9F80377FA33D9F80477FA36D9F80577D9
:20A77200FA37D9F80677F8032A937E9A30212B7B2272E5F802CB6EE1283F2136D92A937E22
:20A792009A3036F8053A2B77F8063A2B77182AF803799623789E3021F803792270E5F80239
:20A7B200CB66E128142136D9799623789E300AF8053A2B77F8063A2B77F8037EEA36D9F86A
:20A7D200047EEA37D9F8037EEA32D9F8047EEA33D9E807C92515FD0100FE010001001A0102
:20A7F20068C70000FFFF064701010614000045FD120045FF0C004E010512010140005350C2
:20A81200454349414C204F464645520A4D41525345494C4C452753200A43484541504553F1
:20A8320054210041FF004407014701010614000040005769746820616E20657863656C6C3A
:20A85200656E740A70726F6475637420756E6D6174636865640A696E207175616C697479B1
:20A8720020210041FF0044070147010106140000400044454C495645525920494E200A4DC4
:20A8920041525345494C4C45200A414E442041524F554E440A32342F372044454C495645C0
:20A8B200524945530041FF0044070145FE12004403010969B54701010714000045FD12004B
:20A8D20045FF0B004E010512010140004E4F5556454C4C452050524F4D4F54494F4E200AF4
:20A8F2004C45204D4F494E532043484552204445200A4D41525345494C4C4520210041FFDB
:20A91200004407014701010714000040004176656320756E20657863656C6C656E74200AA5
:20A9320070726F64756974207175692064E9666965200A746F75746520636F6E6375727277
:20A95200656E6365210041FF004407014701010714000040004C4956524149534F4E2053CF
:20A972005552200A4D41525345494C4C45200A2620414C454E544F555253200A484F5241D5
:20A992004952452032342F3234200A4C4956524149534F4E530041FF0044070145FE120095
:20A9B200440301002515FD0500FE010001001A016A8C0000FFFF064701010514000045FD48
:20A9D200120045FF0D004E01051201014000AB547261696E696E6720706172746E65722037
:20A9F2000A696E206372696D65BB0041FF004407014701010514000040004E657720736826
:20AA12006F636B696E6720706F73740A66726F6D204D61727479204D61635261740A74689A
:20AA32006520626967207261740041FF004407014701010514000040006163636F6D7061E4
:20AA52006E6965642062790A4B6962696361742C20746865206269670A6361742C2068694A
:20AA720073206E656D657369730041FF0044070145FE1200440301096B5B470101061400E2
:20AA92000045FD120045FF0C004E01051201014000AB547261696E696E6720706172746E2C
:20AAB2006572200A696E206372696D65BB0041FF004407014701010614000040004C6520C1
:20AAD2006E6F757665617520706F7374200A63686F7175616E74206465200A4D61727479CE
:20AAF200204D6163526174206C65200A67726F73207261740041FF004407014701010614C0
:20AB1200000040006163636F6D7061676EE9200A6465204B696269636174206C65200A6705
:20AB3200726F73206361742C20736F6E200A656E6E656D69206A7572E92E200041FF0044E9
:20AB5200070145FE1200440301002515FD0100FE010001001A016C2A0000FFFF0647010108
:20AB72000614000045FD120045FF0C004E01051201014000506F73743A20526F7474656EE1
:20AB92002070697A7A610A6C6566746F7665727320636F76657265640A696E2067726565C5
:20ABB2006E206D6F6C640041FF0044070147010106140000400043617074696F6E3A0A22E6
:20ABD2004D6F6C642069730A20746865206963696E670A206F6E207468652063616B652208
:20ABF2000041FF004407014701010614000040002352617461746F75696C6C654E696768E5
:20AC1200742D0A6D6172650041FF0044070145FE1200440301096D0147010106140000458A
:20AC3200FD120045FF0C004E01051201014000506F73743A20556E2072657374652064650C
:20AC5200200A70697A7A6120706F7572726965200A636F7576657274206465200A6D6F69DA
:20AC72007369737375726573207665727465730041FF004407014701010614000040004C0D
:20AC9200E967656E6465203A200A224C61206D6F69736973737572652C200A6319657374D2
:20ACB200206C6120636572697365200A737572206C652067E274656175220041FF004407C0
:20ACD200014701010614000040002352617461746F75696C6C654361756368650A2D6D61C7
:20ACF200720041FF0044070145FE1200440301002515FD0100FE010001001A016DD0000017
:20AD1200FFFF064701010614000045FD120045FF0C004E01051201014000506F73743A206E
:20AD32004120726174200A6D756E6368696E670A612070696C65206F66200A6578706F7353
:20AD52006564207769726573200041FF0044070147010106140000400043617074696F6EB1
:20AD7200203A20225768656E200A796F752077616E74200A746F207265636F6E6E65637444
:20AD92000A746F20746865206D617472697826220041FF0044070147010106140000400027
:20ADB200234F766572766F6C74616765640041FF0044070145FE1200440301096E9E4701E6
:20ADD200010714000045FD120045FF0B004E01051201014000506F73743A20556E20726144
:20ADF20074200A63726F7175616E742064616E7320756E65200A70696C652064652066695C
:20AE12006C73200AE96C656374726971756573200A6578706F73E9730041FF004407014765
:20AE320001010714000040004CE967656E6465203A20225175616E64200A74752076657553
:20AE520078207465200A7265636F6E6E6563746572200AE0206C61206D6174726963652E83
:20AE72002E2E220041FF0044070147010107140000400023537572766F6C74616765004182
:20AE9200FF0044070145FE12004403010018000000000000000000000000000000000000A0
:20AEB2000000008080E0E03838000000000000000000000000000000000000000000000050
:20AED200001E1E33336060C0C08080000000007070D8D888888080808086860C0C9898B0DA
:20AEF200B098980C0CE6E6303011111F1F00001C1C3636222202020202C2C2606033331B07
:20AF12001A33336060CECE18181010F0F00000000000000000000000000000000000000013
:20AF320000F0F098980C0C06060303010100000000000000000000000000000000000000C3
:20AF520000000003030E0E38380000000000000000000000000000000010101010F0F080AD
:20AF720080000000000000000000000000000000000000000000000000000000000000033C
:20AF9200031E1E30306060C0C08080000000007070D8D888888080808086860C0C9898B01C
:20AFB200B098980C0CE6E6303019190F0F00001C1C3636222202020202C2C2606033331B56
:20AFD2001A33336060CECE18183030E0E000000000000000000000000000000000000080B3
:20AFF20080F0F018180C0C060603030101000000000000000000000000101010101E1E0304
:20B01200030000000000000000000000000000180000000000000000000000000000000003
:20B032000000000000000000008080C0C060603C3C00000000000000000000000000000046
:20B052000000001C1C36366363C1C18080000000007070D8D888888080808086860C0C9896
:20B0720098B0B098980C0CE6E6303011111B1B0E0E1C1C3636222202020202C2C260603377
:20B09200331B1A33336060CECE18181010B0B0E0E000000000000000000000000000000004
:20B0B2000000007070D8D88C8C0606030301010000000000000000000000000000000000C2
:20B0D200000000000000000101030306060C0C787838386C6C44444040404046460C0C9836
:20B0F20098B0B098980C0CE6E6303011111B1B0E0E38386C6C444404040404C4C460603303
:20B11200331B1A33336060CECE18181010B0B0E0E038386C6C4444404046464C4C1818B02F
:20B13200B098988C8C0606E0E0303011111B1B0E0E38386C6C44440404C4C4646430301BC2
:20B152001B33326363C0C00E0E18181010B0B0E0E07070D8D8888880808080808006068C53
:20B172008C9898B0B01818ECEC363611111B1B0E0E1C1C36362222020202020202C0C063E2
:20B192006333321B1B30306E6ED8D81010B0B0E0E0E8F1F8152A4F46595013131AF8027774
:20B1B200F8185E7BE601F803227BE602227BE60422792278322A5F2A571A4F131A71237794
:20B1D200F8047EB7280501A0DF180301B5D9F80B792270F8177EF80D223600F8087EF80067
:20B1F20077F8097EF80177F80D7EB7CA1073E5CB46E1CAF372FAB9C0B720073E01F80E961E
:20B212003018F8082A4F2A23472A5F56F8027EF533210800E5CDD9111862F80E7EB728089E
:20B23200F80E7E3D283B1854D1D5F8027ECDC111F80A714EF8047EB7281211B2D9F80A7E67
:20B2520012F8037EB72805F80A7EE047F8057EB7282A21B3D971F8037EB7282079E04818F3
:20B272001BF8057EB72815D1D5F8027ECDC11121B4D971F8037EB7280379E049F8082A5FD0
:20B2920056210800194D44F8037EB7284FFAB9C0B72849F80B3A2B77F80C3A2B77F8047EF8
:20B2B200B72816C5F80B2A5F56D53E01F533F8137EF533CD8A0DE804C1F8057EB72816C5AD
:20B2D200F80B2A5F56D53E01F533F8137EF533CD850DE804C1F8087922701805F8087922BE
:20B2F20070F80B2A5F5621080019E57DF80D77E17CF80C2223342B7ECB3F77C3ED71F806A7
:20B312002A5F56F8002A12137E12E80FC9251205140001FFFC3F0800FFFC15FE000CFBFD00
:20B33200FFFE0009FBFEFF00140002FFFC35FFFC15FE000CFBFDFFFE000CFBFEFF00140090
:20B3520003FFFC35FFFC5D01140000FFFC3F0202FFFC6160600B031815FF01F8692BD90041
:20B3720057034701010514000045FD120045FF0D004E010412010140005065726D616361FA
:20B39200625465616D203A200A43697263E920436865727279204C61632C200A43686C6F2B
:20B3B200E9204465736D6F696E656175782C200041FF00440301140078FFFB0DFFFB00424D
:20B3D200530445FE12004403014701010514000045FD120045FF0D004E01051201014000B8
:20B3F200426F626279204272696D2C200A7361736861206D6174746E65722C200A4D6973A3
:20B41200686120466575696C6C65742C0041FF00440301140078FFFB0DFFFB0042530445D8
:20B43200FE12004403014701010414000045FD120045FF0E004E01051201014000616C70B6
:20B4520068615F726174732C200A6C6F7263612064766C672E200041FF0044030114007862
:20B47200FFFB0DFFFB0042530445FE1200440301140000FFFC3F0200FFFC0000010203042E
:20B4920005060708090A0B0C0D0E0F101112131415161718191A1B1C1D1E1F20212223240A
:20B4B20025262728292A2B2C2D2E2F303132333435363738393A3B3C3D3E3F4041424344EA
:20B4D20045464748494A4B4C4D4E4F505152535455565758595A5B5C5D5E5F6061626364CA
:20B4F20065666768696A6B6C6D6E6F707172737475767778797A7B7C7D7E7F00010203042A
:20B5120005060708090A0B0C0D0E0F101112131415161718191A1B1C1D1E1F202122232489
:20B5320025262728292A2B2C2D2E2F303132333435363738393A3B3C3D3E3F404142434469
:20B55200454646464748494A4B4C4D4E4F5051525354555646464646465758595A5B5C5D06
:20B572005E5F606162636465464646464646666768696A6B6C6D6E6F707172734646464602
:20B59200467475767778797A7B7C7D7E7F9B9B9C9C4646469D9D9E9E9F9FA0A0A1A1A2A2E7
:20B5B200A3A3A4A4A54646A5A6A6A7A7A8A8A9A9AAAAABABACACADADAEAEAFAFB0B0B1B101
:20B5D200B2B2B3B3B4B4B5B5B64646B6B7B7B8B8B946B9BABA4646BBBBBCBCBDBD46BEBE05
:20B5F200BFBF4600000000070207020007070000000000000000070002000700000000073E
:20B612000707040404040000070700000700000000070700070404040404040407000700A6
:20B6320000000707000004000404000404040407070700000000000007000404040404049A
:20B65200040400070007000000070007040404040707040404040200070000000000070076
:20B672000404040C0C0C0C0F0F080A0A0808080F080F080A080C0C0C0C0C080F080A080875
:20B6920008080A0F0F080F0F08080C0F0A0A0A080808080A0A0A0A0F080A0F0F0F080F0F35
:20B6B2000A0A0F0F080F0F0A0A0A0A0A0A0A0A090909090809080809090A0F0A0A0A0A0A2E
:20B6D2000A0A0A0909090909090F0909090A0A0A0A0F0A0A0A0A0A090909090F09080F0915
:20B6F200090A0A0A0A0A0A0A0A0A0A090909090F0909090909020A020A0A0A0A020A070919
:20B712000109010901090109010A020A020A0A0A0008070A010901090109000F020A020F55
:20B73200020A020A020A020A020A010901090009020A0A0A020A020A020A0A020A0A0A022E
:20B752000A0108020A0A020A020A0A0000000000000000000000000000000000000000008C
:20B772000000000000000000000000000000000000000000000000000000000000000000B7
:20B79200000000000000000000000000000000000000000000000000000000000000000097
:20B7B200000000000000000000000000000000000000000000000000000000000000000077
:20B7D200000000000000000000000000000000000000000000000000000000000000000057
:20B7F200000000000000000000000000000000000000000000000000000000000000000037
:20B8120000000008080808080808080808080808080800000808080808080808080808083E
:20B8320008080808080800080808080808080808080808080808080808080800000008001E
:20B8520000000800000008000000080800000008080808080808080808080808080808082E
:20B87200080808000800000008000000080000000800000000080008080808080808000836
:20B892000800000008080000000800080008080808080800080808080808080808080800E6
:20B8B200000008000000080000000800000008000000000000000000000000000000000056
:20B8D200000000000000000000000000000000000000000000000000000000000000000056
:20B8F200000000000000000000000000000000000000000000000000000000000000000036
:20B91200000000000000000000000000000000000000000000000000000000000000000015
:20B932000000000000000000000000000000000000000000000000000000000000000000F5
:20B952000000000000000000000000000000000000000000000000000000000000000000D5
:20B972000000000000000000000000000000000000000000000000000000000000000000B5
:20B99200000000000000000000000000000000000000000000000000000000000000000095
:20B9B200000000000000000000000000000000000000000000000000000000000000000075
:20B9D200000000000000000000000000000000000000000000000000000000000000000055
:20B9F200000000000000000000000000000000000000000000000000000000000000000035
:20BA1200000000000000000000000000000000000000000000000000000000000100000013
:20BA3200020000000300000004000000000500060708090A0B0C0D0E0F1010111213101007
:20BA520014151600001718191A1B1C1D1E1F2021222324252627280000292A2B2C2D2E2F2A
:20BA72003031323334353637380000393A3B3C3D3E3F404142434445464748494A4B4C00AE
:20BA92004D00004E4F0000005000000051000000005200535455565758595A5B5C5D5E5F32
:20BAB20060616263646566000000670000006800000069000000006A0000006B6C6D6E6FFC
:20BAD2001070711072737475767778797A7B7C007D7E7F000102030405060708090A0B0C6E
:20BAF2000D0E00290F101112131415161718191A1B1C1D1E1F2000212223242526272829FC
:20BB12002A2B2C2D2E2F303132333400000035000000360000003700000038390000003AC1
:20BB32003B3C3D3E3F404142434445464748494A4B4C4D004E0000004F00000050000000FA
:20BB520051000000005200535455565758596F5A5B00006F5C5D0000005E005F3B6061626F
:20BB72006364653B666768696A6B6C6D6E6F700000007100000072000000730000007400E9
:20BB92000000000001020304050607080808080808080808080808090A0B0C0D0E0F1011A2
:20BBB20008081213080808080808081415161718191A1B081C1D1E1F2021222324252627B0
:20BBD20028292A2B2C2D2E2F30311832333435363738393A3B3C3D3E3F40184118424344ED
:20BBF2004546474818494A4B4C4D4E4F505152535455565708080858595A5B5C5D5E5F0855
:20BC12006008080808080808080808611862636408656608080808086708080808080868C6
:20BC3200696A6B08086C6D08086E08086F08080808080808080808080870710872737475B7
:20BC520076087778087908087A080808087B7C087D7E7F000108020304050808060808077D
:20BC72000808090A0B0C0D0E0F08101112130814150808161718191A1B1C1D1E1F0820216D
:20BC9200222308242508262728292A2B2C2D2E2F30083132333435363738393A3B3C3D3E0A
:20BCB2003F40414243084445464748494A4B4C4D4E4F505152535455565758595A5B5C5DF8
:20BCD2005E5F606162636465666768696A6B6C6D6E6F707172737475767778797A7B7C7DA2
:20BCF2007E7FBBBCBCBDBDBEBEBFBF0000000000000000000000000000000000000000008E
:20BD1200000000000000000000000000000000000000000000000000000000000000000011
:20BD32000000000000000000000000000000000000000000000000000000000000000000F1
:20BD52000000000000000000000000000000000000000000000000000000000000000000D1
:20BD72000000000000000000000000000000000000000000000000000000000000000000B1
:20BD9200000000000000000000000000000000000000000000000000000000000000000091
:20BDB200000000000000000000000000000000000000000000000000000000000000000071
:20BDD200000000000000000000000000000000000000000000000000000000000000000051
:20BDF200000000000000000000000000000000000000000000000000000000000000000031
:20BE1200000000000000000000000000000000000000000000000000000000000000000010
:20BE32000000000000000000000000000000000000000000000000000000000000000000F0
:20BE52000000000000000000000000000000000000000000000000000000000000000000D0
:20BE72000000000000000000000000000000000000000000000000000000000000000000B0
:20BE9200000000000000000000000000000000000000000000000000000000000000000090
:20BEB200000000000000000000000000000000000000000000000000000000000000000070
:20BED200000000000000000000000000000000000000000000000000000000000000000050
:20BEF200000000000000000000000000000000000000000000000000000000000000000030
:20BF120000000000000000000000000000000000000000000000000000000000000000000F
:20BF32000000000000000000000000000000000000000000000000000000000000000000EF
:20BF52000000000000000000000000000000000000000000000000000000000000000000CF
:20BF72000000000000000000000000000000000000000000000000000000000000000000AF
:20BF920000000000000000000000000000000000000000000000000000000000000000008F
:1BBFB20000000000000000000000000000000000000000000000000000000074
:20C0000000010203040506070108090A0B0C0D0E010F101112131415161718191A1B1C1D6B
:20C020001E1F202122232425262728292A2B2C2D2E2F303132333435363738393A3B3C3D50
:20C040003E3F404142434445464748494A4B4C4D4E4F505152535455565758595A5B5C5D30
:20C060005E5F606162636465666768696A6B6C6D6E6F707172737475767778797A7B7C7D10
:20C080007E7F000102030405060708090A0B0C0D0E0F101112131415161718191A1B1C1DF0
:20C0A0001E1F202122232425262728292A2B2C492D2E2F303132333435363738393A3B3CC4
:20C0C0003D3E3F5D5E404142434445464748494A4B4C4D4E4F50515253544C5556575859DA
:20C0E0005A5B5C5D5D5E5F60616263645D5D65666768696969696A696969696969696969BB
:20C100006B6C6D6E6F707070707070707070707070707071727374756F7070707070707020
:20C120007070707070767778797A7B7C6F7070707070707070707070707D7E7FBABABBBB6D
:20C14000BC4C4C4C4C4C4C4C4C4C4C4C4CBCBDBDBE4C4C55BEBFBFBFBFBFBFBFBFBFBFBFBF
:20C16000BFBFBFBFBFBFBFBF000000000000000000000000000000000000000000000000C7
:20C1800000000000000000000000000000000000000000000000000000000000000000009F
:20C1A00000000000000000000000000000000000000000000000000000000000000000007F
:20C1C00000000000000000000000000000000000000000000000000000000000000000005F
:20C1E00000000000000000000000080808080808080808080808080808080808080808088F
:20C20000080808080808080808080808080808080808080808080800080808080808080826
:20C2200008080808080808080808080000080808080808080808080808080808080808080E
:20C240000808080808080808080808080808080808080808080808080808080808080808DE
:20C260000808080808080808080808080808080808080808080808080808080808080808BE
:20C2800008080808080808080808080808080808080808080808080808080808080808089E
:20C2A0000808080800080008000808080808080808080808080800080008080808000000BE
:20C2C000000000000000000000000000000000080000000000000000000000000000000056
:20C2E00000000000000000000000000000000000000000000000000000000000000000003E
:20C3000000000000000000000000000000000000000000000000000000000000000000001D
:20C320000000000000000000000000000000000000000000000000000000000000000000FD
:20C340000000000000000000000000000000000000000000000000000000000000000000DD
:20C360000000000000000000000000000000000000000000000000000000000000000000BD
:20C3800000000000000000000000000000000000000000000000000000000000000000009D
:20C3A00000000000000000000000000000000000000000000000000000000000000000007D
:20C3C00000000000000000000000000000000000000000000000000000000000000000005D
:20C3E00000000000000000000000000000000000000000000000000000000000000000003D
:20C4000000000000000000000000000000000000000000000000000000000000000000001C
:20C420000000000000000000000000000000000000000000000000000000000000000000FC
:20C440000000000000000000000000000000000000000000000000000000000000000000DC
:20C460000000000000000000000000000000000000000000000000000000000000000000BC
:20C4800000000000000000000000000000000000000000000000000000000000000000009C
:20C4A00000000000000000000000000000000000000000000000000000000000000000007C
:20C4C00000000000000000000000000000000000000000000000000000000000000000005C
:20C4E00000000000000000000000000000000000000000000000000000000000000000003C
:20C5000000000000000000000000000000000000000000000000000000000000000000001B
:20C520000000000000000000000000000000000000000000000000000000000000000000FB
:20C540000000000000000000000000000000000000000000000000000000000000000000DB
:20C560000000000000000000000000000000000000000000000000000000000000000000BB
:20C5800000000000000000000000000000000000000000000000000000000000000000009B
:20C5A000000102030405060708090A0B0C0D0E0F0F0F0F0F101112131415161718191A1BC5
:20C5C0001C1D1E1F202122232425262728292A2B2C2D2E2F303132333435363738393A3BEB
:20C5E0003C3D3E3F404142434445464748494A4B4C4D4E4F505152535455565758595A5BCB
:20C600005C5D5E5F606162636465666768696A6B6C6D6E6F707172737475767778797A7BAA
:20C620007C7D7E7F000102030405060708090A0B0C0D0E0F101112131415161718191A1B8A
:20C640001C1D1E1F202122232425262728292A2B2C2D2E2F303132333435363738393A3B6A
:20C660003C3D3E3F404142434445464748494A4B4C4D4E4F5051525354554D565758595A58
:20C680005B5C5D5E5E5F606162636465665E6768696A6B6B6C6B6D6B6B6B6E6B6B6B6B6FD2
:20C6A0007071727374757575767575757575777575757578797A7B7C747575757D757575C6
:20C6C00075757775757E7FB2B2B3B3B4B4B5B5B5B5B6B6B5B5B5B7B7B7B8B8B9B9BABABB4B
:20C6E0000F0F0FBBBCBCBD0F0F0F0F0F0F0F0F0F0F0F0F0F0F0FBDBEBEBFBF0F0F0F0F0F3A
:20C700000F0F0F0F0F0F0F0F000102030405060708090A0B0C0D0E0F10111213141516178D
:20C7200018191A1B1C1D1E1F202122232425262728292A2B2C2D2E2F303132333435363709
:20C7400038393A3B3C3D3E3F404142434445464748494A4B4C4D4E4F5051525354555657E9
:20C7600058595A5B5C5D5E5F606162636465666768696A6B6C6D6E6F7071727374757677C9
:20C7800078797A7B7C7D7E7F808182838485868788898A8B8C8D8E8F9091929394959697A9
:20C7A00098999A9B9C9D9E9FA0A1A2A3A4A5A6A7A8A9AAABACADAEAFB0B1B2B3B4B5B6B789
:20C7C000B8B9BABBBCBDBEBFC0C1C2C3C4C5C6C7C8C9CACBCCCDCECFD0D1D2D3D4D5D6D769
:20C7E000D8D9DADBDCDDDEDFE0E1E2E3E4E5E6E7E8E9EAEBECEDEEEFF0F1F2F3F4F5F6F749
:20C80000F8F9FAFBFCFDFEFF000102030405060708090A0B0C0D0E0F101112131415161728
:20C8200018191A1B1C1D1E1F202122232425262728292A2B2C2D2E2F303132333435363708
:20C8400038393A3B3C3D3E3F404142434445464748494A4B4C4D4E4F5051525354555657E8
:20C8600058595A5B5C5D5E5F606162636465666700000000000000000000000000000000C0
:20C88000000000000000000000000000000000000000000000000000000000000000000098
:20C8A000000000000000000000000000000000000000000000000000000000000000000078
:20C8C000000000000000000000000000000000000000000000000000000000000000000058
:20C8E0000000000000000000000000000000000000000000080808080808080808080808D8
:20C900000808080808080808080808080808080808080808080808080808080C0808080813
:20C920000808080808080808080808080808080808080808080808080808080808080808F7
:20C9400008080808080C0808080808080808080808080808080808080808080808080808D3
:20C960000808080808080808080808080808080808080808080808080808080808080808B7
:20C980000808080808080808080808080808080808080808080808000800080008000000C7
:20C9A00008000800000000080800080008000800000000080008000000000000000000002F
:20C9C00000000000000008000800080000000000000000000000000000000000000000003F
:20C9E000000000000000000000000000000000000000000000000000000000000000000037
:20CA0000000000000000000000000000000000000000000000000000000000000000000016
:20CA20000000000000000000000000000000000000000000000000000000000000000000F6
:20CA40000000000000000000000000000000000000000000000000000000000000000000D6
:20CA600000000000000000000000000000000000080808080808080808000808080808083E
:20CA80000808080808080808000808000800080808080808080808080808080808080808AE
:20CAA000080008080808080808080808080808080808080008080808080808080808080886
:20CAC000080808080808080008080808080808080808080808080808080808000808080866
:20CAE000080808080808080808080808080808080808080808080808000800080008000856
:20CB000000080008000800080008000800080008000800080008000800000800080008009D
:20CB200008000800080008000800080000080008080808000800080008000800080008006D
:20CB40000000000000000000000000000000000000000000000000000000000000000000D5
:20CB60000000000000000000000000000000000000000000000000000000000000000000B5
:20CB8000000000000000000000000000000000000000000000000000000000000000000095
:20CBA000000000000000000000000000000000000000000000000000000000000000000075
:20CBC000000000000000000000000000000000000000000000000000000000000000000055
:20CBE000000000000000000000000000000000000000000000000000000000000000000035
:20CC0000000000000000000000000000000000000000000000000000000000000000000014
:20CC20000000000000000000000000000000000000000000000000000000000000000000F4
:20CC40000000000000000000000000000000000000000000000000000000000000000000D4
:20CC60000000000000000000000000000000000000000000000000000000000000000000B4
:20CC8000000000000000000000000000000000000000000000000000000000000000000094
:20CCA000000000000000000000000000000000000000000000000000000000000000000074
:20CCC000000000000000000000000000000000000000000000000000000000000000000054
:20CCE000000000000000000000000000000000000000000000000000000000000000000034
:20CD0000000000000000000000000000000000000000000000000000000000000000000013
:20CD20000000000000000000000000000000000000000000000000000000000000000000F3
:20CD40000000000000000000000000000000000000000000000000000000000000000000D3
:20CD60000000000000000000000000000000000000000000000000000000000000000000B3
:20CD8000000000000000000000000000000000000000000000000000000000000000000093
:20CDA000000000000000000000000000000000000000000000000000000000000000000073
:20CDC000000000000000000000000000000000000000000000000000000000000000000053
:20CDE000000000000000000000000000000000000000000000000000000000000000000033
:20CE0000000000000000000000000000000000000000000000000000000000000000000012
:20CE20000000000000000000000000000000000000000000000000000000000000000000F2
:20CE40000000000000000000000000000000000000000000000000000000000000000000D2
:20CE60000000000000000000000000000000000000000000000000000000000000000000B2
:20CE8000000000000000000000000000000000000000000000000000000000000000000092
:20CEA000000000000000000000000000000000000000000000000000000000000000000072
:20CEC000000000000000000000000000000000000000000000000000000000000000000052
:20CEE000000000000000000000000000000000000000000000000000000000000000000032
:20CF0000000000000000000000000000000000000000000000000000000000000000000011
:20CF20000000000000000000000000000000000000000000000000000000000000000000F1
:20CF40000000000000000000000000000000000000000000000000000000000000000000D1
:20CF60000000000000000000000000000000000000000000000000000000000000000000B1
:20CF8000000000000000000000000000000000000000000000000000000000000000000091
:20CFA000000000000000000000000000000000000000000000000000000000000000000071
:20CFC000000000000000000000000000000000000000000000000000000000000000000051
:20CFE000000000000000000000000000000000000000000000000000000000000000000031
:20D00000000000000000000000000000000000000000000000000000000000000000000010
:20D020000000000000000000000000000000000000000000000000000000000000000000F0
:20D040000000000000000000000000000000000000000000000000000000000000000000D0
:20D060000000000000000000000000000000000000000000000000000000000000000000B0
:20D08000000000000000000000000000000000000000000000000000000000000000000090
:20D0A000000000000000000000000000000000000000000000000000000000000000000070
:20D0C000000000000000000000000000000000000000000000000000000000000000000050
:20D0E00000000102030405000000060708090A0B000000000C0D0E0F100000111213141549
:20D1000016171819001A1B001C1D1E1F202122232425262728292A2B2C2D2E2F30313233C8
:20D12000343526363738393A0000003B003C3D003E3F404142434445464748494A4B4C4D3C
:20D140004E4F5051525354545556570058595A5B5C5D5E5F0060610062546364656667688E
:20D16000696A6B6C6D6E6F70717273747554767778797A7B7C7D7E7F0001020304050607D3
:20D180000854090A0B0C0D0E0F101112131415160017180019541A1B1C1D1E1F202122238D
:20D1A0002425262728292A2B2C542D2E2F303132333435363738393A3B3C3D003E3F404130
:20D1C00042434445464748494A4B4C4D4E4F50005152535455565758595A5B5C5D5E5F6080
:20D1E000616263006465666768696A6B6C6D6E6F707172737475767778797A7B7C7D7E7F9F
:20D200009E9F9FA0A0A1A1A2A2A3A3A4A4A5A5A6A6A7A7A8A8A9A9AAAAABABACACADADAE4E
:20D2200026AEAFAFB0B0B1B1B2B2B3B3B4B4B5B5B6B6B7B726B8B8B9B9B9B9B9BABABBBB67
:20D24000BCBCBDBDBEBEBFBF000202020202020202020202020202020202020202020202B4
:20D26000020202020202020202020202020202020200020202020202020202020202020270
:20D28000020202020000020202020202020202020202020202020202000002020202020256
:20D2A00002020202020202020202020202020202020202020202020202020202020202022E
:20D2C00002020202020202020202020202020202020202020202020202020202020202020E
:20D2E0000202020202020202020202020202020202020202020202020202020202020202EE
:20D300000202020202020202020202020202020202020202020202020A08020A0A0A0A029F
:20D32000020A02020A020A0A0A08080A0A08020A0A0A0A020A0A02020A0A0A0A0A08080AF7
:20D340000A08020A0A0A08020A0A020A0A0A0808080808080A08020A0A08080A080A0A0AC5
:20D360000808080808080808080802080A080808080A080A080808080808080808080808AD
:20D3800008080808080808080808080808080808080808080808080808080808080808088D
:20D3A00008080808080808000800080008000800251208140002FFF83AFFF815FDF9FFFE90
:20D3C00000F70AFE00FF0FFBFDFFFDFAFFFE00000AFE00FF0FFBFEFF00140002FFFC35FF02
:20D3E000FC140003FFF83AFFF815FDF9FFFE00FB0AFE00FF0FFBFDFFFDFAFFFE00000AFEE6
:20D4000000FF0FFBFEFF00140003FFFC35FFFC140004FFF83AFFF815FDF9FFFE00F10AFE83
:20D4200000FF0FFBFDFFFDFAFFFE00000AFE00FF0FFBFEFF00140004FFFC35FFFC14000589
:20D44000FFF83AFFF815FDF9FFFE00F10AFE00FF0FFBFDFFFDFAFFFE00000AFE00FF0FFB99
:20D46000FEFF00140005FFFC35FFFC140006FFF83AFFF815FDF9FFFE00FD0AFE00FF0FFB13
:20D48000FDFFFDFAFFFE00000AFE00FF0FFBFEFF00140006FFFC35FFFC140007FFF83AFFFE
:20D4A000F815FDF9FFFE00F80AFE00FF0FFBFDFFFDFAFFFE00000AFE00FF0FFBFEFF001451
:20D4C0000007FFFC35FFFC140008FFF83AFFF815FDF9FFFE00F90AFE00FF0FFBFDFFFDFAD1
:20D4E000FFFE00000AFE00FF0FFBFEFF00140008FFFC35FFFC5D01140000FFFC3F0202FF2B
:20D50000FC61606979021815FF01F8692BD9005703003BAFEA64D9FA5CD9EA5CDAEA5DD9FE
:20D52000F80A2A4F3A2B477E5950F80077215BD996200C2160D97E912005237E90281721F8
:20D540005BD936FF2160D97B2272215ED97B2272F8007EEA5BD933C9215BD936FFAFE021C8
:20D56000AFE01CAFE017AFE0123EC0E0233EC0E0193EC0E0143EFFE025C9F8087EEA64D91F
:20D580004F0F3007AFE0123EC0E014CB492807AFE0173EC0E019CB512803AFE01CCB592845
:20D5A00007AFE0213EC0E0233EFFE02579215CD9B6EA5CDAEA5DD9C90147D9F8087EE6035B
:20D5C0006F26005D54292919094D4459501313F8092A120303032A5F567B02037A02C9F354
:20D5E000F8087ECD5B08FBC9F8087EE024C93BF80D4EF80A2A5F3A2B577EF80077792165AD
:20D60000D996385321B5C036FF2165D971FA5CD94F0F3007AFE0123EC0E014CB492807AF2C
:20D62000E0173EC0E019CB512803AFE01CCB592807AFE0213EC0E0233EFFE025F80C7EEA58
:20D640005CD921B5C036FFAFEAB8C021B6C07B2272F8007EEAB5C033C92515FD0100FE010B
:20D660000001001A0156FF0000FFFF064701010514000045FD120045FF0D004E01051201C7
:20D68000014000546869732063616E2D736861706564200A726F626F742074686174200A72
:20D6A000646F657320697420616C6C0041FF00440701470101051400004000286576656E65
:20D6C000206472696C6C21290A697320726561647920746F20636F6E71756572200A657689
:20D6E00065727920686F757365686F6C64730041FF0044070145FE120044030109579C4710
:20D7000001010614000045FD120045FF0C004E01051201014000436520726F626F7420652E
:20D720006E20666F726D65200A64652063616E6574746520717569200A7361697420746FFE
:20D7400075742066616972650041FF00440701470101061400004000286DEA6D6520646550
:20D76000206C61206472696C6C2129200A657374207072EA7420E0200A636F6E7175E972BA
:20D780006972200A6C657320666F796572730041FF0044070145FE12004403010025120424
:20D7A0005D01140000FFFC3F0202FFFC14000000001815FF01F8692BD900570315FD0100AB
:20D7C000FE010001001A01581A0000FFFF06470301040A000045FD120A45FF0E0A40000164
:20D7E00001030302020153544152450A02015343524F4C4C0041FF004403014802000004EC
:20D8000001010102000201020102010045FE120A44030145FD1200095865470301040A00E0
:20D820000045FD120A45FF0E0A40000101030302020145504945520A02015343524F4C4C90
:20D8400045520041FF00440301480200000401010102000201020102010045FE120A4403A7
:20D860000145FD120015FD0400FE020001001A0158AC0000FFFF0615FF03F8692BD9005746
:20D880000115FE0000FBFDFFFE0000FBFEFF00140000FFFC35FFFC3200FFFC15FF03F869A3
:20D8A0003CD9002703020C2C470958DE15FF03F8692BD900570115FE0009FBFDFFFE00097B
:20D8C000FBFEFF00140000FFFC35FFFC3200FFFC15FF03F8693CD9002703020CD1440025E5
:20D8E00015FD0100FE010001001A0159810000FFFF064701010614000045FD120045FF0C15
:20D90000004E0105120101400022446F6E277420666F6C6C6F77200A7468652068756D6198
:20D920006E732C206D616B65200A736F6D65206E6F69736520616E640A6D616B6520697408
:20D94000206C6F756421220041FF00440701470101061400004000235261747350756E6B26
:20D96000730A234675636B74686543697374656D0041FF0044070145FE1200440301095A4C
:20D98000114701010614000045FD120045FF0C004E01051201014000224E6520737569760B
:20D9A000657A20706173200A6C65732068756D61696E732C200A66616974657320647520B6
:20D9C0006272756974200A6574206661697465732D6C6520666F72742E0041FF00440701EF
:20D9E0004701010614000040002350756E6BC052617473200A234675636B4C65537973742F
:20DA0000E86D650041FF0044070145FE120044030100C5F3F090F5F8067E4FCB3FC600EA71
:20DA200000202640CB412802CBECAF6F16A05F3E0AEA000079EA00401A473E00EA00003EA4
:20DA4000A9EAAA0A3E56EA55053EA0EAAA0A78770600BE280BE5E1E5E10520F61E0018095F
:20DA600013233EC0BA20C81E013EF0EA00403E0AEA0000F1EA0020FBC1C9F80646F8005417
:20DA80005D2198FF39F9D5E50E6811125AF778C11E00D6013813E603F5606933E73B7BB7F4
:20DAA0002806F1D60130F1F5F1E1F9C9F3F090F53E00EA00003E00EA00203EF0EA00403E58
:20DAC000A9EAAA0A3E56EA55053E80EAAA0A3EA9EAAA0A3E56EA55053E30EA0040110000C5
:20DAE000FA0040FEFF280EE5E1E5E11D20F21520EF1E0018021E013E0AEA0000F1EA002056
:20DB0000FBC9F800545D21AAFF39F9D5E50E5611AC5AF7E1E7E1F9C9AF210060773601C95E
:20DB2000F8082A4F46CB21CB10CB7E280FF8062A5F56210800192A666F091804213FC30970
:20DB40004D44F80A7EE603C6085721BBC07EE6F05F7AE60FB37721004077FA00A05F2E00BF
:20DB60007AD60B2017E5FABBC0E1E6F0F60CEABBC0EA0040FA00A00F3002CBC57B02037D09
:20DB800002C9F8082A4F46CB21CB10CB7E280FF8062A5F56210800192A666F091804213F11
:20DBA000C3092A4F46F80A7EE603C6085F21BBC07EE6F0577BE60FB277EA00402100A07108
:20DBC0007BD60BC021BBC07EE6F0F60C77EA0040FA00A0E60E5F78E601B3EA00A0C9F80844
:20DBE0004E21BBC07EE6F0F60C77EA004079B728082100A07EE6BF77C92100A07EF64077D4
:01DC0000C95A
:020000040000FA
:207F18000820000000F8020000F8040000F8060000F8080000F80A00800000000820000083
:207F380000F8020000F80C0000F80E0000F8080000F80A00800000000820000000F8020081
:207F580000F8100000F8120000F8080000F80A00800000000820000000F8020000F8140047
:207F780000F8160000F8080000F80A00800000000820000800F8020800F8040800F806081D
:207F980000F8080800F80A088000000008200C0800F80E0800F8100800F8120800F81408B7
:207FB80000F8160880000000187F347F507F347F187F6C7F187F887FA47F887F00090009EB
:207FD80000090009000900090009000900000A00F0C07FD47FE47F0000FF0100FFFF000A5C
:057FF80021700A9F6EDC
:020000040002F8
:203F20000800010015000000FF0100FFFF00000000000F2000000000000000000000000036
:203F40000000000000000C96410000000BCC7A00000000000000000008001800030000000A
:203F6000FF0100FFFF00000000000F200000000000000000000000000000000000000B32D7
:203F8000730000000BCD790000000000000000000800130022000000FF0100FFFF00000022
:203FA00000000F200000000000000000000000000000000000000C0C410000000B777A007D
:203FC00000000000000000000800120015000000FF0100FFFF00000000000F200000000085
:203FE00000000000000000000000000000000CC7400000000B217B00000000000000000007
:20DC0100C5F8082A5F2A572A4F46C57A8730131F2F577B2F5F13213DD97EB72801353E2D76
:20DC21000203CD355C6069D17A2F577B2F5F1319545DC1C9C52140D9AF3232770610CB23E9
:20DC4100CB127E8F27227E8F27227E8F27322B0520ECC1FA3DD9D605380F280D573E3002A9
:20DC6100031520FB3E05EA3DD9FA3DD9B728023E01571E302140D93AE60F82281192831609
:20DC8100010203FA3DD9B72805FE0530010B7ECB37E60F822811928316010203FA3DD9B722
:20DCA1002805FE0430010B3AE60F822811928316010203FA3DD9B72805FE0330010B7ECB63
:20DCC10037E60F82280F92830203FA3DD9B72805FE0230010B7EE60F830203AF02C9F8099E
:20DCE1002A4F46CB21CB10CB7E280FF8062A5F56210800192A666F091804213FC3094D441D
:20DD0100210400097EF533C5F80B7EF5331E0821A96FCD393BE804C9E8FAF80E4E060069C6
:20DD2100602909290929290185D7094D7CF80371237721FAD54621FBD52A4EC61D5F79CE6F
:20DD41000057C5334B42210100395D54CDA111F80F4E060069602909290929294D44F811E7
:20DD61002A666F094D44F8032A5F56F8107EF533211C00E5CDD911F8032A5F56210900198B
:20DD81004D44F8007EF80577F8012A665F54C5FA10D6F533F8087ECD2A124FF8032A5F564E
:1BDDA100210D00195D54792110D69630092158D60600097E1801AF12E806C9B3
:020000040000FA
:20339600B7C02145D9347EE603772146D99620082146D9347EE603773E412145D9864F3E2E
:2033B600D9CE00477B02C9E8FBFA45D92146D996287BF32146D9347EE60377C6414F3ED99D
:2033D600CE00470AF80077FB7EE6034F060069602929097DC6474F7CCED9F8017123322A89
:2033F600666F2323232A4F4678B12841F8012A23322A23322A5F561A6F131A67B52803292C
:2034160030A7F8002ACB37E60F5F16002A666F23237ED52601E533F8065E2356D5C5F533C3
:203436001E0421A54CCD393BE808C3BF33E805C9FAB5C03C2833FA64D9215CD9B6215DD906
:20345600BE2806EA5CDAEA5DD9CDBB15B7201AFA64D9EA5CDAEA5DD9215BDA3664AFEA5C40
:20347600D9EA65D921B5C036FFFA63D9B7C0FA5BD93CC82162D9347EE603C0F0904F215B89
:20349600D97EE0907EEA0020215FD93AB6282FAFE021AFE01CAFE017AFE0123EC0E0233E46
:2034B600C0E0193EC0E0143EFFE0252A5F56FA5BD9C5CDB305C1AF215ED922771805C5CDA2
:0B34D600220AC179E09021002071C99A
:020000040002F8
:20DDBC00215BD936FF21B5C036FFAF21B6C022773E80E0263EFFE0253E77E024AFE021AFF5
:20DDDC00E01CAFE017AFE0123EC0E0233EC0E0193EC0E0143EFFE025AFEA62D9EA63D9AF0F
:20DDFC00EA5CD9EA64D9AFEA5DD9EA5CDAAFEA65D9C9F8067EB728180E0079D60430220606
:20DE1C000069602929091147D919AF22770C18EA111400D5110000D51147D9D5CDAA3AE8A3
:20DE3C0006F3AFEA46D9EA45D9FBC9FA45D92146D996281DF32146D9347EE60377C6414F7B
:20DE5C003ED9CE00470A4FFB79E6044779E6F0B0C9AFC9EA63D9B7C8AFE021AFE01CAFE0AD
:20DE7C0017AFE0123EC0E0233EC0E0193EC0E0143EFFE025C92515FD0100FE010001001A87
:20DE9C00015EFC0000FFFF064701010514000045FD120045FF0D004E010512010140004315
:20DEBC00616E206E65772074656368730A68656C702075732066756C66696C206F75720AF9
:20DEDC0073656167756C6C206C69766573203F0041FF0044070145FE1200440301095F63A3
:20DEFC004701010614000045FD120045FF0C004E01051201014000506575742D6F6E206D22
:20DF1C0069657578200A72E9757373697220736120766965200A64652067616269616E2082
:20DF3C006772E26365200A61757820746563686E6F6C6F67696573203F0041FF00440701BB
:20DF5C0045FE12004403010008580000F000020010680000F000020010900400F0000600B2
:20DF7C0010F80800F0000A0010F80C00F0000E0010F81000F000120010F81400F00016002D
:20DF9C0010F81800F0001A0010F81C00F0001E0010F82000F000220010F80008F0000208C5
:20DFBC0010F80408F000060810F80808F0000A0810F80C08F0000E0810F81008F0001208CD
:20DFDC0010F81408F000160810F81808F0001A0810F81C08F0001E0810F82008F00022082D
:20DFFC0010F80000F000020080000000645F000000000000000000000000000000000000C8
:20E01C000100E008600A601A600000FF0100FFFF000A0C570ACA5412047C0301BF675B26E7
:20E03C00B510662814003CFFFC0DFFFC004253047C0301576B1B6E1050070414003CFFFC04
:20E05C000DFFFC0042530415FD0200FF010AFB02000015FD0200FE0F0005001A01608300C4
:20E07C0000FFFF060960F31A0060C1000000000615FF03F8692BD900570115FE0000FBFD04
:20E09C00FFFE0000FBFEFF00140000FFFC35FFFC3200FFFC15FF03F8693CD9002703020C3E
:20E0BC00D1440960F315FF03F8692BD900570115FE0012FBFDFFFE0018FBFEFF00140000C1
:20E0DC00FFFC35FFFC3200FFFC15FF03F8693CD9002703020CF54718096035002515FD01DD
:20E0FC0000FE010001001A0161600000FFFF064701010514000045FD120045FF0D004E01CE
:20E11C000512010140004920776F6E646572200A776861742022547261636B7322200A7747
:20E13C00696C6C207361792061626F75742075732E2E2E0041FF0044070145FE1200440320
:20E15C00010961B84701010514000045FD120045FF0D004E010512010140004A65206D6530
:20E17C002064656D616E6465206365200A71756520547261636B7320766F6E740A72616389
:20E19C006F6E74657220737572206E6F75730041FF0044070145FE1200440301000800119A
:20E1BC000002000000FF0100FFFF00000000000F2000000000000000000000000000000014
:20E1DC000000000C51410000000B5F6F00000000000000000008000C0009000000FF01008F
:20E1FC00FFFF00000000000F200000000000000000000000000000000000000C384D000045
:20E21C00000B737800000000000000000008000C000C000000FF0100FFFF00000000000FBF
:20E23C00200000000000000000000000000000000000000C774D0000000BCB780000000084
:20E25C00000000000008000C0008000000FF0100FFFF00000000000F200000000000000059
:20E27C0000000000000000000000000C384D0000000B137700000000000000000008000C48
:20E29C00000B000000FF0100FFFF00000000000F200000000000000000000000000000002A
:20E2BC000000000C774D0000000B6B77000000000000000000080006000E030000FF010066
:20E2DC00FFFF00000000000F200000000000000000000000000000000000000C384D000064
:20E2FC000000000000000000000000000001FAD5FA56D62157D656210300E55FCDE20F0141
:20E31C0046D1FA56D62157D6565F131313210400E5CDE20FFA56D62157D6666F1107001926
:20E33C00014AD10A772156D67EC608227ECE0077C92137C336022138C336032139C33601E1
:20E35C00FA56D6EA3AC3FA57D6EA3BC3FA56D62157D6464F030303110400D51146D1CDE2B2
:20E37C000FFA56D62157D6666F110700197EEA4AD1C92156D67EC6F8227ECEFF77C34D63CC
:20E39C002156D636162336D6C34D632156D636162336D6C92512045D01140000FFFC3F02AC
:20E3BC0002FFFC1815FF01F8692BD90057034703010414000045FF0E004000010103030259
:20E3DC0002014652414E434149530A0201454E474C4953480041FF004403014802000001ED
:20E3FC0001010102000201020102010045FE120044030115FD0100FE000001001A016424A1
:20E41C000000FFFF0109645615FF03F8692BD900570115FE0001FBFDFFFE0001FBFEFF0048
:1BE43C00140000FFFC35FFFC3200FFFC15FF03F8693CD9002703020CA64600A8
:020000040001F9
:20FF5B000A0000000000E0E0F0B0F898FC8CFE06FE02FE0206FE8CFC98F8B0F0E0E0000084
:20FF7B000000000000000000000000007F7F7F407F407F40407F7F7F00000000000000006E
:20FF9B0000000000C0C0E060F030F818FC0CFC04FC3CE02020E020E020E020E020E0E0E056
:20FFBB0000000000E0E0E020E020E020E020E020E020FC3C04FC0CFC18F830F0E0E0C0C0B6
:20FFDB000000000007070704070407040704070407043F3C203F303F181F0C0F0607030308
:02FFFB00000004
:020000040002F8
:20E457000A0000000000707078587C4CFEC6FF03FF01FF0103FFC6FE4C7C5878707000001F
:20E477000000000000000000000000003F3F3F203F203F20203F3F3F00000000000000000D
:20E497000000C0C0E060F030F818FC0CFC04FC3CE02020E020E020E020E020E0E0E0000075
:20E4B700000000000000E0E0E020E020E020E020E020E020FC3C04FC0CFC18F830F060E0D5
:20E4D700C0C00000000007070704070407040704070407043F3C203F303F181F0C0F0707AC
:20E4F70003030810060000F80800800000000810000000F80200800000000810040000F8BB
:20E517000420800000000808002000080220800000000810060800F80808800000000810A0
:20E53700000800F80208800000000810040800F80428800000000808002800080228800088
:20E557000000F964056511651D652965F96435650565416511654D651D65000001010202A0
:20E5770003030405060708090A0B00000C00F05965716581650000FF010000FF00075B7FEC
:20E597000B5764F8082A4F46CB21CB10CB7E280FF8062A5F56210800192A666F0918042134
:20E5B7003FC3094D44F0FF5FE6F7CDCC00C5D5F80E7EF5331E09212A77CD393B33D1C15758
:20E5D7002E0002037D027BC3CC00F8082A4F46CB21CB10CB7E280FF8062A5F562108001943
:20E5F7002A666F091804213FC3094D44F0FF5FE6F7CDCC00C5D5F8103A573A5FD57EF53318
:20E617001E09214377CD393BE803D1C1572E0002037D027BC3CC00F8087EF5331E07218E96
:20E637007ECD393B33C9E8FCF80A2A5F2A572A4F46CB21CB10210800193333E5F80DCB7EB7
:20E65700280CD1D51A6F131A67094D7C1806213FC3094D7CF802712377F80E2A4F46CB2111
:20E67700CB10CB7E280BD1D51A6F131A67094D1805213FC3094D44F811CB7E28042BAF22BF
:20E6970077C5F8142A5F56D5F8142A5F56D5F81A7EF5331E0721BB7ECD393BE8074F0600EB
:20E6B700F8022A666F792270E804C909003F007F3FC040DF5FF050D050F050F050FF00FF68
:20E6D700FF0000FFFF0000000000000000FC00FEFC0302FBFA0F0A0B0A0F0A0F0AF050F0A6
:20E6F70050F050F050F050F050F050F050000000000000000000000000000000000F0A0F0B
:20E717000A0F0A0F0A0F0A0F0A0F0A0F0AD070F050D070F050DF7FC07F7F3F3F00000000A8
:20E737000000000000FFFF00FFFFFFFF000B0E0F0A0B0E0F0AFBFE03FEFEFCFC003F007FB6
:20E757003FC040DF5FF050D050F050F050FF00FFFF0000FFFF0000000000000000FC00FE50
:20E77700FC0302FBFA0F0A0B0A0F0A0F0AF050F050F050F050F050F050F050F0500000002C
:20E79700000000000000000000000000000F0A0F0A0F0A0F0A0F0A0F0A0F0A0F0AD070F06A
:20E7B70050D070F050DF7FC07F7F3F3F000000000000000000FFFF00FFFFFFFF000B0E0FB6
:20E7D7000A0B0E0F0AFBFE03FEFEFCFC00251204140001FFFC3F0800FFFC1815FF01F869DB
:20E7F7002BD9005703140004FFFC364B500CFFFC01000015F975EFC1FBFFFF0015FF00F880
:20E8170075EFC100850040000313120101656820646F20796F75206861766520612063695F
:20E83700670041FF00440200850115FDFFFFF875EFC1000201140005FFFC364B900CFFFCF2
:20E85700140007FFFC364C500CFFFC5D016160788104000810040000F800088000000008F2
:20E8770010020800F80408800000000810000000F802008000000008080020000802208077
:20E897000000000808042000080028800000000808022800080428800000006A687668825D
:20E8B7006882686A6876688E689A68A66800020305030506080002030503050608000009F0
:20E8D70000F0B268C468D4680000FF0100FFFF000BC2710BFE7008007070D8D88888808052
:20E8F700808086860C0C9898B0B098980C0C060600000000000000001C1C3636222202020D
:20E917000202C2C2606033331B1A33336060C0C0000000000000000038386C6C4444404007
:20E93700404046460C0C9898B0B098980C0C0606000000000000000038386C6C44440404E0
:20E957000404C4C4606033331B1A33336060C0C00000000000000000080038386C6C444437
:20E97700404046464C4C1818B0B098988C8C06060000000000000000000038386C6C444428
:20E997000404C4C4646430301B1B33326363C0C0000000000000000000007070D8D8888827
:20E9B70080808080808006068C8C9898B0B018180C0C06060000000000001C1C3636222250
:1AE9D700020202020202C0C0636333321B1B30306060C0C000000000000099
:020000040000FA
:2034E100E8F6F8063E8E2236D9FA23DAF808223601F8087EB7CAA035E5CB46E1CA8D35F873
:20350100062A5F3A2B571A77B7CA8D35E60F3D4F079F4769602929091166D9194D442103DB
:2035210000093333E5D1D51A6F131AB5285EE5F807CB7EE12809FA23DAF809AEEA23DAFAD9
:2035410024DAF809A62045F802792278322A5F561A6F131A67B52803293031F8097EF80440
:20356100223600D1D51A6F131A675D5403030AF8044E0600C52601E533F8054E2346C5D5CC
:20358100F5331E0421A54CCD393BE808F8087ECB3F22CB26F80634C2F2342334C3F234FAAE
:2035A10025DA2123DAA6EA25DAE80AC9E8F901AAD9F8063600F8067ED604CA413659501AB0
:2035C100B7287569602335206F1A77F8065E16006B622929197DC6965F7CCED9F8007323C2
:2035E10077E1E52323235D541AF80222131A77F8033AB628452B2B7EF80477F8017EF80586
:20360100322A5F561A6F131A67B52803293029F8022A5F56E1E523237EC5210000E52600C5
:20362100E533F5F80B2A666FF1E5D5F5331E0421A54CCD393BE808C10303F80634C3B6359B
:03364100E807C9CE
:020000040002F8
:20E9F100F8067EB728170E0079D608D0060069602929091166D919AF22770C18EB1108005C
:20EA1100D5110000D5118ED9D5CDAA3AE806112800D5110000D51166D9D5CDAA3AE806C9BD
:20EA3100F8067EB728170E0079D604C8060069602929091196D919AF22770C18EB110800F7
:20EA5100D5110000D511AAD9D5CDAA3AE806111400D5110000D51196D9D5CDAA3AE806C945
:20EA7100F8064E21BBC07EE6F04779E60FB077210040771E0069CB3D1979E601CB3707E69E
:20EA9100E0470E0078C640477DF533110020D51100A0CDD911C9060078D604D0C5C5331E8C
:20EAB1000B21716ACD393B33C10418ECFABBC04FC51E0B21025BCD393B7BC1B7C8C5F80810
:20EAD1007EF5331E0B217A5ACD393B33C121BBC07E71210040717BC912041A006B290000C7
:20EAF10000000115FF03F8692BD900570115FE0024FBFDFFFE0018FBFEFF00140000FFFCE5
:20EB110035FFFC3200FFFC15FF03F8693CD9002703020CF547096B5B15FF03F8692BD9003B
:20EB3100570115FE0004FBFDFFFE0006FBFEFF00140000FFFC35FFFC3200FFFC15FF03F8E7
:20EB5100693CD9002703020C63460012041A006B9C000000000115FF03F8692BD900570139
:20EB710015FE000AFBFDFFFE0000FBFEFF00140000FFFC35FFFC3200FFFC15FF03F8693C5A
:20EB9100D9002703020CB247096BCE15FF03F8692BD900570115FE000AFBFDFFFE0006FB31
:20EBB100FEFF00140000FFFC35FFFC3200FFFC15FF03F8693CD9002703020CB24700120407
:20EBD1001A006C0F000000000115FF03F8692BD900570115FE0004FBFDFFFE0002FBFEFFB4
:20EBF10000140000FFFC35FFFC3200FFFC15FF03F8693CD9002703020CDD45096C4115FFE7
:20EC110003F8692BD900570115FE0004FBFDFFFE0006FBFEFF00140000FFFC35FFFC3200A8
:20EC3100FFFC15FF03F8693CD9002703020CDD450012041A006C82000000000115FF03F8B3
:20EC5100692BD900570115FE0004FBFDFFFE0006FBFEFF00140000FFFC35FFFC3200FFFC68
:20EC710015FF03F8693CD9002703020C2C47096CB415FF03F8692BD900570115FE0004FB3C
:20EC9100FDFFFE0006FBFEFF00140000FFFC35FFFC3200FFFC15FF03F8693CD90027030246
:20ECB1000C2C470012041A006CF5000000000115FF03F8692BD900570115FE0024FBFDFF30
:20ECD100FE0018FBFEFF00140000FFFC35FFFC3200FFFC15FF03F8693CD9002703020CF5EF
:20ECF10047096D2715FF03F8692BD900570115FE0004FBFDFFFE0006FBFEFF00140000FF2E
:20ED1100FC35FFFC3200FFFC15FF03F8693CD9002703020C20460012041A006D6800000059
:20ED3100000115FF03F8692BD900570115FE0012FBFDFFFE0011FBFEFF00140000FFFC3586
:20ED5100FFFC3200FFFC15FF03F8693CD9002703020CF547096D9A15FF03F8692BD9005796
:20ED71000115FE0009FBFDFFFE0000FBFEFF00140000FFFC35FFFC3200FFFC15FF03F86994
:20ED91003CD9002703020CDD450012041A006DDB000000000115FF03F8692BD90057011591
:20EDB100FE0023FBFDFFFE0018FBFEFF00140000FFFC35FFFC3200FFFC15FF03F8693CD923
:20EDD100002703020C6346096E0D15FF03F8692BD900570115FE0004FBFDFFFE0006FBFEDE
:20EDF100FF00140000FFFC35FFFC3200FFFC15FF03F8693CD9002703020C63460012041AF9
:20EE1100006E4E000000000115FF03F8692BD900570115FE0009FBFDFFFE0008FBFEFF003F
:20EE3100140000FFFC35FFFC3200FFFC15FF03F8693CD9002703020CD144096E8015FF036D
:20EE5100F8692BD900570115FE000AFBFDFFFE0006FBFEFF00140000FFFC35FFFC3200FF64
:20EE7100FC15FF03F8693CD9002703020CD144000800080011000000FF010000FF0000008B
:20EE910000000F200000000000000000000000000000000000000B83650000000B78790043
:20EEB10000000000000000000800020003000000FF0100FFFF00000000000F200000000007
:20EED10000000000000000000000000000000BD6680000000BFB730000000000000000005F
:20EEF100251204140001FFFC3F0800FFFC140002FFFC3F0800FFFC140003FFFC3F0800FFC9
:20EF1100FC140004FFFC3F0800FFFC5D0161605007031815FF01F8692BD9005703470101E1
:20EF31000414000045FD120045FF0E004E01051201014000504F563A2043414D4552410062
:20EF510041FF0044070145FE1200440301001208140001FFF83AFFF8140000FFFC3AFFFCDC
:20EF710015FDFDFFFF0813FDF9FFFE08001301FDFEFFFF0813FDFAFFFE0800130107001A04
:20EF9100016FBA0000FFFF01140000FFFC384E5D0CFFFC140001FFFC364BD00CFFFC554D34
:20EFB100CB0C04538410096FC5140000FFFC384E940CFFFC18096F61001208140001FFF8FA
:20EFD1003AFFF8140000FFFC3AFFFC15FDFDFFFF0813FDF9FFFE08001301FDFEFFFF081360
:20EFF100FDFAFFFE0800130107001A0170250000FFFF01140000FFFC384E5D0CFFFC14002D
:20F0110001FFFC364BD00CFFFC556D280B04538410097030140000FFFC3870850BFFFC18A8
:20F03100096FCC000810000000F80200800000000810040000F8060080000000081000082F
:20F0510000F80208800000000810040800F8060880000000357041704D7041703570597041
:20F0710035700006000600060006000600060006000600000700F06570737083700000FF09
:20F091000100FFFF000BED680B6F690600BF40D926F708FF809F607DC2FC83FEC3576C3F1B
:20F0B100380F181F1019160C0F04070302FB04EF10FD027F80FD02BB47770C7E826E92DEF9
:20F0D1003E9874F808F010E020E020C040FF00F906F708FF009F60FD02FC83FE81D7E87F9F
:20F0F100780F181F1019160C0F0407030206000101070607050F098F8FC7C7CF4EFFBEFF19
:20F11100BFFFFFDF53DF579F9B9F980F0F070700000000C0C0C0C0E0E0EC6CFE32FF07FCD2
:20F131007CC0C0C0C0C0C0000000000000000000000E0E1F1F3F38BFA3FFD7FF5EFFBEFFA0
:20F15100BFFFFFDF53DF579F9F80800000000006000000000000000000C0C0606030301B7A
:20F171001B33326363C0C00000000000000000000000000000000000000000000006068C20
:20F191008C9898B0B018180C0C0606000000000000000000000000000000000000C0C0630B
:20F1B1006333321B1B30306060C0C00000000000000600000000008080C0C0E060E020ECEE
:20F1D100ECFEF2FF67FC7CE0E0E0E0C0C0000000000000000073737B7B7F6EBFA4BFB2DFE8
:20F1F100D3DF50FFB4FFFCFFFCDF5FC747C0C080800000F0F0F070F0F0C0C0E0E0EC6CFED1
:20F2110032FF07FC7CC0C0C0C0E0E0E0A0E060C0C080800600FD029F60BB447F80FD06BA6E
:20F2310047F60DF9076E94DE20F804F808F010E020E020C040BF40DF20FF00FB049B647DFF
:20F2510082FC83FF02576C3F380F181F101D120E0D07040302FB04EF10FD027E81FD06BAF8
:20F2710047760D78866A96DE3E9874F808F010E020E020C040060000000000000000000087
:20F291000006060C0C9898B0B098980C0C0606000000000000000000000000000000000055
:20F2B10000C0C0606033331B1A33336060C0C00000000000000000000000000000000006B6
:20F2D100060C0C1818B0B098988C8C0606000000000000000000000810020800F804088075
:20F2F1000000000810000000F80200800000000810040000F800088000000008080020009F
:20F3110008022080000000E872F47200730C73000001010202030300000101020203030068
:20F33100000400F01873207330730000FF0100FFFF000B24720B9C700810000000F802003F
:20F35100800000000810040000F80008800000000810020800F80408800000004973497362
:20F3710055734973497361730005000500050005000500050005000500000600F06D7379F1
:20F391007389730000FF0100FFFF000B86720B60712512055D01140000FFFC3F0202FFFC29
:20F3B1001815FF01F8692BD90057031400F0FFFB0DFFFB0042530415FF03F8692BD90057DF
:20F3D1000115FE0009FBFDFFFE000AFBFEFF00140000FFFC35FFFC3200FFFC15FF03F86924
:20F3F1003CD9002703020C824300120415FD0300FE090002001A01744E0000FFFF0115FEC7
:20F411000002FBFDFFFE0002FBFEFF00140002FFFC8F04FFFC94FFFC9204FFFC15FE001DFB
:20F43100FBFDFFFE0002FBFEFF00140002FFFC8F04FFFC94FFFC9204FFFC0973FD18097300
:20F45100FD00120415FD0300FE090002001A0174A60000FFFF0115FE0002FBFDFFFE001B11
:20F47100FBFEFF00140004FFFC8F04FFFC94FFFC9204FFFC15FE001EFBFDFFFE0003FBFEA0
:20F49100FF00140004FFFC8F04FFFC94FFFC9204FFFC0974551809745500120415FD0300B4
:20F4B100FE090002001A0174FE0000FFFF0115FE0002FBFDFFFE001BFBFEFF0014000AFF6C
:20F4D100FC8F04FFFC94FFFC9204FFFC15FE001EFBFDFFFE0003FBFEFF0014000AFFFC8FA8
:20F4F10004FFFC94FFFC9204FFFC0974AD180974AD00120415FD0300FE090002001A0175AC
:20F51100560000FFFF0115FE0002FBFDFFFE001BFBFEFF0014000EFFFC8F04FFFC94FFFC2E
:20F531009204FFFC15FE001EFBFDFFFE0003FBFEFF0014000EFFFC8F04FFFC94FFFC920438
:20F55100FFFC0975051809750500120415FD0300FE090002001A0175AE0000FFFF0115FEFD
:20F571000002FBFDFFFE001BFBFEFF00140003FFFC8F04FFFC94FFFC9204FFFC15FE001E7F
:20F59100FBFDFFFE0003FBFEFF00140003FFFC8F04FFFC94FFFC9204FFFC09755D18097539
:20F5B1005D00120415FD0300FE090002001A0176060000FFFF0115FE0002FBFDFFFE001BEE
:20F5D100FBFEFF00140006FFFC8F04FFFC94FFFC9204FFFC15FE001EFBFDFFFE0003FBFE3D
:20F5F100FF00140006FFFC8F04FFFC94FFFC9204FFFC0975B5180975B500120415FD03008F
:20F61100FE090002001A01765E0000FFFF0115FE0002FBFDFFFE001BFBFEFF00140005FFAD
:20F63100FC8F04FFFC94FFFC9204FFFC15FE001EFBFDFFFE0003FBFEFF00140005FFFC8F4B
:20F6510004FFFC94FFFC9204FFFC09760D1809760D00120415FD0300FE090002001A017685
:20F67100B60000FFFF0115FE0002FBFDFFFE001BFBFEFF00140009FFFC8F04FFFC94FFFC72
:20F691009204FFFC15FE001EFBFDFFFE0003FBFEFF00140009FFFC8F04FFFC94FFFC9204DC
:20F6B100FFFC0976651809766500120415FD0300FE090002001A01770E0000FFFF0115FE78
:20F6D1000022FBFDFFFE0015FBFEFF00140002FFFC8F04FFFC94FFFC9204FFFC15FE00041F
:20F6F100FBFDFFFE000BFBFEFF00140002FFFC8F04FFFC94FFFC9204FFFC0976BD1809766F
:20F71100BD00120415FD0300FE090002001A0177660000FFFF0115FE0002FBFDFFFE001BCB
:20F73100FBFEFF00140001FFFC8F04FFFC94FFFC9204FFFC15FE001EFBFDFFFE0003FBFEE0
:20F75100FF00140001FFFC8F04FFFC94FFFC9204FFFC0977151809771500120415FD03006E
:20F77100FE090002001A0177BE0000FFFF0115FE0002FBFDFFFE001BFBFEFF00140002FFEE
:20F79100FC8F04FFFC94FFFC9204FFFC15FE001EFBFDFFFE0003FBFEFF00140002FFFC8FED
:20F7B10004FFFC94FFFC9204FFFC09776D1809776D00120415FD0300FE090002001A017860
:20F7D100160000FFFF0115FE0002FBFDFFFE001BFBFEFF0014000FFFFC8F04FFFC94FFFCAB
:20F7F1009204FFFC15FE001EFBFDFFFE0003FBFEFF0014000FFFFC8F04FFFC94FFFC920475
:20F81100FFFC0977C5180977C500120415FD0300FE090002001A01786E0000FFFF0115FEF3
:20F831000002FBFDFFFE001BFBFEFF00140008FFFC8F04FFFC94FFFC9204FFFC15FE001EB7
:20F85100FBFDFFFE0003FBFEFF00140008FFFC8F04FFFC94FFFC9204FFFC09781D180978AB
:20F871001D00120415FD0300FE090002001A0178C60000FFFF0115FE0002FBFDFFFE001BA9
:20F89100FBFEFF00140002FFFC8F04FFFC94FFFC9204FFFC15FE001EFBFDFFFE0003FBFE7E
:20F8B100FF00140002FFFC8F04FFFC94FFFC9204FFFC0978751809787500120415FD03004A
:20F8D100FE090002001A01791E0000FFFF0115FE0002FBFDFFFE001BFBFEFF00140003FF2A
:20F8F100FC8F04FFFC94FFFC9204FFFC15FE001EFBFDFFFE0003FBFEFF00140003FFFC8F8B
:20F9110004FFFC94FFFC9204FFFC0978CD180978CD001208140001FFF83AFFF8140000FF99
:20F93100FC3AFFFC15FDFDFFFF0813FDF9FFFE08001301FDFEFFFF0813FDFAFFFE0800132B
:20F951000107001A0179730000FFFF01140001FFFC364BD00CFFFC556AE90B045384100979
:20F97100797318097925001208140001FFF83AFFF8140000FFFC3AFFFC15FDFDFFFF081308
:20F99100FDF9FFFE08001301FDFEFFFF0813FDFAFFFE0800130107001A0179C80000FFFFC2
:20F9B10001140001FFFC364BD00CFFFC556B5C0B045304100979C81809797A0012081400AF
:20F9D10002FFF83AFFF8140000FFFC3AFFFC15FDFDFFFF0813FDF9FFFE08001301FDFEFF77
:20F9F100FF0813FDFAFFFE0800130107001A017A1D0000FFFF01140002FFFC364BD00CFFA7
:20FA1100FC556D9B0B04538410097A1D180979CF001208140001FFF83AFFF8140000FFFC17
:20FA31003AFFFC15FDFDFFFF0813FDF9FFFE08001301FDFEFFFF0813FDFAFFFE0800130125
:20FA510007001A017A720000FFFF01140001FFFC364BD00CFFFC556CB50B04530410097AB1
:20FA71007218097A24001208140003FFF83AFFF8140000FFFC3AFFFC15FDFDFFFF0813FD82
:20FA9100F9FFFE08001301FDFEFFFF0813FDFAFFFE0800130107001A017AC70000FFFF01BD
:20FAB100140003FFFC364BD00CFFFC556BCF0B04538410097AC718097A79001208140001B9
:20FAD100FFF83AFFF8140000FFFC3AFFFC15FDFDFFFF0813FDF9FFFE08001301FDFEFFFF79
:20FAF1000813FDFAFFFE0800130107001A017B1C0000FFFF01140001FFFC364BD00CFFFCAA
:20FB1100556E0E0B04538410097B1C18097ACE001208140004FFF83AFFF8140000FFFC3A61
:20FB3100FFFC15FDFDFFFF0813FDF9FFFE08001301FDFEFFFF0813FDFAFFFE080013010757
:20FB5100001A017B710000FFFF01140004FFFC364BD00CFFFC556C420B04538410097B7135
:20FB710018097B23002512045D01607A35021815FF01F8692BD90057031400F0FFFC0DFF14
:20FB9100FC0042530415FF03F8692BD900570115FE0000FBFDFFFE0000FBFEFF00140000D7
:20FBB100FFFC35FFFC3200FFFC15FF03F8693CD9002703020C334200120814000EFFF83A35
:20FBD100FFF8140000FFFC3AFFFC15FDFDFFFF0813FDF9FFFE08001301FDFEFFFF0813FD91
:20FBF100FAFFFE0800130107001A017C110000FFFF0114000EFFFC364BD00CFFFC097C1128
:20FC110018097BCB001208140002FFF83AFFF8140000FFFC3AFFFC15FDFDFFFF0813FDF9B2
:20FC3100FFFE08001301FDFEFFFF0813FDFAFFFE0800130107001A017C5E0000FFFF011467
:20FC51000002FFFC364B500CFFFC097C5E18097C1800120814000DFFF83AFFF8140000FFB0
:20FC7100FC3AFFFC15FDFDFFFF0813FDF9FFFE08001301FDFEFFFF0813FDFAFFFE080013E8
:20FC91000107001A017CAB0000FFFF0114000DFFFC364B900CFFFC097CAB18097C65001292
:20FCB10008140007FFF83AFFF8140000FFFC3AFFFC15FDFDFFFF0813FDF9FFFE080013016D
:20FCD100FDFEFFFF0813FDFAFFFE0800130107001A017CF80000FFFF01140007FFFC364BC3
:20FCF100900CFFFC097CF818097CB2001208140008FFF83AFFF8140000FFFC3AFFFC15FDDC
:20FD1100FDFFFF0813FDF9FFFE08001301FDFEFFFF0813FDFAFFFE0800130107001A017DEA
:20FD3100450000FFFF01140008FFFC364BD00CFFFC097D4518097CFF00120814000CFFF867
:20FD51003AFFF8140000FFFC3AFFFC15FDFDFFFF0813FDF9FFFE08001301FDFEFFFF0813D2
:20FD7100FDFAFFFE0800130107001A017D920000FFFF0114000CFFFC364CD00CFFFC097D38
:20FD91009218097D4C00120814000FFFF83AFFF8140000FFFC3AFFFC15FDFDFFFF0813FD08
:20FDB100F9FFFE08001301FDFEFFFF0813FDFAFFFE0800130107001A017DDF0000FFFF017F
:20FDD10014000FFFFC364B900CFFFC097DDF18097D99001208140006FFF83AFFF8140000D0
:20FDF100FFFC3AFFFC15FDFDFFFF0813FDF9FFFE08001301FDFEFFFF0813FDFAFFFE08007B
:20FE1100130107001A017E2C0000FFFF01140006FFFC364C100CFFFC097E2C18097DE6000D
:20FE31001208140003FFF83AFFF8140000FFFC3AFFFC15FDFDFFFF0813FDF9FFFE080013DE
:20FE510001FDFEFFFF0813FDFAFFFE0800130107001A017E790000FFFF01140003FFFC360C
:20FE71004C100CFFFC097E7918097E33001208140009FFF83AFFF8140000FFFC3AFFFC1584
:20FE9100FDFDFFFF0813FDF9FFFE08001301FDFEFFFF0813FDFAFFFE0800130107001A01E9
:20FEB1007EC60000FFFF01140009FFFC364B500CFFFC097EC618097E80001208140004FF61
:20FED100F83AFFF8140000FFFC3AFFFC15FDFDFFFF0813FDF9FFFE08001301FDFEFFFF086C
:20FEF10013FDFAFFFE0800130107001A017F130000FFFF01140004FFFC364C100CFFFC0966
:20FF11007F1318097ECD001208140011FFF83AFFF8140000FFFC3AFFFC15FDFDFFFF0813FF
:20FF3100FDF9FFFE08001301FDFEFFFF0813FDFAFFFE0800130107001A017F600000FFFF7E
:20FF510001140011FFFC364C100CFFFC097F6018097F1A001208140005FFF83AFFF81400C5
:20FF710000FFFC3AFFFC15FDFDFFFF0813FDF9FFFE08001301FDFEFFFF0813FDFAFFFE08F9
:20FF910000130107001A017FAD0000FFFF01140005FFFC364C900CFFFC097FAD18097F6786
:20FFB100001208140010FFF83AFFF8140000FFFC3AFFFC15FDFDFFFF0813FDF9FFFE080063
:20FFD1001301FDFEFFFF0813FDFAFFFE0800130107001A017FFA0000FFFF01140010FFFC1F
:0EFFF100364C100CFFFC097FFA18097FB40093
:020000040003F7
:20000000120814000AFFF83AFFF8140000FFFC3AFFFC15FDFDFFFF0813FDF9FFFE08001306
:2000200001FDFEFFFF0813FDFAFFFE0800130107001A0140480000FFFF0114000AFFFC36A3
:0D0040004C900CFFFC0940481809400200DC
:20004D00FAB9C0B72823114000D5110000D511A0DFD5CDAA3AE806114000D5110000D511F1
:20006D00B5D9D5CDAA3AE806C921B4D9361B21B2D93E1B223687C9F8064E3E80E20C0640BE
:20008D00F041CB4F20FAAFE20520F5C90810000000F80200800000000810000800F80208C6
:2000AD00800000009940A5400001000100010001000100010001000100000200F0B140B555
:2000CD0040C5400000FF0100FFFF000CFE480CBC480810000000F8020080000000081000C4
:2000ED000800F8020880000000DE40EA400001000100010001000100010001000100000217
:20010D0000F0F640FA400A410000FF0100FFFF000C7A480C38480810000000F8020080003D
:20012D0000000810000800F802088000000023412F41000100010001000100010001000135
:20014D00000100000200F03B413F414F410000FF0100FFFF000CC4490C8A4A081000000004
:20016D00F80200800000000810000800F802088000000068417441000100010001000100F4
:20018D000100010001000100000200F08041844194410000FF0100FFFF000CCC4A0C484A43
:2001AD00FFD0E0FD73FD73D647A428BF67BF675B266628FC53FC532F1F61047F5B7F5B0F4B
:2001CD003FEB10FF5FFF5F32678124DF73DF731B3E0004DF73DF731B3E0004DF73DF731B1D
:2001ED003E0004FFE400BF675B26B5106628576B1B6E105007047F57BC3E6F458018576B3F
:20020D001B6E10500704FF5F3267A93D81247F5B0F3F2D22EB10FD73D6476A3EA428FF5F8A
:20022D003267A93D812414120100000000000C944E0C0B510AFD7C0C14450CAD410BA2730E
:20024D0000000000000000000000000000000000000000000000000000000014000000007D
:20026D00000000000000000000FFE400576B1B6E10500704FC532F1F290E61047F57BC3ECF
:20028D006F458018576B1B6E10500704FF5F3267A93D81247F5B0F3F2D22EB10FD73D647CE
:2002AD006A3EA428FF5F3267A93D8124FFE400BF675B26B5106628FD73D6476A3EA4287FDE
:2002CD0057BC3E6F458018576B1B6E10500704FF5F3267A93D81247F5B0F3F2D22EB10FDCD
:2002ED0073D6476A3EA428FF5F3267A93D8124FFE4007F57BC3E6F458018FD73D6476A3E37
:20030D00A4287F57BC3E6F458018576B1B6E10500704FF5F3267A93D81247F5B0F3F2D2239
:20032D00EB10FD73D6476A3EA428FF5F3267A93D8124FFE400FF5F3267A93D8124FC532F4F
:20034D001F290E61047F57BC3E6F458018576B1B6E10500704FF5F3267A93D81247F5B0F98
:20036D003F2D22EB10FD73D6476A3EA428FF5F3267A93D812414120103000002000C944E4A
:20038D000C9B500AC5780C6F470C9A450B9D5700000004F87F0B616200000000000000001D
:2003AD000000000000000000000014000000000000000000000000001412010000000000F5
:2003CD000B83650CFD500BD0420CF0410CAD410BB063000000000000000000000000000052
:2003ED00000000000000000000000000001400000000000000000000000000FFD0E0576B6B
:20040D00576B1B6E0704BF67BF675B266628FC53FC532F1F61047F5B7F5B0F3FEB10FF5F72
:20042D00FF5F32678124DF73DF731B3E0004DF73DF731B3E0004DF73DF731B3E0004FFD041
:20044D00E0FC53FC532F1F6104BF67BF675B266628FC53FC532F1F61047F5B7F5B0F3FEBC5
:20046D0010FF5FFF5F32678124DF73DF731B3E0004DF73DF731B3E0004DF73DF731B3E0066
:20048D0004FFD0E07F5B7F5B0F3FEB10BF67BF675B266628FC53FC532F1F61047F5B7F5B3F
:2004AD000F3FEB10FF5FFF5F32678124DF73DF731B3E0004DF73DF731B3E0004DF73DF7346
:2004CD001B3E0004146C0111000005000B8B730C27510772590C3F430C8E4409A37C000028
:2004ED00000C7D5009FB59000000000000000000000000D0020000000014000000000000D3
:20050D0000000000000000FFE400BF675B26B5106628FC532F1F290E61047F57BC3E6F4534
:20052D008018576B1B6E10500704FF5F3267A93D81247F5B0F3F2D22EB10FD73D6476A3E37
:20054D00A428FF5F3267A93D8124FFE400FC67AF2BC42D40180004000400040004000400C3
:20056D0004000400040004000400040004000400040004000400040004000400040004002E
:20058D000400040004FF5F3267A93D8124FFD0E0FF5FFF5F32678124FC53FC532F1F6104C6
:2005AD00FC53FC532F1F61047F5B7F5B0F3FEB10FF5FFF5F32678124DF73DF731B3E0004E5
:2005CD00DF73DF731B3E0004DF73DF731B3E0004141201020000020001E67F0CC5500BA8A7
:2005ED004C0C14450CAD410C754F00000002FA7F0B816E00000000000000000000000000FE
:20060D000000000000140000000000000000000000000014120103000003020BD6680C9B9A
:20062D00500B784F0C3F430CAD410A1F730000000C4C510BB9610000000000000000000099
:20064D00000000000000000014000000000000000000000000002824010F000003080B8582
:20066D00700CA9500875750CFC420C4B440BE4670000000C5E51095B790000000000000033
:20068D0000A0000000900000000000140000000000000000000000000014120000000000E3
:2006AD00000B83650C19510B104E0C57450CAD410B767B00000000000000000000000000BD
:2006CD0000000000000000000000000000001400000000000000000000000000201C0100BC
:2006ED00000000000B83650CD35009D5640C14450CAD410C8C500000000000000000000042
:20070D000000000000000060000000500000000000140000000000000000000000000014F4
:20072D0012010A0000030009E87F0CB7500B38440C76420C08440BB0530000000C55510A9C
:20074D00855B00000000000000000000000000000000000014000000000000000000000098
:20076D000000FFE400FC532F1F290E6104FC532F1F290E61047F57BC3E6F458018576B1B1E
:20078D006E10500704FF5F3267A93D81247F5B0F3F2D22EB10FD73D6476A3EA428FF5F32EE
:2007AD0067A93D8124141201010000010001E67F0CEF500A657E0C14450CAD410AF14500D4
:2007CD00000001FD7F0C054E0000000000000000000000000000000000001400000000001C
:2007ED00000000000000000028240104000004000A324B0CE15006457A0CB9420CAD410B02
:20080D00F16E0000000C355108207F0000000000000000A0000000900000000000140000EF
:20082D0000000000000000000000000400181808080B0B0A0A1E1EFCFCFCFCF0F0F0F0F859
:20084D00F8D8D8C8C8D8D8C0C080800000000000000000000000000303030307071F1F3F8C
:20086D003F4F4F4F4F6E6E202001010303040008081818131316163C3CF8F8F8F8F0F0F806
:20088D00F8F8F8C8C8C8C8CCCCC0C000000000000000000000000000000101070707071FEE
:2008AD001F3F3F2F2F6F6F404021210101020204000000F0F008F8E4FC04FCF8F8F808F8DE
:2008CD00F8F868F909FA3AFCFCFCF4FCFCF0F0000000000707080F111F223F3F3F3F3C1FEF
:2008ED001B1B1C0F0C0F0F0F090F091F1F1F1F1C1C04000000F0F008F8E4FC04FCF8F8F8D0
:20090D0008F8F8F868F808F838F8F8F0C0F0C0F0F0F8F800000707080F111F223F3F3F3FAF
:20092D003C1F1B1B1C0F0C0F0F0F0F0F0F3F3F3F3F2020040000FC00FC00FC00FC00FC80DC
:20094D00FCF0FCFCFCFCFCFCFCFCFCFCFCFCFCFCFCFCFCFCFC00FF00FF807F00FF83FFC7A5
:20096D00FF9FFF3FFF7FFFFF7FCF3FEF1FFD1F8DFFF3FFFFFF0400FFFFFFFFDFFF00FF40C2
:20098D00FF60FF60FFE0FFC0FFC0FFC0FF40FFC0FFC0FFF1FF1FFFFFFFF1FFE0FFE0FFE01A
:2009AD00FFE0FF20FF10FF1CFF00FF00FF00FF81FFC1FFA1FF00FF0400FF00FF0000FEF82F
:2009CD00FEFCFCFCFCFEFEFEFEFEFEFEF6FEF6FEEEFCCCF898F878E0E0FF00FF00007F1F30
:2009ED007F3F3F3F3F7F7F7F7F7F7F7F7F7F7F7F7F3F3F1F1F0F0F0707040020FC7CFC24D7
:200A0D00FC74FC3CFC7CFCFCFCFCFCFCFCFCFCFCFCFCFCFCFCFCFC7CFC7CFCFCFFE0FF40E3
:200A2D00FF00FF40FFE0FFE0FF73FF13FF03FF03FF21FF01FF00FF00FF00FF0400FCFCFC11
:200A4D0004FCF4FCF4FCF4FCF4FCF4FCF4FC04FCFCFC0454ACFC0454ACFC04FCFC3F3F3F38
:200A6D00203F2F3F2F3F2F3E2F3F2F3F2F3F203F3F3F202A353F202A353F203F3F0400FF7D
:200A8D0000FF0000FEF8FEFCFCFCFCFEF6FEE2FEF6FEFEFEFEFEEEFCC4F868F8F8E0E0FFEB
:200AAD0000FF00007F1F7F3F3F3F3F7F7F7F7F7F7F7F7F7F7F7F7F3F3E1F1D0F0E07070435
:200ACD0000FCFCFC04FCF4FCB4FC74FCF4FCF4FCF4FC04FCFCFC0454ACFC0454ACFC04FC3D
:200AED00FC3F3F3F203F2F3F2F3F2F3F2F3F2D3F2F3F203F3F3F202A353F202A353F203F87
:200B0D003F0400609FBBC4EFF0F3FCFDFFFFFFFFFFFEFFFCFFF7FCE5FEFFFCFDFEFFFFFF80
:200B2D00FFFFFF00FF05FBC33FF70FF70FFF0FFF0FFF0FEF1FDF3FDF3FFF3FBF7FBF7FFF71
:200B4D007FFF7F00001F1F3F203F203F203F203F203F233F273F23233C1D1E0203010100A7
:200B6D000000000000F8F8FC04FCC4FCE4FC84FC84FC84FC84FC04C43CB87840C0808000A8
:200B8D0000000000001F1F3F203F203F203F203F203F2D3F2D3F20233C1D1E020301010057
:200BAD000000000000F8F8FC04FC04FC04FC04FC04FCB4FCB4FC04C43CB87840C0808000A8
:200BCD0000000000001F1F3F203F233F263F203F213F203F213F21233C1D1E020301010025
:200BED000000000000F8F8FC04FCC4FC64FC64FCC4FC04FC84FC84C43CB87840C080800088
:200C0D0000000000001F1F3F203F213F213F213F213F203F213F21233C1D1E0203010100EA
:200C2D000000000000F8F8FC04FC84FC84FC84FC84FC04FC84FC84C43CB87840C080800087
:200C4D0000000000001F1F3F203F2F3F223F243F2F3F203F203F20233C1D1E02030101008C
:200C6D000000000000F8F8FC04FC04FC04FCF4FC24FC44FCF4FC04C43CB87840C080800007
:200C8D0000000000001F1F3F223F293F243F243F243F293F223F24233C1D1E02030101004A
:200CAD000000000000F8F8FC44FC94FC24FC24FC24FC94FC44FC44C43CB87840C0808000C7
:200CCD0000000000001F1F3F203F263F2F3F2F3F2F3F273F233F21233C1D1E0203010100F2
:200CED000000000000F8F8FC04FC64FCF4FCF4FCF4FCE4FCC4FC84C43CB87840C080800077
:200D0D000000000819000000F8020000F8000800F8020880000000104D00000000000000CC
:200D2D0000000000000000000000000100F0244D264D364D0000FF0100FFFF000C064A0CE8
:200D4D0082490819000000F8020000F8000800F80208800000004F4D000000000000000082
:200D6D00000000000000000000000100F0634D654D754D0000FF0100FFFF000C40490C0EA4
:010D8D004B1A
:020000040000FA
:16059000F040CB772808180AF040CB5F2004110098C911009CC92B
:020000040003F7
:200D8E00F8093AB7C8573A5F3A6E67C515281C444D3E20856F8C9567E5D5F041E60220FA16
:200DAE002A02031D20F4D1E11520E4E5F80E56E1F041E60220FA7A221D20F5C1C912041423
:200DCE000001000015FF03F8692BD900570115FE0011FBFDFFFE0002FBFEFF00140000FF0A
:200DEE00FC35FFFC3200FFFC15FF03F8693CD9002703020CF547000800060011000000FF6D
:200E0E00010000FF00000000000F200000000000000000000000000000000000000B8365A2
:200E2E000000000B227A0000000000000000000810000000F80008800000003D4E000000DA
:200E4E000000000000000000000000000000000100F0494E4B4E5B4E0000FF0100FFFF00BC
:200E6E000CCD4E0C114F0810000000F8002080000000744E0000000000000000000000005F
:1D0E8E000000000000000100F0804E824E924E0000FF0100FFFF000CEF4E00000091
:020000040002F8
:207FD00080000000D07F0000000000000000000000000000000000000100F0D47FD67FE643
:0F7FF0007F0000FF0100FFFF0000000000000005
:20BFCD00F8073A5E01E0FF606850FE40380AD6402516EF18030915158238FA9254677B5DDE
:0DBFED006F191D1D38FB1CCB1A7B1F2FC9BF
:020000040000FA
:203644002116DA7EB7282B35FA17DA4F2118DA46F8027E022117DA34200223342116DA7E3D
:20366400B7C28D042117DA36F62336D92119DA3601C9F8027EEA16DA2117DA36F62336D9F6
:20368400C38D04FAB2C0D604201AAFEAF5D9EA1ADAAFEA16DA2117DA36F62336D9AFEAB2C9
:2036A400C01E00C9FAB3C0B72837FA1ADAB7282CAFEAB3C0FA1ADA3D200521B4C03602FAC0
:2036C4001BDA211CDA666F46211BDA3420022334C533CD7A0433211ADA351805211DDA36D1
:0436E400011E01C9F9
:020000040003F7
:200EAB00AFEAF5D9EA16DA01F6D92117DA792270AFEA19DAEA1ADA211BDA792270AFEA1DB8
:200ECB00DAC9020080800C0C1818F0F0F838FC0CFC84FE86FE82FE06FC0CF8F83030101002
:200EEB00000000000200FF00FF00FF00FF08FF10FF20FF40FF80FF80FF40FF20FF10FF0802
:200F0B00FF00FF00FF0002000101111111111F1F1F183F303F237F637F437F603F3E1B1B05
:080F2B00313103030000000056
:020000040000FA
:2036E800011FDA0AEA24DACD673AEA23DA022124DAAE4F7E2F4779E60F2809FA23DAA0E653
:0E3708000FEA25DAFA23DA2126DA77A077C94C
:020000040003F7
:200F3300110500D5110000D5111EDAD5CDAA3AE806AFEA24DAEA23DAAFEA25DA211EDA36EB
:020F530001C9D2
:020000040000FA
:203716002139DA2A666F2A5F2AE045B7280416001804FA9ED657F041CB4F20FA7BEA43FFA2
:1D3736007AE042F045B7280C11040019547D2139DA2272C92139DA3E272236DAC996
:020000040003F7
:200F5500111200D501634F1127DACDE20FC9000F02000200001F01020200000000041000ED
:200F7500251204140001FFFC3F0800FFFC5D0161606F2F031815FF01F8692BD90057030023
:200F950015FE0500FE0001FE0000008F11FFFD93FFFD9011FFFD020318094F950015FE063C
:200FB50000FE0001FE0000008F11FFFD93FFFD9011FFFD020318094FB20015FE0200FE001D
:200FD50001FE0000008F11FFFD93FFFD9011FFFD020318094FCF0015FE0300FE0001FE00DE
:200FF50000008F11FFFD93FFFD9011FFFD020318094FEC0015FE0400FE0001FE0000008F10
:2010150011FFFD93FFFD9011FFFD0203180950090015FE0700FE0001FE0000008F11FFFD50
:2010350093FFFD9011FFFD0203180950260015FE0800FE0001FE0000008F11FFFD93FFFD90
:201055009011FFFD0203180950430080000000605001000064500000000000000000000040
:08107500000000000000000073
:020000040000FA
:20375300F045D6962033FA9CD6E043FA9ED6E042FA4AFFB7280BF04AD690D0F04A3DE0450A
:20377300C9F04BD607200CFA3CDAB72006F040E6FDE040FAC5DAE045C9F04521C5DA9630C7
:203793001EF04BD6072012FA3CDAB7200CF041CB4F20FAF040E6FDE040FAC5DAE045C9F0AC
:2037B30041CB4F20FAAFE04BF040E6DFE040FA3BDAB72006F040F602E0403E96E045C9F0AC
:2037D30045D6962015F040E6EFE040FA9CD6E043FA9ED6E0423E47E045C9F041CB4F20FAD4
:2037F300F040F610E0403E96E045C921BFC07EE04A7ED690300FFABDC0C607E04BF040F69E
:2038130020E0401809AFE04BF040E6DFE040FA3BDAB72808F040E6FDE0401806F040F602D6
:15383300E040FA2CDAEA27DAFA32DAEA2DDAFA38DAEA33DAC9B2
:020000040001F9
:1BBFE500F3111637CDFB39115337CDFB3911D237CDFB39F040E6EFE040FBC94F
:020000040000FA
:013B730096BB
:10BFEA0000003E3EC1C1CE8ECC84C484F8F8000065
:0D05A60000010000000CC543200F04F26AA4
:020000040001F9
:103FE80015FF08F86920D8FF00F8692DD9000B00E3
:020000040003F7
:20107D000B83650C0C410B1C600C774D0C384D255D011815FF01F8692BD90057030014128A
:20109D0006C1680136760BA0450B7048282405F24B050040024A7A09404B141207E2610700
:2010BD00446A0B00400B6841141207A6720800400A957B0B4852201C05E457058663095552
:2010DD0068095561282408424808465809A045090040141206004005186F0A8D740AF5759A
:2010FD0014120844500496780A2D7A0A5D771412068D5406AF5E0BE0500BD84914120200C1
:18111D00400000000B08470B404B146C06A3710700400702510792486E
:020000040000FA
:0DFFF300AFEA38D9EA39D9AFEABCC0C9C9B4
:020000040003F7
:201135000C96410B32730C0C410CC740250A7FE8046157012700010C51410C384D0C774D21
:1211550009E87F0CC7400C0C410B32730BD6680C0C415A
:020000040000FA
:06BFFA000B83650BD66805
:020000040001F9
:063FF8000C384D0C774D62
:020000040000FA
:037FFD000B83658E
:12384800C5F8042A575EF8083A473A666FCD013AC1C9AC
:20385A00FA3DDA6F5FFA3EDA57CB2517CB2517CB2517CB2517677B856F7C8A677DC693EAE7
:16387A003DDA577CCE5CEA3EDA5FC9F8022AEA3DDA7EEA3EDAC98C
:2005B300626B2AEA5ADA2A5F2A571AEA3FDA0E121140DA2A12130D20FA0E47215CDAAF22AE
:2005D3000D20FC3EF0EA6ADAEA7ADA3E64EA5BDA0E002140DA1152DACDFD052142DACDFD28
:2005F300052144DACDFD052146DA2A81666F8C95672A12137E1213C9474B1EFE78B72807C5
:20061300CB21CB033D20F9FA5CDAA3B1EA5CDAA1C28008C9FA61DA67848426006F092A46AD
:20063300234EC92A4F46CD2706210000FE48D01287C6BE6FCE0C95672A666F37C9C6C02F67
:20065300FE07D867CB3FCB3F3D6F7CE603C604CB35B5C978CB3782C6636FCEDA9567C926AF
:200673000048FA5CDA0D28170D28250D2833CB47C07BEA63DAE0137AEA64DAB4E014C9CB9C
:200693004FC07BEA73DAE0187AEA74DAB4E019C9CB57C07BEA83DAE01D7AEA84DAB4E01E51
:2006B300C9CB5FC0547BCD50062199DAB6E0227AE023C91806181718281849FA5CDACB47C0
:2006D300C02163DA2AE013FA68DAB6E014C9FA5CDACB4FC02173DA2AE018FA78DAB6E01988
:2006F300C9FA5CDACB57C0F025F5E6BBE025AFE01A2FE01A2183DA2AE01DFA88DAB6E01ED5
:20071300F1E025C9FA5CDACB5FC0FA93DAE022FA98DAE023C97E34E5CD2A06E1C55778E65D
:20073300F0CB7A2804CBBACBC7CB3728023D777AFE5A2821D624435F1604CD66067B862320
:20075300565F04CB504A2005CD4306545D61CBBC05CD740658C116011802160078E60FB1CA
:20077300C878E60F87C68D6FCE0795672A666FCB4228012343FA5EDAB7E909093C094B09FF
:200793005A09E108AD07B207020ACC07D107C6095D08930869086F085508C079E024C900BC
:2007B300214EDA3E0FA187865F233E008E676B2A666F5059FA5EDAB7E9C079E025C9C0FA87
:2007D3005CDA05280D05281C05280ECB47C079E011C9CB4FC079E016C9CB5FC0F022CB9F95
:2007F300B1E022C9CB57C079215BDACD06080602C3060A77CB372150DA8623666F8C956739
:20081300F025F5E6BBE025AFE01A2AE0302AE0312AE0322AE0332AE0342AE0352AE0362A97
:20083300E0372AE0382AE0392AE03A2AE03B2AE03C2AE03D2AE03E2AE03F3E80E01AF1E0D9
:2008530025C9C079EA5ADAC94FAFC0215FDAB6200236012371C9C079EA5FDAC9B9C078C617
:20087300FECE0387271F57FA5CDA2FA2C878878780C6126F26FFAF2278FE02C82C36FFC9FC
:20089300C0CB31FA5CDA05281305281D052836CB47C0F012E60FB1E012C3CE06CB4FC0F09F
:2008B30017E60FB1E017C3E106CB57C079FEA0300FFE503007B7280A3E6018063E401802CD
:2008D3003E20E01CC9CB5FC079E021C31707C81604CD660679E6F0CB375FFA5DDAA37E2858
:2008F30007CD4306545D180BCD430679E60F855F8C9357C37206001604CD660656FA5DDA01
:200913003D1802D603FE0330FA87C6256FCE099567E9180918037A180879CB37FE79E60F0F
:2009330082CD4306545DC37206C81600CD66062A815F8E9357C37206C81600CD66062A917A
:200953005F9F8657C3720628551600CD6606E52A5F2A572A666F7CBA381A20067DBB381482
:20097300282A79835F8A93577CBA381E201E7DBB381818187B915F9F8257CB7A200C7ABC37
:20099300380820087BBD38021802545DE17B22723E04856F8C95677ECBBE67C3740616042C
:2009B300CD66063A545DCD43067C121B7D12E1F1A7F5E9C078C6FECE0387271F57FA5CDA3A
:2009D3002FA2C879E60F5779E6F05FCB3378878780C6124FF2E6F0CB37923001AF83FE1000
:2009F30038023E0FCB37E20C0CF2F680E2180428BDB9C07887C6C66FCE069567E978E6F09C
:200A1300CB37C83D875F8783856F8C956717C9FA5EDAB7C2D70B2152DA1167DACD3606F546
:200A3300303F78E60FFE0328087DEA63DA7CEA64DA2148DA2A666FCD100AFA68DACBBF2837
:200A53001DFA5CDACB4720192AE0102AE0112AE0122AEA6BDA2AEA6CDAAFEA6DDA7EEA6837
:200A7300DA1E00CD6D07F1DCCE06FA6BDA4FFA6CDA47B1216DDA1E00C428072154DA117773
:200A9300DACD3606F5303D78E60FFE0328087DEA73DA7CEA74DA2148DA2A666FCD100AFAD5
:200AB30078DACBBF281BFA5CDACB4F2017232AE0162AE0172AEA7BDA2AEA7CDAAFEA7DDA5C
:200AD3007EEA78DA1E01CD6D07F1DCE106FA7BDA4FFA7CDA47B1217DDA1E01C4280721564E
:200AF300DA1187DACD3606F5D2460B78E60FFE0328087DEA83DA7CEA84DA214ADA2A666F0C
:200B1300CD100AFA88DACBBF2826FA5CDACB5720222AE01B2AE01C2AE5215BDABE2803CDAD
:200B33000608E12AEA8BDA2AEA8CDAAFEA8DDA7EEA88DA1E02CD6D07F1DCF406FA8BDA4F20
:200B5300FA8CDA47B1218DDA1E02C428072158DA2A4F46CD2706FE48F5304CEA97DACD5054
:200B730006EA93DA214CDA2A666FCD100AFA98DACBBF2830FA5CDACB5F202C2AE0212AEAA5
:200B93009CDA2AEA9DDAAFEA9EDA7EE63FE020FA93DA577EE680CB37EA99DAB2EA93DA7E05
:200BB300E640F680EA98DA1E03CD6D07F1DC1707FA9CDA4FFA9DDA47B1219EDA1E03C4280F
:200BD30007C37F0CFA5CDACB4720122152DA2A4F46CD270679B728051E00CD6D07FA6BDA38
:200BF3004FFA6CDA47B1216DDA1E00C42807FA5CDACB4F20122154DA2A4F46CD270679B72E
:200C130028051E01CD6D07FA7BDA4FFA7CDA47B1217DDA1E01C42807FA5CDACB572012211F
:200C330056DA2A4F46CD270679B728051E02CD6D07FA8BDA4FFA8CDA47B1218DDA1E02C488
:200C53002807FA5CDACB5F20122158DA2A4F46CD270679B728051E03CD6D07FA9CDA4FFA42
:200C73009DDA47B1219EDA1E03C42807215DDA342334FA5ADA96C022B6280D3D47AF22B6C6
:200C9300281036003D871817FA61DA3CFE4020170600FA3FDA4FFA62DAC602B92001AFEA21
:200CB30062DA4FCDE50578EA61DAC92C009C0006016B01C90123027702C602120356039B05
:200CD30003DA0316044E048304B504E50411053B0563058905AC05CE05ED050A062706424B
:200CF300065B06720689069E06B206C406D606E706F7060607140721072D07390744074F29
:200D130007590762076B0773077B0783078A07900797079D07A207A707AC07B107B607BA55
:1B0D330007BE07C107C407C807CB07CE07D107D407D607D907DB07DD07DF07B4
:20389000F040E610C2DD38C5F8073A473A4F3A5F6EE5AFB32005110010180926006B2929B5
:2038B0002929545DE17D079F6729292929C501009009C1CB5C2806CB642802CBA4F041E692
:2038D0000220FA2A02031B7AB320E8C1C9C5F8053A5F6EE5AFB320051100101809AF676BBB
:2038F00029292929444DE1672929292911008019545DF8073A6E62577D6B5FCD510FC1C9DE
:200D4E00F041E60220FA1AC9F040E6402808180AF040E608200416981802169CF8033A6E68
:200D6E005ACB370767E60383573EE0A4856F62F041E60220FA5EC9C50E6A1803C50E68F8DB
:200D8E00042A878787F680E20C2A878787472A666FF041E60220FA2AE20520F5C1C9C50E63
:200DAE006A1803C50E68F8042A8787472A8087F680E20C2A666FF041E60220FA7DE27CE266
:200DCE00C1C9FE28D05787874F7B92D8C821C6DA6669110400CB3F30037219C8CB3F3005B0
:200DEE0072197219C872197219721972193D20F5C9477B582E0055CB7B28481518452E00CD
:200E0E005518404F879F477B879F577AB7285FAFCB20300183282A87CB2030018387CB2073
:200E2E0030018387CB2030018387CB2030018387CB2030018387CB2030018387CB203001B5
:200E4E00836F79298730011929873001192987300119298730011929873001192987300156
:200E6E001929873001192987300119444DC96F7B505918CF2141FFCB4E20FC12C957F0408B
:200E8E00E6402809180B57F040E608200406981802069C2E1F7AA5577BA548CB37075FE65E
:150EAE000381473EE0A3824FF802F041E60220FA7E02E133E928
:203910007A474B87D0AF914F3E009847C9C5F8042A575EF8093A473A4F3A666FCDDD3AC160
:20393000C9F80656180A1690F040E61028021680C5F8042A5F2A4F2A666FCB337BE60F82FA
:20395000577BE6F05FCB5A2802CBA20610F041E60220FA2A12130520F40D20E9C1C9F80249
:203970002A666FC5444D1100002AB728031318F9CB3ACB1B7BB228132B2B141C18077EF536
:203990000A32F102031D20F61520F3C1F8025E2356C9F090F521B839E521A3DA2A666FFA2C
:1639B000A5DAE090EA0020E9F1E090EA0020C9794B5F784257C9EE
:03004800C3C639F3
:2039C600F5E5C5D521A7DAE52A666FB42815E721A9DA2A666FB4280BE721ABDA2A666FB445
:1B39E600C42000E1D1C1E1F041E60220FAF1D921A7DAC3F00121A7DAC3D00105
:200EC300C5E8F0F8000E10AFEFF8003E89223E0332CD100F0E003E30E2F2F21E04F2473EA3
:200EE30020E2F2F23E10E2F2F23E30E2F2F2F2F2B820071D20E81E00180AF8013E0032CD63
:200F0300100F1E01E810C1C9F8022A666FC57EE6072839F50E00E23E30E206101E082A5792
:200F2300CB3A3E1038023E20E2F2F23E30E2F2F21D20ED0520E63E20E2F2F23E30E211D03F
:0E0F430020F0001B7AB320F9F13D20C7C1C990
:203A0100E5F040E6402809180CE5F040E6082005210098180321009CC5CB33CB037BE60367
:203A210084473EE0A3824FE1D1D5C5F041E60220FA7C0279E6E05F793CE61FB34F1520EBB1
:163A4100C1D11DC8D578E6FC5F3E20814F8891E603B347C518D58E
:200F5100C579CD5F0FC9F8033A6E60477D69CB381F4F3009F041E60220FA2A1213CB38CB14
:200F710019040C30261812F041E60220FA2A1213F041E60220FA2A1213F041E60220FA2A56
:140F91001213F041E60220FA2A12130D20D90520D6E1F1E9E9
:203A5700F5D5167FCD673AB720F81520F7D1F1C93E20E000F000F000E60F5F3E10E000F06C
:203A770000F000F000F000F000F000E60FCB37B32F5F3E30E0007BC957CD673AA228FAC963
:123A9700C5F8042A575EF8083A473A666FCD0A3AC1C952
:013B7400C090
:200FA500FE283802AFC9F587874F21AFDA2A666FFAC6DA472AFE80281C8257020C2A835F99
:200FC500020CFAB1DA8623020CFAB2DA8623020C79FEA038DF79CB3FCB3FD192C9D5F805CC
:200FE5003A6E60477D69CB381F4F30032A1213CB38CB19040C300E18062A12132A12132AA9
:0F10050012132A12130D20F10520EEC1E1F1E9BB
:203AA900E9F8073A573A5FB228242B3AF53A6E67F1CB3ACB1B300122CB3ACB1B30022222F4
:143AC900141C1804222222221D20F91520F6F8022A5F56C912
:013B7500004F
:203ADD00E5F040E6402809180CE5F040E6082005210098180321009CC5CB33CB037BE6038B
:203AFD0084473EE0A3824FE1D1D5C5FAC7DA865FF041E60220FA7B022379E6E05F793CE674
:203B1D001FB34F1520E5C1D11DC8D578E6FC5F3E20814F8891E603B347C518CFF090F57B82
:103B3D00E090EA0020E7E16F7CE090EA00207DC98B
:20101400F04DE680C8F0FFF5AFE0FFE00F3E30E0003E01E04D1000F1E0FFC9F04DE680C02A
:2010340018E34B5FAF4757CD46104B42C94B5FAF4757AF916F9F9067B528320100007B85E5
:201054007A8C3805C9CB18CB192930077B857A8C38F3377C62577D6B5FCB1ACB1B7B857A20
:201074008C300119CB11CB1038EF545DC93718FACD8A10424BC916004B5F1821CD9610427A
:201094004BC906004B5F879F571816CDAC10424BC9CDB510424BC9794B5F879F5779079F47
:2010B400477AA8177AF5873006AF935F9F9257CB782806AF914F9F9047CD46103815F13040
:2010D400086FAF914F9F90477D07D0AF935F9F9257B7C9E1C921B510784257794B5FE906D0
:0710F400005021461018F125
:143B4D00C5F8042A575EF8093A473A4F3A666FCDE63AC1C933
:00000001FF
